date,year,month,month_name,day_of_week,day_of_week_num,is_weekend,quarter,day_of_year,is_monsoon,is_public_holiday,holiday_name,is_holiday_or_weekend,is_carnaval,is_shigmo,is_sao_joao,is_tripurari_pournima,is_major_festival_or_event,rainfall_mm,valid_rain_grid_cells,wave_height_m,valid_wave_3hour_obs,wave_complete_day,wind_speed_10m_mps,population_thousand,domestic_tourists_annual,foreign_tourists_annual,total_tourists_annual,beach_waste_daily_mt,rainfall_lag1,rainfall_lag2,rainfall_3day_sum,is_weekend_lag1,is_weekend_lag2,is_public_holiday_lag1,is_public_holiday_lag2,is_major_festival_or_event_lag1,is_major_festival_or_event_lag2,is_holiday_or_weekend_lag1,is_holiday_or_weekend_lag2,is_carnaval_lag1,is_carnaval_lag2,is_shigmo_lag1,is_shigmo_lag2,is_sao_joao_lag1,is_sao_joao_lag2
01-01-2022,2022,1,January,Saturday,5,1,1,1,0,0,,1,0,0,0,0,0,0,11,0.4055357,8,1,3.03,1571,7018945,169005,7187950,3.731,0,0,0,0,0,0,0,0,0,0,0,0,0,0,0,0,0
02-01-2022,2022,1,January,Sunday,6,1,1,2,0,0,,1,0,0,0,0,0,0,11,0.38696426,8,1,3.02,1571,7018945,169005,7187950,3.769,0,0,0,1,0,0,0,0,0,1,0,0,0,0,0,0,0
03-01-2022,2022,1,January,Monday,0,0,1,3,0,0,,0,0,0,0,0,0,0,11,0.4153571,8,1,3.12,1571,7018945,169005,7187950,3.82,0,0,0,1,1,0,0,0,0,1,1,0,0,0,0,0,0
04-01-2022,2022,1,January,Tuesday,1,0,1,4,0,0,,0,0,0,0,0,0,0,11,0.38892856,8,1,2.75,1571,7018945,169005,7187950,3.645,0,0,0,0,1,0,0,0,0,0,1,0,0,0,0,0,0
05-01-2022,2022,1,January,Wednesday,2,0,1,5,0,0,,0,0,0,0,0,0,0,11,0.39839286,8,1,1.68,1571,7018945,169005,7187950,2.427,0,0,0,0,0,0,0,0,0,0,0,0,0,0,0,0,0
06-01-2022,2022,1,January,Thursday,3,0,1,6,0,0,,0,0,0,0,0,0,0,11,0.42321432,8,1,2.63,1571,7018945,169005,7187950,2.226,0,0,0,0,0,0,0,0,0,0,0,0,0,0,0,0,0
07-01-2022,2022,1,January,Friday,4,0,1,7,0,0,,0,0,0,0,0,0,0,11,0.38428572,8,1,2.29,1571,7018945,169005,7187950,2.629,0,0,0,0,0,0,0,0,0,0,0,0,0,0,0,0,0
08-01-2022,2022,1,January,Saturday,5,1,1,8,0,0,,1,0,0,0,0,0,0,11,0.3914286,8,1,1.98,1571,7018945,169005,7187950,2.863,0,0,0,0,0,0,0,0,0,0,0,0,0,0,0,0,0
09-01-2022,2022,1,January,Sunday,6,1,1,9,0,0,,1,0,0,0,0,0,0,11,0.6742857,8,1,2.52,1571,7018945,169005,7187950,3.262,0,0,0,1,0,0,0,0,0,1,0,0,0,0,0,0,0
10-01-2022,2022,1,January,Monday,0,0,1,10,0,0,,0,0,0,0,0,0,0,11,0.89428574,8,1,4.07,1571,7018945,169005,7187950,2.846,0,0,0,1,1,0,0,0,0,1,1,0,0,0,0,0,0
11-01-2022,2022,1,January,Tuesday,1,0,1,11,0,0,,0,0,0,0,0,0,0.021796999,11,0.7369643,8,1,3.9,1571,7018945,169005,7187950,3.297,0,0,0.021796999,0,1,0,0,0,0,0,1,0,0,0,0,0,0
12-01-2022,2022,1,January,Wednesday,2,0,1,12,0,0,,0,0,0,0,0,0,0,11,0.56464285,8,1,2.88,1571,7018945,169005,7187950,3.525,0.021796999,0,0.021796999,0,0,0,0,0,0,0,0,0,0,0,0,0,0
13-01-2022,2022,1,January,Thursday,3,0,1,13,0,0,,0,0,0,0,0,0,0,11,0.58107144,8,1,2.26,1571,7018945,169005,7187950,3.319,0,0.021796999,0.021796999,0,0,0,0,0,0,0,0,0,0,0,0,0,0
14-01-2022,2022,1,January,Friday,4,0,1,14,0,0,,0,0,0,0,0,0,0,11,0.48517856,8,1,1.88,1571,7018945,169005,7187950,3.738,0,0,0,0,0,0,0,0,0,0,0,0,0,0,0,0,0
15-01-2022,2022,1,January,Saturday,5,1,1,15,0,0,,1,0,0,0,0,0,0,11,0.40553573,8,1,2.42,1571,7018945,169005,7187950,3.826,0,0,0,0,0,0,0,0,0,0,0,0,0,0,0,0,0
16-01-2022,2022,1,January,Sunday,6,1,1,16,0,0,,1,0,0,0,0,0,0,11,0.42357144,8,1,2.41,1571,7018945,169005,7187950,3.239,0,0,0,1,0,0,0,0,0,1,0,0,0,0,0,0,0
17-01-2022,2022,1,January,Monday,0,0,1,17,0,0,,0,0,0,0,0,0,0,11,0.41035712,8,1,2.48,1571,7018945,169005,7187950,3.287,0,0,0,1,1,0,0,0,0,1,1,0,0,0,0,0,0
18-01-2022,2022,1,January,Tuesday,1,0,1,18,0,0,,0,0,0,0,0,0,0.074042685,11,0.44160715,8,1,3.73,1571,7018945,169005,7187950,2.674,0,0,0.074042685,0,1,0,0,0,0,0,1,0,0,0,0,0,0
19-01-2022,2022,1,January,Wednesday,2,0,1,19,0,0,,0,0,0,0,0,0,0,11,0.53232145,8,1,3.53,1571,7018945,169005,7187950,3.261,0.074042685,0,0.074042685,0,0,0,0,0,0,0,0,0,0,0,0,0,0
20-01-2022,2022,1,January,Thursday,3,0,1,20,0,0,,0,0,0,0,0,0,0,11,0.5641072,8,1,3.41,1571,7018945,169005,7187950,3.137,0,0.074042685,0.074042685,0,0,0,0,0,0,0,0,0,0,0,0,0,0
21-01-2022,2022,1,January,Friday,4,0,1,21,0,0,,0,0,0,0,0,0,0,11,0.5433929,8,1,3.56,1571,7018945,169005,7187950,3.005,0,0,0,0,0,0,0,0,0,0,0,0,0,0,0,0,0
22-01-2022,2022,1,January,Saturday,5,1,1,22,0,0,,1,0,0,0,0,0,0,11,0.52410716,8,1,3.03,1571,7018945,169005,7187950,2.913,0,0,0,0,0,0,0,0,0,0,0,0,0,0,0,0,0
23-01-2022,2022,1,January,Sunday,6,1,1,23,0,0,,1,0,0,0,0,0,0,11,1.0246428,8,1,4.13,1571,7018945,169005,7187950,4.077,0,0,0,1,0,0,0,0,0,1,0,0,0,0,0,0,0
24-01-2022,2022,1,January,Monday,0,0,1,24,0,0,,0,0,0,0,0,0,0.44480285,11,1.2010714,8,1,3.39,1571,7018945,169005,7187950,3.574,0,0,0.44480285,1,1,0,0,0,0,1,1,0,0,0,0,0,0
25-01-2022,2022,1,January,Tuesday,1,0,1,25,0,0,,0,0,0,0,0,0,0,11,0.8344643,8,1,2.83,1571,7018945,169005,7187950,3.022,0.44480285,0,0.44480285,0,1,0,0,0,0,0,1,0,0,0,0,0,0
26-01-2022,2022,1,January,Wednesday,2,0,1,26,0,1,Republic Day,1,0,0,0,0,0,0,11,0.61732143,8,1,2.65,1571,7018945,169005,7187950,3.011,0,0.44480285,0.44480285,0,0,0,0,0,0,0,0,0,0,0,0,0,0
27-01-2022,2022,1,January,Thursday,3,0,1,27,0,0,,0,0,0,0,0,0,0,11,0.67553574,8,1,3.28,1571,7018945,169005,7187950,3.354,0,0,0,0,0,1,0,0,0,1,0,0,0,0,0,0,0
28-01-2022,2022,1,January,Friday,4,0,1,28,0,0,,0,0,0,0,0,0,0,11,0.64017856,8,1,4.37,1571,7018945,169005,7187950,3.338,0,0,0,0,0,0,1,0,0,0,1,0,0,0,0,0,0
29-01-2022,2022,1,January,Saturday,5,1,1,29,0,0,,1,0,0,0,0,0,0,11,0.60714287,8,1,4.47,1571,7018945,169005,7187950,3.621,0,0,0,0,0,0,0,0,0,0,0,0,0,0,0,0,0
30-01-2022,2022,1,January,Sunday,6,1,1,30,0,0,,1,0,0,0,0,0,0,11,0.6223214,8,1,3.06,1571,7018945,169005,7187950,3.861,0,0,0,1,0,0,0,0,0,1,0,0,0,0,0,0,0
31-01-2022,2022,1,January,Monday,0,0,1,31,0,0,,0,0,0,0,0,0,0,11,0.67125,8,1,3.46,1571,7018945,169005,7187950,4.758,0,0,0,1,1,0,0,0,0,1,1,0,0,0,0,0,0
01-02-2022,2022,2,February,Tuesday,1,0,1,32,0,0,,0,0,0,0,0,0,0,11,0.6482143,8,1,3.43,1571,7018945,169005,7187950,3.116,0,0,0,0,1,0,0,0,0,0,1,0,0,0,0,0,0
02-02-2022,2022,2,February,Wednesday,2,0,1,33,0,0,,0,0,0,0,0,0,0,11,0.6144643,8,1,3.56,1571,7018945,169005,7187950,2.681,0,0,0,0,0,0,0,0,0,0,0,0,0,0,0,0,0
03-02-2022,2022,2,February,Thursday,3,0,1,34,0,0,,0,0,0,0,0,0,0,11,0.46428573,8,1,3.31,1571,7018945,169005,7187950,2.353,0,0,0,0,0,0,0,0,0,0,0,0,0,0,0,0,0
04-02-2022,2022,2,February,Friday,4,0,1,35,0,0,,0,0,0,0,0,0,0,11,0.37785715,8,1,2.84,1571,7018945,169005,7187950,2.728,0,0,0,0,0,0,0,0,0,0,0,0,0,0,0,0,0
05-02-2022,2022,2,February,Saturday,5,1,1,36,0,0,,1,0,0,0,0,0,0,11,0.53517854,8,1,2.72,1571,7018945,169005,7187950,3.457,0,0,0,0,0,0,0,0,0,0,0,0,0,0,0,0,0
06-02-2022,2022,2,February,Sunday,6,1,1,37,0,0,,1,0,0,0,0,0,0,11,0.53875,8,1,2.85,1571,7018945,169005,7187950,3.255,0,0,0,1,0,0,0,0,0,1,0,0,0,0,0,0,0
07-02-2022,2022,2,February,Monday,0,0,1,38,0,0,,0,0,0,0,0,0,0,11,0.4925,8,1,3.75,1571,7018945,169005,7187950,2.591,0,0,0,1,1,0,0,0,0,1,1,0,0,0,0,0,0
08-02-2022,2022,2,February,Tuesday,1,0,1,39,0,0,,0,0,0,0,0,0,0,11,0.7032143,8,1,4.31,1571,7018945,169005,7187950,2.33,0,0,0,0,1,0,0,0,0,0,1,0,0,0,0,0,0
09-02-2022,2022,2,February,Wednesday,2,0,1,40,0,0,,0,0,0,0,0,0,0,11,0.8892857,8,1,4.82,1571,7018945,169005,7187950,2.829,0,0,0,0,0,0,0,0,0,0,0,0,0,0,0,0,0
10-02-2022,2022,2,February,Thursday,3,0,1,41,0,0,,0,0,0,0,0,0,0,11,0.8125,8,1,4.25,1571,7018945,169005,7187950,3.118,0,0,0,0,0,0,0,0,0,0,0,0,0,0,0,0,0
11-02-2022,2022,2,February,Friday,4,0,1,42,0,0,,0,0,0,0,0,0,0,11,0.6866071,8,1,3.79,1571,7018945,169005,7187950,3.148,0,0,0,0,0,0,0,0,0,0,0,0,0,0,0,0,0
12-02-2022,2022,2,February,Saturday,5,1,1,43,0,0,,1,0,0,0,0,0,0,11,0.60892856,8,1,3.63,1571,7018945,169005,7187950,0.97,0,0,0,0,0,0,0,0,0,0,0,0,0,0,0,0,0
13-02-2022,2022,2,February,Sunday,6,1,1,44,0,0,,1,0,0,0,0,0,0,11,0.59982145,8,1,3.3,1571,7018945,169005,7187950,3.101,0,0,0,1,0,0,0,0,0,1,0,0,0,0,0,0,0
14-02-2022,2022,2,February,Monday,0,0,1,45,0,0,,0,0,0,0,0,0,0,11,0.63285714,8,1,3.9,1571,7018945,169005,7187950,2.952,0,0,0,1,1,0,0,0,0,1,1,0,0,0,0,0,0
15-02-2022,2022,2,February,Tuesday,1,0,1,46,0,0,,0,0,0,0,0,0,0,11,0.7771429,8,1,4.68,1571,7018945,169005,7187950,2.909,0,0,0,0,1,0,0,0,0,0,1,0,0,0,0,0,0
16-02-2022,2022,2,February,Wednesday,2,0,1,47,0,0,,0,0,0,0,0,0,0,11,0.87125,8,1,4.95,1571,7018945,169005,7187950,3.25,0,0,0,0,0,0,0,0,0,0,0,0,0,0,0,0,0
17-02-2022,2022,2,February,Thursday,3,0,1,48,0,0,,0,0,0,0,0,0,0,11,0.7721428,8,1,4.48,1571,7018945,169005,7187950,3.081,0,0,0,0,0,0,0,0,0,0,0,0,0,0,0,0,0
18-02-2022,2022,2,February,Friday,4,0,1,49,0,0,,0,1,0,0,0,1,0,11,0.73375,8,1,4.22,1571,7018945,169005,7187950,3.466,0,0,0,0,0,0,0,0,0,0,0,0,0,0,0,0,0
19-02-2022,2022,2,February,Saturday,5,1,1,50,0,0,,1,1,0,0,0,1,0,11,0.56785715,8,1,3.32,1571,7018945,169005,7187950,3.902,0,0,0,0,0,0,0,1,0,0,0,1,0,0,0,0,0
20-02-2022,2022,2,February,Sunday,6,1,1,51,0,0,,1,1,0,0,0,1,0,11,0.65982145,8,1,2.97,1571,7018945,169005,7187950,4.286,0,0,0,1,0,0,0,1,1,1,0,1,1,0,0,0,0
21-02-2022,2022,2,February,Monday,0,0,1,52,0,0,,0,1,0,0,0,1,0,11,0.60339284,8,1,3.26,1571,7018945,169005,7187950,4.223,0,0,0,1,1,0,0,1,1,1,1,1,1,0,0,0,0
22-02-2022,2022,2,February,Tuesday,1,0,1,53,0,0,,0,0,0,0,0,0,0,11,0.5276786,8,1,3.09,1571,7018945,169005,7187950,2.779,0,0,0,0,1,0,0,1,1,0,1,1,1,0,0,0,0
23-02-2022,2022,2,February,Wednesday,2,0,1,54,0,0,,0,0,0,0,0,0,0,11,0.54071426,8,1,3.43,1571,7018945,169005,7187950,2.476,0,0,0,0,0,0,0,0,1,0,0,0,1,0,0,0,0
24-02-2022,2022,2,February,Thursday,3,0,1,55,0,0,,0,0,0,0,0,0,0,11,0.56357145,8,1,3.11,1571,7018945,169005,7187950,2.368,0,0,0,0,0,0,0,0,0,0,0,0,0,0,0,0,0
25-02-2022,2022,2,February,Friday,4,0,1,56,0,0,,0,0,0,0,0,0,0,11,0.64839286,8,1,2.77,1571,7018945,169005,7187950,2.318,0,0,0,0,0,0,0,0,0,0,0,0,0,0,0,0,0
26-02-2022,2022,2,February,Saturday,5,1,1,57,0,0,,1,0,0,0,0,0,0,11,0.67125,8,1,3.56,1571,7018945,169005,7187950,2.582,0,0,0,0,0,0,0,0,0,0,0,0,0,0,0,0,0
27-02-2022,2022,2,February,Sunday,6,1,1,58,0,0,,1,0,0,0,0,0,0,11,0.5980357,8,1,3.5,1571,7018945,169005,7187950,3.577,0,0,0,1,0,0,0,0,0,1,0,0,0,0,0,0,0
28-02-2022,2022,2,February,Monday,0,0,1,59,0,0,,0,0,0,0,0,0,0,11,0.56875,8,1,3.22,1571,7018945,169005,7187950,2.719,0,0,0,1,1,0,0,0,0,1,1,0,0,0,0,0,0
01-03-2022,2022,3,March,Tuesday,1,0,1,60,0,0,,0,0,0,0,0,0,0,11,0.5617857,8,1,3.02,1571,7018945,169005,7187950,2.667,0,0,0,0,1,0,0,0,0,0,1,0,0,0,0,0,0
02-03-2022,2022,3,March,Wednesday,2,0,1,61,0,0,,0,0,0,0,0,0,0,11,0.51142853,8,1,3.31,1571,7018945,169005,7187950,1.929,0,0,0,0,0,0,0,0,0,0,0,0,0,0,0,0,0
03-03-2022,2022,3,March,Thursday,3,0,1,62,0,0,,0,0,0,0,0,0,0,11,0.55303574,8,1,4.05,1571,7018945,169005,7187950,2.028,0,0,0,0,0,0,0,0,0,0,0,0,0,0,0,0,0
04-03-2022,2022,3,March,Friday,4,0,1,63,0,0,,0,0,0,0,0,0,0,11,0.66714287,8,1,4.01,1571,7018945,169005,7187950,2.261,0,0,0,0,0,0,0,0,0,0,0,0,0,0,0,0,0
05-03-2022,2022,3,March,Saturday,5,1,1,64,0,0,,1,0,0,0,0,0,0,11,0.64089286,8,1,3.55,1571,7018945,169005,7187950,2.695,0,0,0,0,0,0,0,0,0,0,0,0,0,0,0,0,0
06-03-2022,2022,3,March,Sunday,6,1,1,65,0,0,,1,0,0,0,0,0,0,11,0.5580357,8,1,3.54,1571,7018945,169005,7187950,3.023,0,0,0,1,0,0,0,0,0,1,0,0,0,0,0,0,0
07-03-2022,2022,3,March,Monday,0,0,1,66,0,0,,0,0,0,0,0,0,0,11,0.5419643,8,1,3.94,1571,7018945,169005,7187950,2.987,0,0,0,1,1,0,0,0,0,1,1,0,0,0,0,0,0
08-03-2022,2022,3,March,Tuesday,1,0,1,67,0,0,,0,0,0,0,0,0,0,11,0.5919643,8,1,3.3,1571,7018945,169005,7187950,2.471,0,0,0,0,1,0,0,0,0,0,1,0,0,0,0,0,0
09-03-2022,2022,3,March,Wednesday,2,0,1,68,0,0,,0,0,0,0,0,0,0,11,0.53160715,8,1,3.25,1571,7018945,169005,7187950,2.231,0,0,0,0,0,0,0,0,0,0,0,0,0,0,0,0,0
10-03-2022,2022,3,March,Thursday,3,0,1,69,0,0,,0,0,0,0,0,0,0,11,0.47910714,8,1,2.95,1571,7018945,169005,7187950,2.586,0,0,0,0,0,0,0,0,0,0,0,0,0,0,0,0,0
11-03-2022,2022,3,March,Friday,4,0,1,70,0,0,,0,0,0,0,0,0,0,11,0.5319643,8,1,3.22,1571,7018945,169005,7187950,2.398,0,0,0,0,0,0,0,0,0,0,0,0,0,0,0,0,0
12-03-2022,2022,3,March,Saturday,5,1,1,71,0,0,,1,0,0,0,0,0,0,11,0.5426786,8,1,3.71,1571,7018945,169005,7187950,2.093,0,0,0,0,0,0,0,0,0,0,0,0,0,0,0,0,0
13-03-2022,2022,3,March,Sunday,6,1,1,72,0,0,,1,0,0,0,0,0,0,11,0.51875,8,1,3.71,1571,7018945,169005,7187950,2.022,0,0,0,1,0,0,0,0,0,1,0,0,0,0,0,0,0
14-03-2022,2022,3,March,Monday,0,0,1,73,0,0,,0,0,0,0,0,0,0,11,0.47232142,8,1,3.31,1571,7018945,169005,7187950,1.88,0,0,0,1,1,0,0,0,0,1,1,0,0,0,0,0,0
15-03-2022,2022,3,March,Tuesday,1,0,1,74,0,0,,0,0,0,0,0,0,0,11,0.52428573,8,1,2.99,1571,7018945,169005,7187950,2.219,0,0,0,0,1,0,0,0,0,0,1,0,0,0,0,0,0
16-03-2022,2022,3,March,Wednesday,2,0,1,75,0,0,,0,0,0,0,0,0,0,11,0.5417857,8,1,2.71,1571,7018945,169005,7187950,2.325,0,0,0,0,0,0,0,0,0,0,0,0,0,0,0,0,0
17-03-2022,2022,3,March,Thursday,3,0,1,76,0,0,,0,0,0,0,0,0,0,11,0.5139286,8,1,2.81,1571,7018945,169005,7187950,2.582,0,0,0,0,0,0,0,0,0,0,0,0,0,0,0,0,0
18-03-2022,2022,3,March,Friday,4,0,1,77,0,1,Holi,1,0,0,0,0,0,0,11,0.49732143,8,1,2.4,1571,7018945,169005,7187950,2.431,0,0,0,0,0,0,0,0,0,0,0,0,0,0,0,0,0
19-03-2022,2022,3,March,Saturday,5,1,1,78,0,0,,1,0,1,0,0,1,0,11,0.55803573,8,1,2.67,1571,7018945,169005,7187950,2.84,0,0,0,0,0,1,0,0,0,1,0,0,0,0,0,0,0
20-03-2022,2022,3,March,Sunday,6,1,1,79,0,0,,1,0,1,0,0,1,0.653301895,11,0.5075,8,1,2.54,1571,7018945,169005,7187950,3.327,0,0,0.653301895,1,0,0,1,1,0,1,1,0,0,1,0,0,0
21-03-2022,2022,3,March,Monday,0,0,1,80,0,0,,0,0,1,0,0,1,0.502614975,11,0.6223214,8,1,3.03,1571,7018945,169005,7187950,2.906,0.653301895,0,1.15591687,1,1,0,0,1,1,1,1,0,0,1,1,0,0
22-03-2022,2022,3,March,Tuesday,1,0,1,81,0,0,,0,0,1,0,0,1,0,11,0.72089285,8,1,2.73,1571,7018945,169005,7187950,2.994,0.502614975,0.653301895,1.15591687,0,1,0,0,1,1,0,1,0,0,1,1,0,0
23-03-2022,2022,3,March,Wednesday,2,0,1,82,0,0,,0,0,1,0,0,1,0.931257665,11,0.70142853,8,1,2.95,1571,7018945,169005,7187950,2.587,0,0.502614975,1.43387264,0,0,0,0,1,1,0,0,0,0,1,1,0,0
24-03-2022,2022,3,March,Thursday,3,0,1,83,0,0,,0,0,1,0,0,1,3.03011322,11,0.64660716,8,1,2.93,1571,7018945,169005,7187950,2.494,0.931257665,0,3.961370885,0,0,0,0,1,1,0,0,0,0,1,1,0,0
25-03-2022,2022,3,March,Friday,4,0,1,84,0,0,,0,0,1,0,0,1,0,11,0.5369643,8,1,3.17,1571,7018945,169005,7187950,2.462,3.03011322,0.931257665,3.961370885,0,0,0,0,1,1,0,0,0,0,1,1,0,0
26-03-2022,2022,3,March,Saturday,5,1,1,85,0,0,,1,0,1,0,0,1,0.054468069,11,0.50874996,8,1,3.5,1571,7018945,169005,7187950,2.304,0,3.03011322,3.084581289,0,0,0,0,1,1,0,0,0,0,1,1,0,0
27-03-2022,2022,3,March,Sunday,6,1,1,86,0,0,,1,0,1,0,0,1,0.93027854,11,0.5632143,8,1,3.42,1571,7018945,169005,7187950,2.923,0.054468069,0,0.984746609,1,0,0,0,1,1,1,0,0,0,1,1,0,0
28-03-2022,2022,3,March,Monday,0,0,1,87,0,0,,0,0,0,0,0,0,0.021923937,11,0.61232144,8,1,3.82,1571,7018945,169005,7187950,2.47,0.93027854,0.054468069,1.006670546,1,1,0,0,1,1,1,1,0,0,1,1,0,0
29-03-2022,2022,3,March,Tuesday,1,0,1,88,0,0,,0,0,0,0,0,0,0,11,0.58982146,8,1,3.34,1571,7018945,169005,7187950,2.303,0.021923937,0.93027854,0.952202477,0,1,0,0,0,1,0,1,0,0,0,1,0,0
30-03-2022,2022,3,March,Wednesday,2,0,1,89,0,0,,0,0,0,0,0,0,0,11,0.5575,8,1,2.69,1571,7018945,169005,7187950,2.469,0,0.021923937,0.021923937,0,0,0,0,0,0,0,0,0,0,0,0,0,0
31-03-2022,2022,3,March,Thursday,3,0,1,90,0,0,,0,0,0,0,0,0,0,11,0.5403571,8,1,2.77,1571,7018945,169005,7187950,2.57,0,0,0,0,0,0,0,0,0,0,0,0,0,0,0,0,0
01-04-2022,2022,4,April,Friday,4,0,2,91,0,0,,0,0,0,0,0,0,0,11,0.60303575,8,1,3.14,1571,7018945,169005,7187950,2.456,0,0,0,0,0,0,0,0,0,0,0,0,0,0,0,0,0
02-04-2022,2022,4,April,Saturday,5,1,2,92,0,1,Gudi Padava,1,0,0,0,0,0,0,11,0.4960714,8,1,2.96,1571,7018945,169005,7187950,2.512,0,0,0,0,0,0,0,0,0,0,0,0,0,0,0,0,0
03-04-2022,2022,4,April,Sunday,6,1,2,93,0,0,,1,0,0,0,0,0,0,11,0.4744643,8,1,3.42,1571,7018945,169005,7187950,2.362,0,0,0,1,0,1,0,0,0,1,0,0,0,0,0,0,0
04-04-2022,2022,4,April,Monday,0,0,2,94,0,0,,0,0,0,0,0,0,0,11,0.52089286,8,1,2.76,1571,7018945,169005,7187950,2.169,0,0,0,1,1,0,1,0,0,1,1,0,0,0,0,0,0
05-04-2022,2022,4,April,Tuesday,1,0,2,95,0,0,,0,0,0,0,0,0,0.455737621,11,0.5857143,8,1,2.97,1571,7018945,169005,7187950,1.628,0,0,0.455737621,0,1,0,0,0,0,0,1,0,0,0,0,0,0
06-04-2022,2022,4,April,Wednesday,2,0,2,96,0,0,,0,0,0,0,0,0,6.214071751,11,0.6732143,8,1,3.05,1571,7018945,169005,7187950,1.468,0.455737621,0,6.669809371,0,0,0,0,0,0,0,0,0,0,0,0,0,0
07-04-2022,2022,4,April,Thursday,3,0,2,97,0,0,,0,0,0,0,0,0,2.950900316,11,0.6692857,8,1,2.48,1571,7018945,169005,7187950,1.453,6.214071751,0.455737621,9.620709687,0,0,0,0,0,0,0,0,0,0,0,0,0,0
08-04-2022,2022,4,April,Friday,4,0,2,98,0,0,,0,0,0,0,0,0,2.2082479,11,0.6446429,8,1,2.07,1571,7018945,169005,7187950,1.509,2.950900316,6.214071751,11.37321997,0,0,0,0,0,0,0,0,0,0,0,0,0,0
09-04-2022,2022,4,April,Saturday,5,1,2,99,0,0,,1,0,0,0,0,0,4.636276722,11,0.55857146,8,1,2.19,1571,7018945,169005,7187950,1.989,2.2082479,2.950900316,9.795424938,0,0,0,0,0,0,0,0,0,0,0,0,0,0
10-04-2022,2022,4,April,Sunday,6,1,2,100,0,0,,1,0,0,0,0,0,0.012896433,11,0.48053572,8,1,2.76,1571,7018945,169005,7187950,1.943,4.636276722,2.2082479,6.857421055,1,0,0,0,0,0,1,0,0,0,0,0,0,0
11-04-2022,2022,4,April,Monday,0,0,2,101,0,0,,0,0,0,0,0,0,3.076351166,11,0.50125,8,1,2.98,1571,7018945,169005,7187950,1.882,0.012896433,4.636276722,7.72552432,1,1,0,0,0,0,1,1,0,0,0,0,0,0
12-04-2022,2022,4,April,Tuesday,1,0,2,102,0,0,,0,0,0,0,0,0,0,11,0.5073214,8,1,2.51,1571,7018945,169005,7187950,2.383,3.076351166,0.012896433,3.089247598,0,1,0,0,0,0,0,1,0,0,0,0,0,0
13-04-2022,2022,4,April,Wednesday,2,0,2,103,0,0,,0,0,0,0,0,0,0,11,0.5089286,8,1,2.91,1571,7018945,169005,7187950,2.116,0,3.076351166,3.076351166,0,0,0,0,0,0,0,0,0,0,0,0,0,0
14-04-2022,2022,4,April,Thursday,3,0,2,104,0,1,Birth Anniversary of Dr. Babasaheb Ambedkar,1,0,0,0,0,0,0,11,0.5576786,8,1,2.46,1571,7018945,169005,7187950,2.501,0,0,0,0,0,0,0,0,0,0,0,0,0,0,0,0,0
15-04-2022,2022,4,April,Friday,4,0,2,105,0,1,Good Friday,1,0,0,0,0,0,1.60235393,11,0.58607143,8,1,1.7,1571,7018945,169005,7187950,2.131,0,0,1.60235393,0,0,1,0,0,0,1,0,0,0,0,0,0,0
16-04-2022,2022,4,April,Saturday,5,1,2,106,0,0,,1,0,0,0,0,0,0,11,0.54553574,8,1,2.95,1571,7018945,169005,7187950,2.194,1.60235393,0,1.60235393,0,0,1,1,0,0,1,1,0,0,0,0,0,0
17-04-2022,2022,4,April,Sunday,6,1,2,107,0,0,,1,0,0,0,0,0,4.296876431,11,0.5705357,8,1,2.62,1571,7018945,169005,7187950,1.959,0,1.60235393,5.899230361,1,0,0,1,0,0,1,1,0,0,0,0,0,0
18-04-2022,2022,4,April,Monday,0,0,2,108,0,0,,0,0,0,0,0,0,0.035651732,11,0.60839283,8,1,2.93,1571,7018945,169005,7187950,1.948,4.296876431,0,4.332528163,1,1,0,0,0,0,1,1,0,0,0,0,0,0
19-04-2022,2022,4,April,Tuesday,1,0,2,109,0,0,,0,0,0,0,0,0,0,11,0.69285715,8,1,3.96,1571,7018945,169005,7187950,2.279,0.035651732,4.296876431,4.332528163,0,1,0,0,0,0,0,1,0,0,0,0,0,0
20-04-2022,2022,4,April,Wednesday,2,0,2,110,0,0,,0,0,0,0,0,0,0.798690379,11,0.8205357,8,1,3.25,1571,7018945,169005,7187950,1.716,0,0.035651732,0.834342111,0,0,0,0,0,0,0,0,0,0,0,0,0,0
21-04-2022,2022,4,April,Thursday,3,0,2,111,0,0,,0,0,0,0,0,0,0,11,0.75446427,8,1,2.69,1571,7018945,169005,7187950,2.049,0.798690379,0,0.798690379,0,0,0,0,0,0,0,0,0,0,0,0,0,0
22-04-2022,2022,4,April,Friday,4,0,2,112,0,0,,0,0,0,0,0,0,1.775440216,11,0.66303575,8,1,2.18,1571,7018945,169005,7187950,2.143,0,0.798690379,2.574130595,0,0,0,0,0,0,0,0,0,0,0,0,0,0
23-04-2022,2022,4,April,Saturday,5,1,2,113,0,0,,1,0,0,0,0,0,1.573133945,11,0.6158929,8,1,2.7,1571,7018945,169005,7187950,2.075,1.775440216,0,3.348574162,0,0,0,0,0,0,0,0,0,0,0,0,0,0
24-04-2022,2022,4,April,Sunday,6,1,2,114,0,0,,1,0,0,0,0,0,3.540196896,11,0.5476786,8,1,1.84,1571,7018945,169005,7187950,1.801,1.573133945,1.775440216,6.888771057,1,0,0,0,0,0,1,0,0,0,0,0,0,0
25-04-2022,2022,4,April,Monday,0,0,2,115,0,0,,0,0,0,0,0,0,0,11,0.5794643,8,1,3.13,1571,7018945,169005,7187950,1.985,3.540196896,1.573133945,5.113330841,1,1,0,0,0,0,1,1,0,0,0,0,0,0
26-04-2022,2022,4,April,Tuesday,1,0,2,116,0,0,,0,0,0,0,0,0,8.751023293,11,0.57678574,8,1,2.83,1571,7018945,169005,7187950,2.687,0,3.540196896,12.29122019,0,1,0,0,0,0,0,1,0,0,0,0,0,0
27-04-2022,2022,4,April,Wednesday,2,0,2,117,0,0,,0,0,0,0,0,0,0,11,0.6575,8,1,3.01,1571,7018945,169005,7187950,2.062,8.751023293,0,8.751023293,0,0,0,0,0,0,0,0,0,0,0,0,0,0
28-04-2022,2022,4,April,Thursday,3,0,2,118,0,0,,0,0,0,0,0,0,2.409337997,11,0.74535716,8,1,2.11,1571,7018945,169005,7187950,2.103,0,8.751023293,11.16036129,0,0,0,0,0,0,0,0,0,0,0,0,0,0
29-04-2022,2022,4,April,Friday,4,0,2,119,0,0,,0,0,0,0,0,0,6.077347279,11,0.6996429,8,1,2.62,1571,7018945,169005,7187950,2.642,2.409337997,0,8.486685276,0,0,0,0,0,0,0,0,0,0,0,0,0,0
30-04-2022,2022,4,April,Saturday,5,1,2,120,0,0,,1,0,0,0,0,0,0,11,0.7517857,8,1,2.64,1571,7018945,169005,7187950,2.495,6.077347279,2.409337997,8.486685276,0,0,0,0,0,0,0,0,0,0,0,0,0,0
01-05-2022,2022,5,May,Sunday,6,1,2,121,0,0,,1,0,0,0,0,0,0,11,0.75696427,8,1,3.67,1571,7018945,169005,7187950,2.038,0,6.077347279,6.077347279,1,0,0,0,0,0,1,0,0,0,0,0,0,0
02-05-2022,2022,5,May,Monday,0,0,2,122,0,0,,0,0,0,0,0,0,0,11,0.6882143,8,1,3.65,1571,7018945,169005,7187950,2.072,0,0,0,1,1,0,0,0,0,1,1,0,0,0,0,0,0
03-05-2022,2022,5,May,Tuesday,1,0,2,123,0,1,Id-Ul-Fitr,1,0,0,0,0,0,0,11,0.7707143,8,1,4.27,1571,7018945,169005,7187950,2.207,0,0,0,0,1,0,0,0,0,0,1,0,0,0,0,0,0
04-05-2022,2022,5,May,Wednesday,2,0,2,124,0,0,,0,0,0,0,0,0,0,11,0.85321426,8,1,4.23,1571,7018945,169005,7187950,2.647,0,0,0,0,0,1,0,0,0,1,0,0,0,0,0,0,0
05-05-2022,2022,5,May,Thursday,3,0,2,125,0,0,,0,0,0,0,0,0,0,11,0.9610715,8,1,4.05,1571,7018945,169005,7187950,2.633,0,0,0,0,0,0,1,0,0,0,1,0,0,0,0,0,0
06-05-2022,2022,5,May,Friday,4,0,2,126,0,0,,0,0,0,0,0,0,0.055673264,11,0.8764286,8,1,3.86,1571,7018945,169005,7187950,2.44,0,0,0.055673264,0,0,0,0,0,0,0,0,0,0,0,0,0,0
07-05-2022,2022,5,May,Saturday,5,1,2,127,0,0,,1,0,0,0,0,0,0,11,0.91714287,8,1,4.79,1571,7018945,169005,7187950,2.996,0.055673264,0,0.055673264,0,0,0,0,0,0,0,0,0,0,0,0,0,0
08-05-2022,2022,5,May,Sunday,6,1,2,128,0,0,,1,0,0,0,0,0,0,11,1.0194644,8,1,4.37,1571,7018945,169005,7187950,2.282,0,0.055673264,0.055673264,1,0,0,0,0,0,1,0,0,0,0,0,0,0
09-05-2022,2022,5,May,Monday,0,0,2,129,0,0,,0,0,0,0,0,0,0,11,1.1092857,8,1,5.73,1571,7018945,169005,7187950,1.996,0,0,0,1,1,0,0,0,0,1,1,0,0,0,0,0,0
10-05-2022,2022,5,May,Tuesday,1,0,2,130,0,0,,0,0,0,0,0,0,0,11,1.3087499,8,1,6.5,1571,7018945,169005,7187950,1.784,0,0,0,0,1,0,0,0,0,0,1,0,0,0,0,0,0
11-05-2022,2022,5,May,Wednesday,2,0,2,131,0,0,,0,0,0,0,0,0,0,11,1.2525,8,1,5.56,1571,7018945,169005,7187950,1.832,0,0,0,0,0,0,0,0,0,0,0,0,0,0,0,0,0
12-05-2022,2022,5,May,Thursday,3,0,2,132,0,0,,0,0,0,0,0,0,7.350662708,11,1.2248214,8,1,5.86,1571,7018945,169005,7187950,1.559,0,0,7.350662708,0,0,0,0,0,0,0,0,0,0,0,0,0,0
13-05-2022,2022,5,May,Friday,4,0,2,133,0,0,,0,0,0,0,0,0,1.760828733,11,1.0766071,8,1,4.05,1571,7018945,169005,7187950,1.992,7.350662708,0,9.111491442,0,0,0,0,0,0,0,0,0,0,0,0,0,0
14-05-2022,2022,5,May,Saturday,5,1,2,134,0,0,,1,0,0,0,0,0,0,11,0.98517853,8,1,4.1,1571,7018945,169005,7187950,2.102,1.760828733,7.350662708,9.111491442,0,0,0,0,0,0,0,0,0,0,0,0,0,0
15-05-2022,2022,5,May,Sunday,6,1,2,135,0,0,,1,0,0,0,0,0,0.020721363,11,1.1358929,8,1,4.79,1571,7018945,169005,7187950,1.847,0,1.760828733,1.781550096,1,0,0,0,0,0,1,0,0,0,0,0,0,0
16-05-2022,2022,5,May,Monday,0,0,2,136,0,0,,0,0,0,0,0,0,0.11777249,11,1.3305358,8,1,5.51,1571,7018945,169005,7187950,1.725,0.020721363,0,0.138493853,1,1,0,0,0,0,1,1,0,0,0,0,0,0
17-05-2022,2022,5,May,Tuesday,1,0,2,137,0,0,,0,0,0,0,0,0,1.412360668,11,1.3426785,8,1,5.63,1571,7018945,169005,7187950,1.971,0.11777249,0.020721363,1.550854521,0,1,0,0,0,0,0,1,0,0,0,0,0,0
18-05-2022,2022,5,May,Wednesday,2,0,2,138,0,0,,0,0,0,0,0,0,8.160520554,11,1.3046428,8,1,4.1,1571,7018945,169005,7187950,2.255,1.412360668,0.11777249,9.690653712,0,0,0,0,0,0,0,0,0,0,0,0,0,0
19-05-2022,2022,5,May,Thursday,3,0,2,139,0,0,,0,0,0,0,0,0,1.090172529,11,1.4333928,8,1,5.28,1571,7018945,169005,7187950,3.046,8.160520554,1.412360668,10.66305375,0,0,0,0,0,0,0,0,0,0,0,0,0,0
20-05-2022,2022,5,May,Friday,4,0,2,140,0,0,,0,0,0,0,0,0,53.5081749,11,1.3098215,8,1,3.66,1571,7018945,169005,7187950,3.364,1.090172529,8.160520554,62.75886798,0,0,0,0,0,0,0,0,0,0,0,0,0,0
21-05-2022,2022,5,May,Saturday,5,1,2,141,0,0,,1,0,0,0,0,0,14.39811134,11,1.19125,8,1,2.99,1571,7018945,169005,7187950,3.383,53.5081749,1.090172529,68.99645877,0,0,0,0,0,0,0,0,0,0,0,0,0,0
22-05-2022,2022,5,May,Sunday,6,1,2,142,0,0,,1,0,0,0,0,0,7.181118488,11,1.1533929,8,1,4.16,1571,7018945,169005,7187950,2.389,14.39811134,53.5081749,75.08740473,1,0,0,0,0,0,1,0,0,0,0,0,0,0
23-05-2022,2022,5,May,Monday,0,0,2,143,0,0,,0,0,0,0,0,0,8.717810631,11,1.2928572,8,1,3.73,1571,7018945,169005,7187950,1.618,7.181118488,14.39811134,30.29704046,1,1,0,0,0,0,1,1,0,0,0,0,0,0
24-05-2022,2022,5,May,Tuesday,1,0,2,144,0,0,,0,0,0,0,0,0,0.326383501,11,1.4301785,8,1,3.58,1571,7018945,169005,7187950,1.958,8.717810631,7.181118488,16.22531262,0,1,0,0,0,0,0,1,0,0,0,0,0,0
25-05-2022,2022,5,May,Wednesday,2,0,2,145,0,0,,0,0,0,0,0,0,0,11,1.3108928,8,1,4.42,1571,7018945,169005,7187950,1.802,0.326383501,8.717810631,9.044194132,0,0,0,0,0,0,0,0,0,0,0,0,0,0
26-05-2022,2022,5,May,Thursday,3,0,2,146,0,0,,0,0,0,0,0,0,0,11,1.2133929,8,1,4.41,1571,7018945,169005,7187950,1.832,0,0.326383501,0.326383501,0,0,0,0,0,0,0,0,0,0,0,0,0,0
27-05-2022,2022,5,May,Friday,4,0,2,147,0,0,,0,0,0,0,0,0,0.477735251,11,1.1183928,8,1,3.98,1571,7018945,169005,7187950,1.782,0,0,0.477735251,0,0,0,0,0,0,0,0,0,0,0,0,0,0
28-05-2022,2022,5,May,Saturday,5,1,2,148,0,0,,1,0,0,0,0,0,2.032634974,11,1.0189286,8,1,3.81,1571,7018945,169005,7187950,1.994,0.477735251,0,2.510370225,0,0,0,0,0,0,0,0,0,0,0,0,0,0
29-05-2022,2022,5,May,Sunday,6,1,2,149,0,0,,1,0,0,0,0,0,0.362764388,11,0.98589283,8,1,3.87,1571,7018945,169005,7187950,2.596,2.032634974,0.477735251,2.873134613,1,0,0,0,0,0,1,0,0,0,0,0,0,0
30-05-2022,2022,5,May,Monday,0,0,2,150,0,0,,0,0,0,0,0,0,0.091180809,11,0.99321425,8,1,4.33,1571,7018945,169005,7187950,2.376,0.362764388,2.032634974,2.486580171,1,1,0,0,0,0,1,1,0,0,0,0,0,0
31-05-2022,2022,5,May,Tuesday,1,0,2,151,0,0,,0,0,0,0,0,0,0.041879151,11,1.0241071,8,1,4.48,1571,7018945,169005,7187950,2.135,0.091180809,0.362764388,0.495824348,0,1,0,0,0,0,0,1,0,0,0,0,0,0
01-06-2022,2022,6,June,Wednesday,2,0,2,152,1,0,,0,0,0,0,0,0,1.59104073,11,1.2335714,8,1,3.63,1571,7018945,169005,7187950,1.292,0.041879151,0.091180809,1.72410069,0,0,0,0,0,0,0,0,0,0,0,0,0,0
02-06-2022,2022,6,June,Thursday,3,0,2,153,1,0,,0,0,0,0,0,0,0,11,1.35875,8,1,4.31,1571,7018945,169005,7187950,1.103,1.59104073,0.041879151,1.632919881,0,0,0,0,0,0,0,0,0,0,0,0,0,0
03-06-2022,2022,6,June,Friday,4,0,2,154,1,0,,0,0,0,0,0,0,10.98924446,11,1.4030358,8,1,4.62,1571,7018945,169005,7187950,1.159,0,1.59104073,12.58028519,0,0,0,0,0,0,0,0,0,0,0,0,0,0
04-06-2022,2022,6,June,Saturday,5,1,2,155,1,0,,1,0,0,0,0,0,0.011606789,11,1.4373214,8,1,4.21,1571,7018945,169005,7187950,1.449,10.98924446,0,11.00085125,0,0,0,0,0,0,0,0,0,0,0,0,0,0
05-06-2022,2022,6,June,Sunday,6,1,2,156,1,0,,1,0,0,0,0,0,0,11,1.32875,8,1,2.51,1571,7018945,169005,7187950,0.992,0.011606789,10.98924446,11.00085125,1,0,0,0,0,0,1,0,0,0,0,0,0,0
06-06-2022,2022,6,June,Monday,0,0,2,157,1,0,,0,0,0,0,0,0,1.189126015,11,1.1682143,8,1,2.62,1571,7018945,169005,7187950,1.775,0,0.011606789,1.200732804,1,1,0,0,0,0,1,1,0,0,0,0,0,0
07-06-2022,2022,6,June,Tuesday,1,0,2,158,1,0,,0,0,0,0,0,0,0.053550147,11,1.1669643,8,1,3.06,1571,7018945,169005,7187950,1.854,1.189126015,0,1.242676161,0,1,0,0,0,0,0,1,0,0,0,0,0,0
08-06-2022,2022,6,June,Wednesday,2,0,2,159,1,0,,0,0,0,0,0,0,3.845537663,11,1.40375,8,1,3.49,1571,7018945,169005,7187950,1.554,0.053550147,1.189126015,5.088213824,0,0,0,0,0,0,0,0,0,0,0,0,0,0
09-06-2022,2022,6,June,Thursday,3,0,2,160,1,0,,0,0,0,0,0,0,7.431513786,11,1.5073215,8,1,5.53,1571,7018945,169005,7187950,1.277,3.845537663,0.053550147,11.3306016,0,0,0,0,0,0,0,0,0,0,0,0,0,0
10-06-2022,2022,6,June,Friday,4,0,2,161,1,0,,0,0,0,0,0,0,11.43329239,11,1.61125,8,1,5.6,1571,7018945,169005,7187950,1.192,7.431513786,3.845537663,22.71034384,0,0,0,0,0,0,0,0,0,0,0,0,0,0
11-06-2022,2022,6,June,Saturday,5,1,2,162,1,0,,1,0,0,0,0,0,57.29880524,11,1.5078571,8,1,4.09,1571,7018945,169005,7187950,1.17,11.43329239,7.431513786,76.16361141,0,0,0,0,0,0,0,0,0,0,0,0,0,0
12-06-2022,2022,6,June,Sunday,6,1,2,163,1,0,,1,0,0,0,0,0,44.19329834,11,1.7410715,8,1,3.69,1571,7018945,169005,7187950,2.264,57.29880524,11.43329239,112.925396,1,0,0,0,0,0,1,0,0,0,0,0,0,0
13-06-2022,2022,6,June,Monday,0,0,2,164,1,0,,0,0,0,0,0,0,25.94518471,11,1.96125,8,1,4.11,1571,7018945,169005,7187950,1.795,44.19329834,57.29880524,127.4372883,1,1,0,0,0,0,1,1,0,0,0,0,0,0
14-06-2022,2022,6,June,Tuesday,1,0,2,165,1,0,,0,0,0,0,0,0,1.829334617,11,1.8494643,8,1,3.63,1571,7018945,169005,7187950,1.833,25.94518471,44.19329834,71.96781766,0,1,0,0,0,0,0,1,0,0,0,0,0,0
15-06-2022,2022,6,June,Wednesday,2,0,2,166,1,0,,0,0,0,0,0,0,5.999664307,11,1.6737499,8,1,2.36,1571,7018945,169005,7187950,1.423,1.829334617,25.94518471,33.77418363,0,0,0,0,0,0,0,0,0,0,0,0,0,0
16-06-2022,2022,6,June,Thursday,3,0,2,167,1,0,,0,0,0,0,0,0,11.49396038,11,1.6098214,8,1,3.78,1571,7018945,169005,7187950,1.654,5.999664307,1.829334617,19.3229593,0,0,0,0,0,0,0,0,0,0,0,0,0,0
17-06-2022,2022,6,June,Friday,4,0,2,168,1,0,,0,0,0,0,0,0,14.97628498,11,1.5528572,8,1,3.05,1571,7018945,169005,7187950,1.633,11.49396038,5.999664307,32.46990967,0,0,0,0,0,0,0,0,0,0,0,0,0,0
18-06-2022,2022,6,June,Saturday,5,1,2,169,1,0,,1,0,0,0,0,0,9.964716911,11,1.5367857,8,1,2.92,1571,7018945,169005,7187950,1.645,14.97628498,11.49396038,36.43496227,0,0,0,0,0,0,0,0,0,0,0,0,0,0
19-06-2022,2022,6,June,Sunday,6,1,2,170,1,0,,1,0,0,0,0,0,31.84856606,11,1.6289285,8,1,4.69,1571,7018945,169005,7187950,1.562,9.964716911,14.97628498,56.78956795,1,0,0,0,0,0,1,0,0,0,0,0,0,0
20-06-2022,2022,6,June,Monday,0,0,2,171,1,0,,0,0,0,0,0,0,6.143049717,11,1.6639286,8,1,5.11,1571,7018945,169005,7187950,1.476,31.84856606,9.964716911,47.95633268,1,1,0,0,0,0,1,1,0,0,0,0,0,0
21-06-2022,2022,6,June,Tuesday,1,0,2,172,1,0,,0,0,0,0,0,0,35.11561584,11,2.0464287,8,1,4.67,1571,7018945,169005,7187950,1.458,6.143049717,31.84856606,73.10723162,0,1,0,0,0,0,0,1,0,0,0,0,0,0
22-06-2022,2022,6,June,Wednesday,2,0,2,173,1,0,,0,0,0,0,0,0,50.56538391,11,2.3426785,8,1,3.84,1571,7018945,169005,7187950,1.514,35.11561584,6.143049717,91.82404947,0,0,0,0,0,0,0,0,0,0,0,0,0,0
23-06-2022,2022,6,June,Thursday,3,0,2,174,1,0,,0,0,0,0,0,0,28.93749428,11,2.3500001,8,1,4.1,1571,7018945,169005,7187950,1.435,50.56538391,35.11561584,114.618494,0,0,0,0,0,0,0,0,0,0,0,0,0,0
24-06-2022,2022,6,June,Friday,4,0,2,175,1,0,,0,0,0,0,0,0,71.69141388,11,2.4325001,8,1,3.64,1571,7018945,169005,7187950,1.324,28.93749428,50.56538391,151.1942921,0,0,0,0,0,0,0,0,0,0,0,0,0,0
25-06-2022,2022,6,June,Saturday,5,1,2,176,1,0,,1,0,0,0,0,0,64.64669037,11,2.4233928,8,1,6.68,1571,7018945,169005,7187950,1.897,71.69141388,28.93749428,165.2755985,0,0,0,0,0,0,0,0,0,0,0,0,0,0
26-06-2022,2022,6,June,Sunday,6,1,2,177,1,0,,1,0,0,0,0,0,63.82390976,11,2.6633928,8,1,6.43,1571,7018945,169005,7187950,2.855,64.64669037,71.69141388,200.162014,1,0,0,0,0,0,1,0,0,0,0,0,0,0
27-06-2022,2022,6,June,Monday,0,0,2,178,1,0,,0,0,0,0,0,0,34.07925415,11,2.600357,8,1,5.96,1571,7018945,169005,7187950,2.356,63.82390976,64.64669037,162.5498543,1,1,0,0,0,0,1,1,0,0,0,0,0,0
28-06-2022,2022,6,June,Tuesday,1,0,2,179,1,0,,0,0,0,0,0,0,23.77041817,11,2.4101787,8,1,4.99,1571,7018945,169005,7187950,1.845,34.07925415,63.82390976,121.6735821,0,1,0,0,0,0,0,1,0,0,0,0,0,0
29-06-2022,2022,6,June,Wednesday,2,0,2,180,1,0,,0,0,0,0,0,0,24.37080574,11,2.7182143,8,1,5.09,1571,7018945,169005,7187950,1.771,23.77041817,34.07925415,82.22047806,0,0,0,0,0,0,0,0,0,0,0,0,0,0
30-06-2022,2022,6,June,Thursday,3,0,2,181,1,0,,0,0,0,0,0,0,57.22709656,11,2.7823215,8,1,5.67,1571,7018945,169005,7187950,2.106,24.37080574,23.77041817,105.3683205,0,0,0,0,0,0,0,0,0,0,0,0,0,0
01-07-2022,2022,7,July,Friday,4,0,3,182,1,0,,0,0,0,0,0,0,59.38454819,11,2.7696428,8,1,5.9,1571,7018945,169005,7187950,1.856,57.22709656,24.37080574,140.9824505,0,0,0,0,0,0,0,0,0,0,0,0,0,0
02-07-2022,2022,7,July,Saturday,5,1,3,183,1,0,,1,0,0,0,0,0,49.39345551,11,2.9189286,8,1,6.09,1571,7018945,169005,7187950,1.825,59.38454819,57.22709656,166.0051003,0,0,0,0,0,0,0,0,0,0,0,0,0,0
03-07-2022,2022,7,July,Sunday,6,1,3,184,1,0,,1,0,0,0,0,0,18.25302315,11,3.0367858,8,1,6.15,1571,7018945,169005,7187950,0.696,49.39345551,59.38454819,127.0310268,1,0,0,0,0,0,1,0,0,0,0,0,0,0
04-07-2022,2022,7,July,Monday,0,0,3,185,1,0,,0,0,0,0,0,0,55.49452209,11,3.5514286,8,1,7.67,1571,7018945,169005,7187950,1.876,18.25302315,49.39345551,123.1410007,1,1,0,0,0,0,1,1,0,0,0,0,0,0
05-07-2022,2022,7,July,Tuesday,1,0,3,186,1,0,,0,0,0,0,0,0,142.8430786,11,3.7914286,8,1,7.56,1571,7018945,169005,7187950,2.913,55.49452209,18.25302315,216.5906239,0,1,0,0,0,0,0,1,0,0,0,0,0,0
06-07-2022,2022,7,July,Wednesday,2,0,3,187,1,0,,0,0,0,0,0,0,106.9223175,11,3.5780358,8,1,6.77,1571,7018945,169005,7187950,2.619,142.8430786,55.49452209,305.2599182,0,0,0,0,0,0,0,0,0,0,0,0,0,0
07-07-2022,2022,7,July,Thursday,3,0,3,188,1,0,,0,0,0,0,0,0,64.91119385,11,3.3942857,8,1,6.63,1571,7018945,169005,7187950,1.955,106.9223175,142.8430786,314.67659,0,0,0,0,0,0,0,0,0,0,0,0,0,0
08-07-2022,2022,7,July,Friday,4,0,3,189,1,0,,0,0,0,0,0,0,136.9176941,11,3.1694643,8,1,7.25,1571,7018945,169005,7187950,1.632,64.91119385,106.9223175,308.7512054,0,0,0,0,0,0,0,0,0,0,0,0,0,0
09-07-2022,2022,7,July,Saturday,5,1,3,190,1,0,,1,0,0,0,0,0,84.84702301,11,2.9394643,8,1,7.35,1571,7018945,169005,7187950,2.475,136.9176941,64.91119385,286.6759109,0,0,0,0,0,0,0,0,0,0,0,0,0,0
10-07-2022,2022,7,July,Sunday,6,1,3,191,1,1,Id-Ul-Zuha (Bakri Id),1,0,0,0,0,0,65.97062683,11,2.9085712,8,1,7.09,1571,7018945,169005,7187950,3.333,84.84702301,136.9176941,287.7353439,1,0,0,0,0,0,1,0,0,0,0,0,0,0
11-07-2022,2022,7,July,Monday,0,0,3,192,1,0,,0,0,0,0,0,0,51.74486923,11,2.8664286,8,1,6.85,1571,7018945,169005,7187950,2.275,65.97062683,84.84702301,202.5625191,1,1,1,0,0,0,1,1,0,0,0,0,0,0
12-07-2022,2022,7,July,Tuesday,1,0,3,193,1,0,,0,0,0,0,0,0,70.81018829,11,2.720893,8,1,7.36,1571,7018945,169005,7187950,1.749,51.74486923,65.97062683,188.5256844,0,1,0,1,0,0,0,1,0,0,0,0,0,0
13-07-2022,2022,7,July,Wednesday,2,0,3,194,1,0,,0,0,0,0,0,0,46.01034164,11,2.9539287,8,1,8.4,1571,7018945,169005,7187950,2.182,70.81018829,51.74486923,168.5653992,0,0,0,0,0,0,0,0,0,0,0,0,0,0
14-07-2022,2022,7,July,Thursday,3,0,3,195,1,0,,0,0,0,0,0,0,57.55441666,11,3.2596428,8,1,8.84,1571,7018945,169005,7187950,1.635,46.01034164,70.81018829,174.3749466,0,0,0,0,0,0,0,0,0,0,0,0,0,0
15-07-2022,2022,7,July,Friday,4,0,3,196,1,0,,0,0,0,0,0,0,46.02573776,11,3.2528572,8,1,8.19,1571,7018945,169005,7187950,1.438,57.55441666,46.01034164,149.5904961,0,0,0,0,0,0,0,0,0,0,0,0,0,0
16-07-2022,2022,7,July,Saturday,5,1,3,197,1,0,,1,0,0,0,0,0,60.7595253,11,3.1107142,8,1,7.45,1571,7018945,169005,7187950,1.821,46.02573776,57.55441666,164.3396797,0,0,0,0,0,0,0,0,0,0,0,0,0,0
17-07-2022,2022,7,July,Sunday,6,1,3,198,1,0,,1,0,0,0,0,0,100.2612991,11,2.71375,8,1,5.95,1571,7018945,169005,7187950,1.966,60.7595253,46.02573776,207.0465622,1,0,0,0,0,0,1,0,0,0,0,0,0,0
18-07-2022,2022,7,July,Monday,0,0,3,199,1,0,,0,0,0,0,0,0,17.25445938,11,2.495357,8,1,5.55,1571,7018945,169005,7187950,1.999,100.2612991,60.7595253,178.2752838,1,1,0,0,0,0,1,1,0,0,0,0,0,0
19-07-2022,2022,7,July,Tuesday,1,0,3,200,1,0,,0,0,0,0,0,0,16.59370232,11,2.38625,8,1,5.08,1571,7018945,169005,7187950,1.425,17.25445938,100.2612991,134.1094608,0,1,0,0,0,0,0,1,0,0,0,0,0,0
20-07-2022,2022,7,July,Wednesday,2,0,3,201,1,0,,0,0,0,0,0,0,12.54521179,11,2.2607143,8,1,5.28,1571,7018945,169005,7187950,1.367,16.59370232,17.25445938,46.39337349,0,0,0,0,0,0,0,0,0,0,0,0,0,0
21-07-2022,2022,7,July,Thursday,3,0,3,202,1,0,,0,0,0,0,0,0,9.961441994,11,1.9798214,8,1,4.89,1571,7018945,169005,7187950,1.632,12.54521179,16.59370232,39.1003561,0,0,0,0,0,0,0,0,0,0,0,0,0,0
22-07-2022,2022,7,July,Friday,4,0,3,203,1,0,,0,0,0,0,0,0,7.307321072,11,1.7735715,8,1,5.17,1571,7018945,169005,7187950,1.462,9.961441994,12.54521179,29.81397486,0,0,0,0,0,0,0,0,0,0,0,0,0,0
23-07-2022,2022,7,July,Saturday,5,1,3,204,1,0,,1,0,0,0,0,0,5.663611889,11,1.8067857,8,1,5.32,1571,7018945,169005,7187950,1.63,7.307321072,9.961441994,22.93237495,0,0,0,0,0,0,0,0,0,0,0,0,0,0
24-07-2022,2022,7,July,Sunday,6,1,3,205,1,0,,1,0,0,0,0,0,9.937933922,11,1.9664285,8,1,5.4,1571,7018945,169005,7187950,1.16,5.663611889,7.307321072,22.90886688,1,0,0,0,0,0,1,0,0,0,0,0,0,0
25-07-2022,2022,7,July,Monday,0,0,3,206,1,0,,0,0,0,0,0,0,17.13383484,11,1.7060714,8,1,4.63,1571,7018945,169005,7187950,1.15,9.937933922,5.663611889,32.73538065,1,1,0,0,0,0,1,1,0,0,0,0,0,0
26-07-2022,2022,7,July,Tuesday,1,0,3,207,1,0,,0,0,0,0,0,0,6.704013348,11,1.7026786,8,1,4.26,1571,7018945,169005,7187950,1.069,17.13383484,9.937933922,33.77578211,0,1,0,0,0,0,0,1,0,0,0,0,0,0
27-07-2022,2022,7,July,Wednesday,2,0,3,208,1,0,,0,0,0,0,0,0,10.57294941,11,1.5644642,8,1,3.67,1571,7018945,169005,7187950,0.944,6.704013348,17.13383484,34.4107976,0,0,0,0,0,0,0,0,0,0,0,0,0,0
28-07-2022,2022,7,July,Thursday,3,0,3,209,1,0,,0,0,0,0,0,0,1.965589881,11,1.4350001,8,1,4.92,1571,7018945,169005,7187950,0.971,10.57294941,6.704013348,19.24255264,0,0,0,0,0,0,0,0,0,0,0,0,0,0
29-07-2022,2022,7,July,Friday,4,0,3,210,1,0,,0,0,0,0,0,0,0.420968264,11,1.2869643,8,1,3.72,1571,7018945,169005,7187950,1.048,1.965589881,10.57294941,12.95950755,0,0,0,0,0,0,0,0,0,0,0,0,0,0
30-07-2022,2022,7,July,Saturday,5,1,3,211,1,0,,1,0,0,0,0,0,3.017063856,11,1.1471429,8,1,5.76,1571,7018945,169005,7187950,1.375,0.420968264,1.965589881,5.403622001,0,0,0,0,0,0,0,0,0,0,0,0,0,0
31-07-2022,2022,7,July,Sunday,6,1,3,212,1,0,,1,0,0,0,0,0,3.114408255,11,1.1333928,8,1,4.09,1571,7018945,169005,7187950,0.631,3.017063856,0.420968264,6.552440375,1,0,0,0,0,0,1,0,0,0,0,0,0,0
01-08-2022,2022,8,August,Monday,0,0,3,213,1,0,,0,0,0,0,0,0,3.510585785,11,1.3380357,8,1,5.31,1571,7018945,169005,7187950,1.336,3.114408255,3.017063856,9.642057896,1,1,0,0,0,0,1,1,0,0,0,0,0,0
02-08-2022,2022,8,August,Tuesday,1,0,3,214,1,0,,0,0,0,0,0,0,14.78540993,11,1.5642858,8,1,6.11,1571,7018945,169005,7187950,1.208,3.510585785,3.114408255,21.41040397,0,1,0,0,0,0,0,1,0,0,0,0,0,0
03-08-2022,2022,8,August,Wednesday,2,0,3,215,1,0,,0,0,0,0,0,0,3.599160671,11,1.7982143,8,1,6.45,1571,7018945,169005,7187950,1.296,14.78540993,3.510585785,21.89515638,0,0,0,0,0,0,0,0,0,0,0,0,0,0
04-08-2022,2022,8,August,Thursday,3,0,3,216,1,0,,0,0,0,0,0,0,13.23246384,11,2.0205357,8,1,5.99,1571,7018945,169005,7187950,1.563,3.599160671,14.78540993,31.61703444,0,0,0,0,0,0,0,0,0,0,0,0,0,0
05-08-2022,2022,8,August,Friday,4,0,3,217,1,0,,0,0,0,0,0,0,7.812874317,11,2.7580357,8,1,6.97,1571,7018945,169005,7187950,1.775,13.23246384,3.599160671,24.64449883,0,0,0,0,0,0,0,0,0,0,0,0,0,0
06-08-2022,2022,8,August,Saturday,5,1,3,218,1,0,,1,0,0,0,0,0,50.00969315,11,3.0657141,8,1,8.23,1571,7018945,169005,7187950,1.994,7.812874317,13.23246384,71.0550313,0,0,0,0,0,0,0,0,0,0,0,0,0,0
07-08-2022,2022,8,August,Sunday,6,1,3,219,1,0,,1,0,0,0,0,0,47.58776855,11,3.1880357,8,1,7.27,1571,7018945,169005,7187950,2.115,50.00969315,7.812874317,105.410336,1,0,0,0,0,0,1,0,0,0,0,0,0,0
08-08-2022,2022,8,August,Monday,0,0,3,220,1,0,,0,0,0,0,0,0,44.73556137,11,3.3557143,8,1,7.87,1571,7018945,169005,7187950,3.621,47.58776855,50.00969315,142.3330231,1,1,0,0,0,0,1,1,0,0,0,0,0,0
09-08-2022,2022,8,August,Tuesday,1,0,3,221,1,0,,0,0,0,0,0,0,62.15245056,11,3.4469643,8,1,8.86,1571,7018945,169005,7187950,1.78,44.73556137,47.58776855,154.4757805,0,1,0,0,0,0,0,1,0,0,0,0,0,0
10-08-2022,2022,8,August,Wednesday,2,0,3,222,1,0,,0,0,0,0,0,0,34.97693634,11,3.3799999,8,1,8.62,1571,7018945,169005,7187950,1.914,62.15245056,44.73556137,141.8649483,0,0,0,0,0,0,0,0,0,0,0,0,0,0
11-08-2022,2022,8,August,Thursday,3,0,3,223,1,0,,0,0,0,0,0,0,37.70349503,11,3.3667858,8,1,7.84,1571,7018945,169005,7187950,1.796,34.97693634,62.15245056,134.8328819,0,0,0,0,0,0,0,0,0,0,0,0,0,0
12-08-2022,2022,8,August,Friday,4,0,3,224,1,0,,0,0,0,0,0,0,40.91479874,11,3.1294644,8,1,6.63,1571,7018945,169005,7187950,1.419,37.70349503,34.97693634,113.5952301,0,0,0,0,0,0,0,0,0,0,0,0,0,0
13-08-2022,2022,8,August,Saturday,5,1,3,225,1,0,,1,0,0,0,0,0,25.94360542,11,2.6667857,8,1,4.63,1571,7018945,169005,7187950,2.718,40.91479874,37.70349503,104.5618992,0,0,0,0,0,0,0,0,0,0,0,0,0,0
14-08-2022,2022,8,August,Sunday,6,1,3,226,1,0,,1,0,0,0,0,0,23.50340652,11,2.283393,8,1,4.64,1571,7018945,169005,7187950,1.679,25.94360542,40.91479874,90.36181068,1,0,0,0,0,0,1,0,0,0,0,0,0,0
15-08-2022,2022,8,August,Monday,0,0,3,227,1,1,Independence Day,1,0,0,0,0,0,10.02033615,11,2.039107,8,1,4.04,1571,7018945,169005,7187950,2.345,23.50340652,25.94360542,59.4673481,1,1,0,0,0,0,1,1,0,0,0,0,0,0
16-08-2022,2022,8,August,Tuesday,1,0,3,228,1,0,,0,0,0,0,0,0,10.43115234,11,1.8314285,8,1,4.25,1571,7018945,169005,7187950,2.36,10.02033615,23.50340652,43.95489502,0,1,1,0,0,0,1,1,0,0,0,0,0,0
17-08-2022,2022,8,August,Wednesday,2,0,3,229,1,0,,0,0,0,0,0,0,12.74384403,11,1.6544642,8,1,3.99,1571,7018945,169005,7187950,1.533,10.43115234,10.02033615,33.19533253,0,0,0,1,0,0,0,1,0,0,0,0,0,0
18-08-2022,2022,8,August,Thursday,3,0,3,230,1,0,,0,0,0,0,0,0,13.00483418,11,1.599107,8,1,4.24,1571,7018945,169005,7187950,1.375,12.74384403,10.43115234,36.17983055,0,0,0,0,0,0,0,0,0,0,0,0,0,0
19-08-2022,2022,8,August,Friday,4,0,3,231,1,0,,0,0,0,0,0,0,13.18502522,11,1.5282143,8,1,5.62,1571,7018945,169005,7187950,1.09,13.00483418,12.74384403,38.93370342,0,0,0,0,0,0,0,0,0,0,0,0,0,0
20-08-2022,2022,8,August,Saturday,5,1,3,232,1,0,,1,0,0,0,0,0,14.93361759,11,1.59375,8,1,5.48,1571,7018945,169005,7187950,1.185,13.18502522,13.00483418,41.12347698,0,0,0,0,0,0,0,0,0,0,0,0,0,0
21-08-2022,2022,8,August,Sunday,6,1,3,233,1,0,,1,0,0,0,0,0,17.07580757,11,1.6535714,8,1,5.54,1571,7018945,169005,7187950,1.434,14.93361759,13.18502522,45.19445038,1,0,0,0,0,0,1,0,0,0,0,0,0,0
22-08-2022,2022,8,August,Monday,0,0,3,234,1,0,,0,0,0,0,0,0,13.43131733,11,1.8982143,8,1,6.65,1571,7018945,169005,7187950,1.726,17.07580757,14.93361759,45.44074249,1,1,0,0,0,0,1,1,0,0,0,0,0,0
23-08-2022,2022,8,August,Tuesday,1,0,3,235,1,0,,0,0,0,0,0,0,11.49499416,11,1.9725,8,1,6.05,1571,7018945,169005,7187950,1.385,13.43131733,17.07580757,42.00211906,0,1,0,0,0,0,0,1,0,0,0,0,0,0
24-08-2022,2022,8,August,Wednesday,2,0,3,236,1,0,,0,0,0,0,0,0,15.96303749,11,1.85875,8,1,5.42,1571,7018945,169005,7187950,1.231,11.49499416,13.43131733,40.88934898,0,0,0,0,0,0,0,0,0,0,0,0,0,0
25-08-2022,2022,8,August,Thursday,3,0,3,237,1,0,,0,0,0,0,0,0,19.62758636,11,1.6983929,8,1,5,1571,7018945,169005,7187950,0.916,15.96303749,11.49499416,47.08561802,0,0,0,0,0,0,0,0,0,0,0,0,0,0
26-08-2022,2022,8,August,Friday,4,0,3,238,1,0,,0,0,0,0,0,0,3.472345114,11,1.4066072,8,1,4.44,1571,7018945,169005,7187950,1.119,19.62758636,15.96303749,39.06296897,0,0,0,0,0,0,0,0,0,0,0,0,0,0
27-08-2022,2022,8,August,Saturday,5,1,3,239,1,0,,1,0,0,0,0,0,2.943472862,11,1.28125,8,1,3.78,1571,7018945,169005,7187950,1.123,3.472345114,19.62758636,26.04340434,0,0,0,0,0,0,0,0,0,0,0,0,0,0
28-08-2022,2022,8,August,Sunday,6,1,3,240,1,0,,1,0,0,0,0,0,3.62756753,11,1.3230357,8,1,4.73,1571,7018945,169005,7187950,1.245,2.943472862,3.472345114,10.04338551,1,0,0,0,0,0,1,0,0,0,0,0,0,0
29-08-2022,2022,8,August,Monday,0,0,3,241,1,0,,0,0,0,0,0,0,2.110088348,11,1.3244643,8,1,4.72,1571,7018945,169005,7187950,1.15,3.62756753,2.943472862,8.68112874,1,1,0,0,0,0,1,1,0,0,0,0,0,0
30-08-2022,2022,8,August,Tuesday,1,0,3,242,1,0,,0,0,0,0,0,0,5.046495438,11,1.1744643,8,1,5.46,1571,7018945,169005,7187950,1.186,2.110088348,3.62756753,10.78415132,0,1,0,0,0,0,0,1,0,0,0,0,0,0
31-08-2022,2022,8,August,Wednesday,2,0,3,243,1,1,Ganesh Chaturthi (1st Day),1,0,0,0,0,0,5.675652504,11,1.1069643,8,1,5.39,1571,7018945,169005,7187950,1.013,5.046495438,2.110088348,12.83223629,0,0,0,0,0,0,0,0,0,0,0,0,0,0
01-09-2022,2022,9,September,Thursday,3,0,3,244,1,1,Ganesh Chaturthi (2nd Day),1,0,0,0,0,0,18.11839104,11,1.035,8,1,3.51,1571,7018945,169005,7187950,1.114,5.675652504,5.046495438,28.84053898,0,0,1,0,0,0,1,0,0,0,0,0,0,0
02-09-2022,2022,9,September,Friday,4,0,3,245,1,0,,0,0,0,0,0,0,13.99033833,11,0.98839283,8,1,2.47,1571,7018945,169005,7187950,1.789,18.11839104,5.675652504,37.78438187,0,0,1,1,0,0,1,1,0,0,0,0,0,0
03-09-2022,2022,9,September,Saturday,5,1,3,246,1,0,,1,0,0,0,0,0,2.190793753,11,0.8560714,8,1,3.87,1571,7018945,169005,7187950,1.47,13.99033833,18.11839104,34.29952312,0,0,0,1,0,0,0,1,0,0,0,0,0,0
04-09-2022,2022,9,September,Sunday,6,1,3,247,1,0,,1,0,0,0,0,0,0,11,0.90982145,8,1,2.54,1571,7018945,169005,7187950,1.409,2.190793753,13.99033833,16.18113208,1,0,0,0,0,0,1,0,0,0,0,0,0,0
05-09-2022,2022,9,September,Monday,0,0,3,248,1,0,,0,0,0,0,0,0,2.256369591,11,1.2212499,8,1,4.24,1571,7018945,169005,7187950,2.004,0,2.190793753,4.447163343,1,1,0,0,0,0,1,1,0,0,0,0,0,0
06-09-2022,2022,9,September,Tuesday,1,0,3,249,1,0,,0,0,0,0,0,0,10.86078644,11,1.3260714,8,1,4.78,1571,7018945,169005,7187950,2.66,2.256369591,0,13.11715603,0,1,0,0,0,0,0,1,0,0,0,0,0,0
07-09-2022,2022,9,September,Wednesday,2,0,3,250,1,0,,0,0,0,0,0,0,14.74217892,11,1.3853571,8,1,5.41,1571,7018945,169005,7187950,1.697,10.86078644,2.256369591,27.85933495,0,0,0,0,0,0,0,0,0,0,0,0,0,0
08-09-2022,2022,9,September,Thursday,3,0,3,251,1,0,,0,0,0,0,0,0,27.06735229,11,1.5407143,8,1,4.37,1571,7018945,169005,7187950,1.49,14.74217892,10.86078644,52.67031765,0,0,0,0,0,0,0,0,0,0,0,0,0,0
09-09-2022,2022,9,September,Friday,4,0,3,252,1,0,,0,0,0,0,0,0,14.7970314,11,1.6825,8,1,4.57,1571,7018945,169005,7187950,1.695,27.06735229,14.74217892,56.60656261,0,0,0,0,0,0,0,0,0,0,0,0,0,0
10-09-2022,2022,9,September,Saturday,5,1,3,253,1,0,,1,0,0,0,0,0,38.3262291,11,1.7876785,8,1,7.56,1571,7018945,169005,7187950,2.169,14.7970314,27.06735229,80.19061279,0,0,0,0,0,0,0,0,0,0,0,0,0,0
11-09-2022,2022,9,September,Sunday,6,1,3,254,1,0,,1,0,0,0,0,0,46.90679932,11,2.1498213,8,1,9.27,1571,7018945,169005,7187950,1.931,38.3262291,14.7970314,100.0300598,1,0,0,0,0,0,1,0,0,0,0,0,0,0
12-09-2022,2022,9,September,Monday,0,0,3,255,1,0,,0,0,0,0,0,0,61.30467606,11,2.3596427,8,1,8.61,1571,7018945,169005,7187950,1.999,46.90679932,38.3262291,146.5377045,1,1,0,0,0,0,1,1,0,0,0,0,0,0
13-09-2022,2022,9,September,Tuesday,1,0,3,256,1,0,,0,0,0,0,0,0,43.56476212,11,1.9998214,8,1,5.69,1571,7018945,169005,7187950,2.169,61.30467606,46.90679932,151.7762375,0,1,0,0,0,0,0,1,0,0,0,0,0,0
14-09-2022,2022,9,September,Wednesday,2,0,3,257,1,0,,0,0,0,0,0,0,20.83702469,11,1.6919643,8,1,5.02,1571,7018945,169005,7187950,2.072,43.56476212,61.30467606,125.7064629,0,0,0,0,0,0,0,0,0,0,0,0,0,0
15-09-2022,2022,9,September,Thursday,3,0,3,258,1,0,,0,0,0,0,0,0,17.27401543,11,1.5966071,8,1,5.57,1571,7018945,169005,7187950,1.636,20.83702469,43.56476212,81.67580223,0,0,0,0,0,0,0,0,0,0,0,0,0,0
16-09-2022,2022,9,September,Friday,4,0,3,259,1,0,,0,0,0,0,0,0,31.59144974,11,1.6378572,8,1,5.91,1571,7018945,169005,7187950,1.496,17.27401543,20.83702469,69.70248985,0,0,0,0,0,0,0,0,0,0,0,0,0,0
17-09-2022,2022,9,September,Saturday,5,1,3,260,1,0,,1,0,0,0,0,0,8.041133881,11,1.4260714,8,1,4.63,1571,7018945,169005,7187950,1.406,31.59144974,17.27401543,56.90659904,0,0,0,0,0,0,0,0,0,0,0,0,0,0
18-09-2022,2022,9,September,Sunday,6,1,3,261,1,0,,1,0,0,0,0,0,9.244294167,11,1.3314285,8,1,4.04,1571,7018945,169005,7187950,1.542,8.041133881,31.59144974,48.87687778,1,0,0,0,0,0,1,0,0,0,0,0,0,0
19-09-2022,2022,9,September,Monday,0,0,3,262,1,0,,0,0,0,0,0,0,3.858705044,11,1.1757143,8,1,3.76,1571,7018945,169005,7187950,1.509,9.244294167,8.041133881,21.14413309,1,1,0,0,0,0,1,1,0,0,0,0,0,0
20-09-2022,2022,9,September,Tuesday,1,0,3,263,1,0,,0,0,0,0,0,0,0.496214271,11,0.9983928,8,1,2.86,1571,7018945,169005,7187950,1.568,3.858705044,9.244294167,13.59921348,0,1,0,0,0,0,0,1,0,0,0,0,0,0
21-09-2022,2022,9,September,Wednesday,2,0,3,264,1,0,,0,0,0,0,0,0,1.057842612,11,0.8592857,8,1,3.35,1571,7018945,169005,7187950,1.426,0.496214271,3.858705044,5.412761927,0,0,0,0,0,0,0,0,0,0,0,0,0,0
22-09-2022,2022,9,September,Thursday,3,0,3,265,1,0,,0,0,0,0,0,0,0.132566154,11,0.8658929,8,1,2.41,1571,7018945,169005,7187950,1.611,1.057842612,0.496214271,1.686623037,0,0,0,0,0,0,0,0,0,0,0,0,0,0
23-09-2022,2022,9,September,Friday,4,0,3,266,1,0,,0,0,0,0,0,0,1.602454662,11,0.95214283,8,1,3.07,1571,7018945,169005,7187950,1.858,0.132566154,1.057842612,2.792863429,0,0,0,0,0,0,0,0,0,0,0,0,0,0
24-09-2022,2022,9,September,Saturday,5,1,3,267,1,0,,1,0,0,0,0,0,8.294949532,11,0.9901786,8,1,3.3,1571,7018945,169005,7187950,1.83,1.602454662,0.132566154,10.02997035,0,0,0,0,0,0,0,0,0,0,0,0,0,0
25-09-2022,2022,9,September,Sunday,6,1,3,268,1,0,,1,0,0,0,0,0,7.43527174,11,0.9301786,8,1,3.5,1571,7018945,169005,7187950,1.915,8.294949532,1.602454662,17.33267593,1,0,0,0,0,0,1,0,0,0,0,0,0,0
26-09-2022,2022,9,September,Monday,0,0,3,269,1,0,,0,0,0,0,0,0,0.124818802,11,0.7980357,8,1,3.94,1571,7018945,169005,7187950,1.752,7.43527174,8.294949532,15.85504007,1,1,0,0,0,0,1,1,0,0,0,0,0,0
27-09-2022,2022,9,September,Tuesday,1,0,3,270,1,0,,0,0,0,0,0,0,0.22594215,11,0.8180357,8,1,3.5,1571,7018945,169005,7187950,1.623,0.124818802,7.43527174,7.786032692,0,1,0,0,0,0,0,1,0,0,0,0,0,0
28-09-2022,2022,9,September,Wednesday,2,0,3,271,1,0,,0,0,0,0,0,0,0,11,0.7526786,8,1,3.58,1571,7018945,169005,7187950,1.418,0.22594215,0.124818802,0.350760952,0,0,0,0,0,0,0,0,0,0,0,0,0,0
29-09-2022,2022,9,September,Thursday,3,0,3,272,1,0,,0,0,0,0,0,0,0.122305393,11,0.8389286,8,1,4.1,1571,7018945,169005,7187950,1.57,0,0.22594215,0.348247543,0,0,0,0,0,0,0,0,0,0,0,0,0,0
30-09-2022,2022,9,September,Friday,4,0,3,273,1,0,,0,0,0,0,0,0,5.990837097,11,0.8030357,8,1,4.82,1571,7018945,169005,7187950,1.506,0.122305393,0,6.11314249,0,0,0,0,0,0,0,0,0,0,0,0,0,0
01-10-2022,2022,10,October,Saturday,5,1,4,274,0,0,,1,0,0,0,0,0,4.936686516,11,0.77767855,8,1,4.8,1571,7018945,169005,7187950,3.075,5.990837097,0.122305393,11.04982901,0,0,0,0,0,0,0,0,0,0,0,0,0,0
02-10-2022,2022,10,October,Sunday,6,1,4,275,0,1,Gandhi Jayanti,1,0,0,0,0,0,3.768820047,11,0.7967857,8,1,4.45,1571,7018945,169005,7187950,3.727,4.936686516,5.990837097,14.69634366,1,0,0,0,0,0,1,0,0,0,0,0,0,0
03-10-2022,2022,10,October,Monday,0,0,4,276,0,0,,0,0,0,0,0,0,2.56107831,11,0.91267854,8,1,4.84,1571,7018945,169005,7187950,3.065,3.768820047,4.936686516,11.26658487,1,1,1,0,0,0,1,1,0,0,0,0,0,0
04-10-2022,2022,10,October,Tuesday,1,0,4,277,0,0,,0,0,0,0,0,0,0.749786794,11,0.9592857,8,1,4.91,1571,7018945,169005,7187950,2.244,2.56107831,3.768820047,7.079685152,0,1,0,1,0,0,0,1,0,0,0,0,0,0
05-10-2022,2022,10,October,Wednesday,2,0,4,278,0,1,Dussehra (Vijaya Dashmi),1,0,0,0,0,0,0.063530467,11,1.0117857,8,1,4.65,1571,7018945,169005,7187950,1.989,0.749786794,2.56107831,3.374395572,0,0,0,0,0,0,0,0,0,0,0,0,0,0
06-10-2022,2022,10,October,Thursday,3,0,4,279,0,0,,0,0,0,0,0,0,0.387838632,11,0.9810715,8,1,5.03,1571,7018945,169005,7187950,2.527,0.063530467,0.749786794,1.201155894,0,0,1,0,0,0,1,0,0,0,0,0,0,0
07-10-2022,2022,10,October,Friday,4,0,4,280,0,0,,0,0,0,0,0,0,7.113497734,11,0.85839283,8,1,3.54,1571,7018945,169005,7187950,2.324,0.387838632,0.063530467,7.564866833,0,0,0,1,0,0,0,1,0,0,0,0,0,0
08-10-2022,2022,10,October,Saturday,5,1,4,281,0,0,,1,0,0,0,0,0,0.157424733,11,0.77750003,8,1,2.49,1571,7018945,169005,7187950,2.59,7.113497734,0.387838632,7.658761099,0,0,0,0,0,0,0,0,0,0,0,0,0,0
09-10-2022,2022,10,October,Sunday,6,1,4,282,0,0,,1,0,0,0,0,0,0,11,0.7580357,8,1,1.94,1571,7018945,169005,7187950,1.971,0.157424733,7.113497734,7.270922467,1,0,0,0,0,0,1,0,0,0,0,0,0,0
10-10-2022,2022,10,October,Monday,0,0,4,283,0,0,,0,0,0,0,0,0,1.271594644,11,0.8191072,8,1,4.33,1571,7018945,169005,7187950,2.365,0,0.157424733,1.429019377,1,1,0,0,0,0,1,1,0,0,0,0,0,0
11-10-2022,2022,10,October,Tuesday,1,0,4,284,0,0,,0,0,0,0,0,0,10.10582256,11,0.7325,8,1,5.58,1571,7018945,169005,7187950,2.266,1.271594644,0,11.37741721,0,1,0,0,0,0,0,1,0,0,0,0,0,0
12-10-2022,2022,10,October,Wednesday,2,0,4,285,0,0,,0,0,0,0,0,0,11.42959404,11,0.66571426,8,1,4.1,1571,7018945,169005,7187950,1.804,10.10582256,1.271594644,22.80701125,0,0,0,0,0,0,0,0,0,0,0,0,0,0
13-10-2022,2022,10,October,Thursday,3,0,4,286,0,0,,0,0,0,0,0,0,10.56210995,11,0.70267856,8,1,2.18,1571,7018945,169005,7187950,1.801,11.42959404,10.10582256,32.09752655,0,0,0,0,0,0,0,0,0,0,0,0,0,0
14-10-2022,2022,10,October,Friday,4,0,4,287,0,0,,0,0,0,0,0,0,7.576739311,11,0.72910714,8,1,2.7,1571,7018945,169005,7187950,2.031,10.56210995,11.42959404,29.5684433,0,0,0,0,0,0,0,0,0,0,0,0,0,0
15-10-2022,2022,10,October,Saturday,5,1,4,288,0,0,,1,0,0,0,0,0,18.29102898,11,0.6885714,8,1,2.07,1571,7018945,169005,7187950,2.114,7.576739311,10.56210995,36.42987823,0,0,0,0,0,0,0,0,0,0,0,0,0,0
16-10-2022,2022,10,October,Sunday,6,1,4,289,0,0,,1,0,0,0,0,0,2.300813437,11,0.6546429,8,1,2.12,1571,7018945,169005,7187950,2.262,18.29102898,7.576739311,28.16858172,1,0,0,0,0,0,1,0,0,0,0,0,0,0
17-10-2022,2022,10,October,Monday,0,0,4,290,0,0,,0,0,0,0,0,0,14.33830643,11,0.6482143,8,1,3.01,1571,7018945,169005,7187950,2.044,2.300813437,18.29102898,34.93014884,1,1,0,0,0,0,1,1,0,0,0,0,0,0
18-10-2022,2022,10,October,Tuesday,1,0,4,291,0,0,,0,0,0,0,0,0,16.38392067,11,0.5739286,8,1,3.45,1571,7018945,169005,7187950,1.883,14.33830643,2.300813437,33.02304053,0,1,0,0,0,0,0,1,0,0,0,0,0,0
19-10-2022,2022,10,October,Wednesday,2,0,4,292,0,0,,0,0,0,0,0,0,1.328402042,11,0.7939286,8,1,3.42,1571,7018945,169005,7187950,2.14,16.38392067,14.33830643,32.05062914,0,0,0,0,0,0,0,0,0,0,0,0,0,0
20-10-2022,2022,10,October,Thursday,3,0,4,293,0,0,,0,0,0,0,0,0,3.880373478,11,0.8389286,8,1,2.58,1571,7018945,169005,7187950,2.661,1.328402042,16.38392067,21.59269619,0,0,0,0,0,0,0,0,0,0,0,0,0,0
21-10-2022,2022,10,October,Friday,4,0,4,294,0,0,,0,0,0,0,0,0,16.27738571,11,0.76125,8,1,1.59,1571,7018945,169005,7187950,1.533,3.880373478,1.328402042,21.48616123,0,0,0,0,0,0,0,0,0,0,0,0,0,0
22-10-2022,2022,10,October,Saturday,5,1,4,295,0,0,,1,0,0,0,0,0,3.72742939,11,0.62785715,8,1,1.79,1571,7018945,169005,7187950,1.883,16.27738571,3.880373478,23.88518858,0,0,0,0,0,0,0,0,0,0,0,0,0,0
23-10-2022,2022,10,October,Sunday,6,1,4,296,0,0,,1,0,0,0,0,0,9.939452171,11,0.5228571,8,1,2.95,1571,7018945,169005,7187950,2.135,3.72742939,16.27738571,29.94426727,1,0,0,0,0,0,1,0,0,0,0,0,0,0
24-10-2022,2022,10,October,Monday,0,0,4,297,0,1,Diwali (Deepavali),1,0,0,0,0,0,0.055546023,11,0.5025,8,1,2.64,1571,7018945,169005,7187950,2.377,9.939452171,3.72742939,13.72242758,1,1,0,0,0,0,1,1,0,0,0,0,0,0
25-10-2022,2022,10,October,Tuesday,1,0,4,298,0,0,,0,0,0,0,0,0,0,11,0.46660715,8,1,2.74,1571,7018945,169005,7187950,2.088,0.055546023,9.939452171,9.994998194,0,1,1,0,0,0,1,1,0,0,0,0,0,0
26-10-2022,2022,10,October,Wednesday,2,0,4,299,0,0,,0,0,0,0,0,0,0,11,0.48017856,8,1,2.46,1571,7018945,169005,7187950,1.58,0,0.055546023,0.055546023,0,0,0,1,0,0,0,1,0,0,0,0,0,0
27-10-2022,2022,10,October,Thursday,3,0,4,300,0,0,,0,0,0,0,0,0,0,11,0.55035716,8,1,3.16,1571,7018945,169005,7187950,1.921,0,0,0,0,0,0,0,0,0,0,0,0,0,0,0,0,0
28-10-2022,2022,10,October,Friday,4,0,4,301,0,0,,0,0,0,0,0,0,0,11,0.61125,8,1,3.28,1571,7018945,169005,7187950,2.626,0,0,0,0,0,0,0,0,0,0,0,0,0,0,0,0,0
29-10-2022,2022,10,October,Saturday,5,1,4,302,0,0,,1,0,0,0,0,0,0,11,0.61071426,8,1,3.38,1571,7018945,169005,7187950,2.004,0,0,0,0,0,0,0,0,0,0,0,0,0,0,0,0,0
30-10-2022,2022,10,October,Sunday,6,1,4,303,0,0,,1,0,0,0,0,0,0,11,0.61464286,8,1,3.51,1571,7018945,169005,7187950,2.548,0,0,0,1,0,0,0,0,0,1,0,0,0,0,0,0,0
31-10-2022,2022,10,October,Monday,0,0,4,304,0,0,,0,0,0,0,0,0,0,11,0.5967857,8,1,3.22,1571,7018945,169005,7187950,2.205,0,0,0,1,1,0,0,0,0,1,1,0,0,0,0,0,0
01-11-2022,2022,11,November,Tuesday,1,0,4,305,0,0,,0,0,0,0,0,0,0,11,0.57517856,8,1,2.84,1571,7018945,169005,7187950,2.559,0,0,0,0,1,0,0,0,0,0,1,0,0,0,0,0,0
02-11-2022,2022,11,November,Wednesday,2,0,4,306,0,0,,0,0,0,0,0,0,0,11,0.51857144,8,1,2.58,1571,7018945,169005,7187950,2.178,0,0,0,0,0,0,0,0,0,0,0,0,0,0,0,0,0
03-11-2022,2022,11,November,Thursday,3,0,4,307,0,0,,0,0,0,0,0,0,2.198249817,11,0.5339286,8,1,1.77,1571,7018945,169005,7187950,2.235,0,0,2.198249817,0,0,0,0,0,0,0,0,0,0,0,0,0,0
04-11-2022,2022,11,November,Friday,4,0,4,308,0,0,,0,0,0,0,0,0,0.03375572,11,0.51785713,8,1,2.95,1571,7018945,169005,7187950,2.924,2.198249817,0,2.232005537,0,0,0,0,0,0,0,0,0,0,0,0,0,0
05-11-2022,2022,11,November,Saturday,5,1,4,309,0,0,,1,0,0,0,0,0,0,11,0.51035714,8,1,3,1571,7018945,169005,7187950,3.195,0.03375572,2.198249817,2.232005537,0,0,0,0,0,0,0,0,0,0,0,0,0,0
06-11-2022,2022,11,November,Sunday,6,1,4,310,0,0,,1,0,0,0,0,0,0,11,0.5125,8,1,2.3,1571,7018945,169005,7187950,4.031,0,0.03375572,0.03375572,1,0,0,0,0,0,1,0,0,0,0,0,0,0
07-11-2022,2022,11,November,Monday,0,0,4,311,0,0,,0,0,0,0,0,0,0.092056043,11,0.49767858,8,1,2.77,1571,7018945,169005,7187950,3.823,0,0,0.092056043,1,1,0,0,0,0,1,1,0,0,0,0,0,0
08-11-2022,2022,11,November,Tuesday,1,0,4,312,0,0,,0,0,0,0,0,0,0,11,0.4555357,8,1,3.59,1571,7018945,169005,7187950,3.263,0.092056043,0,0.092056043,0,1,0,0,0,0,0,1,0,0,0,0,0,0
09-11-2022,2022,11,November,Wednesday,2,0,4,313,0,0,,0,0,0,0,0,0,0,11,0.4507143,8,1,3.71,1571,7018945,169005,7187950,3.739,0,0.092056043,0.092056043,0,0,0,0,0,0,0,0,0,0,0,0,0,0
10-11-2022,2022,11,November,Thursday,3,0,4,314,0,0,,0,0,0,0,0,0,0,11,0.55803573,8,1,4.54,1571,7018945,169005,7187950,3.337,0,0,0,0,0,0,0,0,0,0,0,0,0,0,0,0,0
11-11-2022,2022,11,November,Friday,4,0,4,315,0,0,,0,0,0,0,0,0,0,11,0.56785715,8,1,4.31,1571,7018945,169005,7187950,3.327,0,0,0,0,0,0,0,0,0,0,0,0,0,0,0,0,0
12-11-2022,2022,11,November,Saturday,5,1,4,316,0,0,,1,0,0,0,0,0,0,11,0.5321429,8,1,4.11,1571,7018945,169005,7187950,2.986,0,0,0,0,0,0,0,0,0,0,0,0,0,0,0,0,0
13-11-2022,2022,11,November,Sunday,6,1,4,317,0,0,,1,0,0,0,0,0,0,11,0.47767857,8,1,3.1,1571,7018945,169005,7187950,3.021,0,0,0,1,0,0,0,0,0,1,0,0,0,0,0,0,0
14-11-2022,2022,11,November,Monday,0,0,4,318,0,0,,0,0,0,0,0,0,0,11,0.45482144,8,1,2.97,1571,7018945,169005,7187950,2.493,0,0,0,1,1,0,0,0,0,1,1,0,0,0,0,0,0
15-11-2022,2022,11,November,Tuesday,1,0,4,319,0,0,,0,0,0,0,0,0,0,11,0.40160716,8,1,2.6,1571,7018945,169005,7187950,2.852,0,0,0,0,1,0,0,0,0,0,1,0,0,0,0,0,0
16-11-2022,2022,11,November,Wednesday,2,0,4,320,0,0,,0,0,0,0,0,0,0,11,0.42214286,8,1,3.39,1571,7018945,169005,7187950,2.255,0,0,0,0,0,0,0,0,0,0,0,0,0,0,0,0,0
17-11-2022,2022,11,November,Thursday,3,0,4,321,0,0,,0,0,0,0,0,0,0,11,0.52517855,8,1,3.61,1571,7018945,169005,7187950,2.723,0,0,0,0,0,0,0,0,0,0,0,0,0,0,0,0,0
18-11-2022,2022,11,November,Friday,4,0,4,322,0,0,,0,0,0,0,0,0,0,11,0.4898214,8,1,3.27,1571,7018945,169005,7187950,2.564,0,0,0,0,0,0,0,0,0,0,0,0,0,0,0,0,0
19-11-2022,2022,11,November,Saturday,5,1,4,323,0,0,,1,0,0,0,0,0,0,11,0.48589286,8,1,3.62,1571,7018945,169005,7187950,3.265,0,0,0,0,0,0,0,0,0,0,0,0,0,0,0,0,0
20-11-2022,2022,11,November,Sunday,6,1,4,324,0,0,,1,0,0,0,0,0,0,11,0.5360714,8,1,3.21,1571,7018945,169005,7187950,3.529,0,0,0,1,0,0,0,0,0,1,0,0,0,0,0,0,0
21-11-2022,2022,11,November,Monday,0,0,4,325,0,0,,0,0,0,0,0,0,0,11,0.5310714,8,1,2.74,1571,7018945,169005,7187950,3.949,0,0,0,1,1,0,0,0,0,1,1,0,0,0,0,0,0
22-11-2022,2022,11,November,Tuesday,1,0,4,326,0,0,,0,0,0,0,0,0,0,11,0.47428572,8,1,2.35,1571,7018945,169005,7187950,3.465,0,0,0,0,1,0,0,0,0,0,1,0,0,0,0,0,0
23-11-2022,2022,11,November,Wednesday,2,0,4,327,0,0,,0,0,0,0,0,0,0,11,0.43785715,8,1,2.21,1571,7018945,169005,7187950,2.338,0,0,0,0,0,0,0,0,0,0,0,0,0,0,0,0,0
24-11-2022,2022,11,November,Thursday,3,0,4,328,0,0,,0,0,0,0,0,0,2.731296539,11,0.46660712,8,1,1.95,1571,7018945,169005,7187950,2.399,0,0,2.731296539,0,0,0,0,0,0,0,0,0,0,0,0,0,0
25-11-2022,2022,11,November,Friday,4,0,4,329,0,0,,0,0,0,0,0,0,0,11,0.47428572,8,1,3.07,1571,7018945,169005,7187950,2.091,2.731296539,0,2.731296539,0,0,0,0,0,0,0,0,0,0,0,0,0,0
26-11-2022,2022,11,November,Saturday,5,1,4,330,0,0,,1,0,0,0,0,0,0.422444314,11,0.43982142,8,1,2.32,1571,7018945,169005,7187950,2.276,0,2.731296539,3.153740853,0,0,0,0,0,0,0,0,0,0,0,0,0,0
27-11-2022,2022,11,November,Sunday,6,1,4,331,0,0,,1,0,0,0,0,0,0.356554717,11,0.4030357,8,1,1.82,1571,7018945,169005,7187950,3.265,0.422444314,0,0.778999031,1,0,0,0,0,0,1,0,0,0,0,0,0,0
28-11-2022,2022,11,November,Monday,0,0,4,332,0,0,,0,0,0,0,0,0,1.222993493,11,0.38678572,8,1,1.9,1571,7018945,169005,7187950,3.143,0.356554717,0.422444314,2.001992524,1,1,0,0,0,0,1,1,0,0,0,0,0,0
29-11-2022,2022,11,November,Tuesday,1,0,4,333,0,0,,0,0,0,0,0,0,2.977680922,11,0.37571427,8,1,2.31,1571,7018945,169005,7187950,2.465,1.222993493,0.356554717,4.557229131,0,1,0,0,0,0,0,1,0,0,0,0,0,0
30-11-2022,2022,11,November,Wednesday,2,0,4,334,0,0,,0,0,0,0,0,0,0,11,0.3955357,8,1,2.25,1571,7018945,169005,7187950,2.158,2.977680922,1.222993493,4.200674415,0,0,0,0,0,0,0,0,0,0,0,0,0,0
01-12-2022,2022,12,December,Thursday,3,0,4,335,0,0,,0,0,0,0,0,0,0,11,0.36464286,8,1,2.39,1571,7018945,169005,7187950,3.093,0,2.977680922,2.977680922,0,0,0,0,0,0,0,0,0,0,0,0,0,0
02-12-2022,2022,12,December,Friday,4,0,4,336,0,0,,0,0,0,0,0,0,0,11,0.37875,8,1,2.15,1571,7018945,169005,7187950,5.21,0,0,0,0,0,0,0,0,0,0,0,0,0,0,0,0,0
03-12-2022,2022,12,December,Saturday,5,1,4,337,0,1,Feast of St. Francis Xavier,1,0,0,0,0,0,0,11,0.40607142,8,1,2.62,1571,7018945,169005,7187950,3.064,0,0,0,0,0,0,0,0,0,0,0,0,0,0,0,0,0
04-12-2022,2022,12,December,Sunday,6,1,4,338,0,0,,1,0,0,0,0,0,0,11,0.42785716,8,1,2.79,1571,7018945,169005,7187950,3.697,0,0,0,1,0,1,0,0,0,1,0,0,0,0,0,0,0
05-12-2022,2022,12,December,Monday,0,0,4,339,0,0,,0,0,0,0,0,0,0,11,0.3855357,8,1,3.07,1571,7018945,169005,7187950,4.099,0,0,0,1,1,0,1,0,0,1,1,0,0,0,0,0,0
06-12-2022,2022,12,December,Tuesday,1,0,4,340,0,0,,0,0,0,0,0,0,0,11,0.4169643,8,1,3.38,1571,7018945,169005,7187950,3.976,0,0,0,0,1,0,0,0,0,0,1,0,0,0,0,0,0
07-12-2022,2022,12,December,Wednesday,2,0,4,341,0,0,,0,0,0,0,0,0,0,11,0.5448214,8,1,3.6,1571,7018945,169005,7187950,2.616,0,0,0,0,0,0,0,0,0,0,0,0,0,0,0,0,0
08-12-2022,2022,12,December,Thursday,3,0,4,342,0,0,,0,0,0,0,0,0,0,11,0.51107144,8,1,3.47,1571,7018945,169005,7187950,3.111,0,0,0,0,0,0,0,0,0,0,0,0,0,0,0,0,0
09-12-2022,2022,12,December,Friday,4,0,4,343,0,0,,0,0,0,0,0,0,0,11,0.51857144,8,1,4.19,1571,7018945,169005,7187950,3.285,0,0,0,0,0,0,0,0,0,0,0,0,0,0,0,0,0
10-12-2022,2022,12,December,Saturday,5,1,4,344,0,0,,1,0,0,0,0,0,0,11,0.5105357,8,1,2.85,1571,7018945,169005,7187950,3.791,0,0,0,0,0,0,0,0,0,0,0,0,0,0,0,0,0
11-12-2022,2022,12,December,Sunday,6,1,4,345,0,0,,1,0,0,0,0,0,0.016075745,11,0.4555357,8,1,2.46,1571,7018945,169005,7187950,4.925,0,0,0.016075745,1,0,0,0,0,0,1,0,0,0,0,0,0,0
12-12-2022,2022,12,December,Monday,0,0,4,346,0,0,,0,0,0,0,0,0,6.461575031,11,0.51446426,8,1,2.44,1571,7018945,169005,7187950,2.922,0.016075745,0,6.477650777,1,1,0,0,0,0,1,1,0,0,0,0,0,0
13-12-2022,2022,12,December,Tuesday,1,0,4,347,0,0,,0,0,0,0,0,0,0.011213295,11,0.6808928,8,1,4.18,1571,7018945,169005,7187950,2.905,6.461575031,0.016075745,6.488864072,0,1,0,0,0,0,0,1,0,0,0,0,0,0
14-12-2022,2022,12,December,Wednesday,2,0,4,348,0,0,,0,0,0,0,0,0,0.463646203,11,0.85321426,8,1,3.59,1571,7018945,169005,7187950,3.501,0.011213295,6.461575031,6.93643453,0,0,0,0,0,0,0,0,0,0,0,0,0,0
15-12-2022,2022,12,December,Thursday,3,0,4,349,0,0,,0,0,0,0,0,0,0,11,0.63910717,8,1,2.56,1571,7018945,169005,7187950,2.708,0.463646203,0.011213295,0.474859498,0,0,0,0,0,0,0,0,0,0,0,0,0,0
16-12-2022,2022,12,December,Friday,4,0,4,350,0,0,,0,0,0,0,0,0,0,11,0.5033929,8,1,2.47,1571,7018945,169005,7187950,3.753,0,0.463646203,0.463646203,0,0,0,0,0,0,0,0,0,0,0,0,0,0
17-12-2022,2022,12,December,Saturday,5,1,4,351,0,0,,1,0,0,0,0,0,0,11,0.44214284,8,1,2.29,1571,7018945,169005,7187950,4,0,0,0,0,0,0,0,0,0,0,0,0,0,0,0,0,0
18-12-2022,2022,12,December,Sunday,6,1,4,352,0,0,,1,0,0,0,0,0,0,11,0.4982143,8,1,2.78,1571,7018945,169005,7187950,4.543,0,0,0,1,0,0,0,0,0,1,0,0,0,0,0,0,0
19-12-2022,2022,12,December,Monday,0,0,4,353,0,1,Goa Liberation Day,1,0,0,0,0,0,0,11,0.5016071,8,1,3.51,1571,7018945,169005,7187950,3.793,0,0,0,1,1,0,0,0,0,1,1,0,0,0,0,0,0
20-12-2022,2022,12,December,Tuesday,1,0,4,354,0,0,,0,0,0,0,0,0,0,11,0.535,8,1,2.59,1571,7018945,169005,7187950,4.679,0,0,0,0,1,1,0,0,0,1,1,0,0,0,0,0,0
21-12-2022,2022,12,December,Wednesday,2,0,4,355,0,0,,0,0,0,0,0,0,0,11,0.53821427,8,1,2.56,1571,7018945,169005,7187950,5.589,0,0,0,0,0,0,1,0,0,0,1,0,0,0,0,0,0
22-12-2022,2022,12,December,Thursday,3,0,4,356,0,0,,0,0,0,0,0,0,0,11,0.5839286,8,1,2.86,1571,7018945,169005,7187950,5.333,0,0,0,0,0,0,0,0,0,0,0,0,0,0,0,0,0
23-12-2022,2022,12,December,Friday,4,0,4,357,0,0,,0,0,0,0,0,0,0,11,0.7394643,8,1,2.58,1571,7018945,169005,7187950,5.215,0,0,0,0,0,0,0,0,0,0,0,0,0,0,0,0,0
24-12-2022,2022,12,December,Saturday,5,1,4,358,0,0,,1,0,0,0,0,0,0,11,0.82375,8,1,2.77,1571,7018945,169005,7187950,5.542,0,0,0,0,0,0,0,0,0,0,0,0,0,0,0,0,0
25-12-2022,2022,12,December,Sunday,6,1,4,359,0,1,Christmas Day,1,0,0,0,0,0,0,11,0.73589283,8,1,3.03,1571,7018945,169005,7187950,5.103,0,0,0,1,0,0,0,0,0,1,0,0,0,0,0,0,0
26-12-2022,2022,12,December,Monday,0,0,4,360,0,0,,0,0,0,0,0,0,0,11,0.64125,8,1,3.04,1571,7018945,169005,7187950,4.779,0,0,0,1,1,1,0,0,0,1,1,0,0,0,0,0,0
27-12-2022,2022,12,December,Tuesday,1,0,4,361,0,0,,0,0,0,0,0,0,0,11,0.5896429,8,1,3.08,1571,7018945,169005,7187950,4.414,0,0,0,0,1,0,1,0,0,0,1,0,0,0,0,0,0
28-12-2022,2022,12,December,Wednesday,2,0,4,362,0,0,,0,0,0,0,0,0,0,11,0.5648214,8,1,2.87,1571,7018945,169005,7187950,4.74,0,0,0,0,0,0,0,0,0,0,0,0,0,0,0,0,0
29-12-2022,2022,12,December,Thursday,3,0,4,363,0,0,,0,0,0,0,0,0,0,11,0.56214285,8,1,2.86,1571,7018945,169005,7187950,5.423,0,0,0,0,0,0,0,0,0,0,0,0,0,0,0,0,0
30-12-2022,2022,12,December,Friday,4,0,4,364,0,0,,0,0,0,0,0,0,0,11,0.6126786,8,1,2.89,1571,7018945,169005,7187950,4.282,0,0,0,0,0,0,0,0,0,0,0,0,0,0,0,0,0
31-12-2022,2022,12,December,Saturday,5,1,4,365,0,0,,1,0,0,0,0,0,0,11,0.5882143,8,1,2.55,1571,7018945,169005,7187950,4.652,0,0,0,0,0,0,0,0,0,0,0,0,0,0,0,0,0
01-01-2023,2023,1,January,Sunday,6,1,1,1,0,0,,1,0,0,0,0,0,0,11,0.73803574,8,1,3.14,1579,8175460,452702,8628162,7.902,0,0,0,1,0,0,0,0,0,1,0,0,0,0,0,0,0
02-01-2023,2023,1,January,Monday,0,0,1,2,0,0,,0,0,0,0,0,0,0,11,0.6930357,8,1,2.73,1579,8175460,452702,8628162,6.013,0,0,0,1,1,0,0,0,0,1,1,0,0,0,0,0,0
03-01-2023,2023,1,January,Tuesday,1,0,1,3,0,0,,0,0,0,0,0,0,0,11,0.60732144,8,1,2.66,1579,8175460,452702,8628162,4.355,0,0,0,0,1,0,0,0,0,0,1,0,0,0,0,0,0
04-01-2023,2023,1,January,Wednesday,2,0,1,4,0,0,,0,0,0,0,0,0,0,11,0.59625,8,1,2.59,1579,8175460,452702,8628162,4.221,0,0,0,0,0,0,0,0,0,0,0,0,0,0,0,0,0
05-01-2023,2023,1,January,Thursday,3,0,1,5,0,0,,0,0,0,0,0,0,0,11,0.6241071,8,1,3.25,1579,8175460,452702,8628162,4.744,0,0,0,0,0,0,0,0,0,0,0,0,0,0,0,0,0
06-01-2023,2023,1,January,Friday,4,0,1,6,0,0,,0,0,0,0,0,0,0,11,0.5394643,8,1,2.84,1579,8175460,452702,8628162,4.462,0,0,0,0,0,0,0,0,0,0,0,0,0,0,0,0,0
07-01-2023,2023,1,January,Saturday,5,1,1,7,0,0,,1,0,0,0,0,0,0,11,0.47285715,8,1,3.53,1579,8175460,452702,8628162,5.619,0,0,0,0,0,0,0,0,0,0,0,0,0,0,0,0,0
08-01-2023,2023,1,January,Sunday,6,1,1,8,0,0,,1,0,0,0,0,0,0,11,0.4235714,8,1,3.05,1579,8175460,452702,8628162,5.953,0,0,0,1,0,0,0,0,0,1,0,0,0,0,0,0,0
09-01-2023,2023,1,January,Monday,0,0,1,9,0,0,,0,0,0,0,0,0,0,11,0.5075,8,1,3.5,1579,8175460,452702,8628162,5.683,0,0,0,1,1,0,0,0,0,1,1,0,0,0,0,0,0
10-01-2023,2023,1,January,Tuesday,1,0,1,10,0,0,,0,0,0,0,0,0,0,11,0.54232144,8,1,3.22,1579,8175460,452702,8628162,5.219,0,0,0,0,1,0,0,0,0,0,1,0,0,0,0,0,0
11-01-2023,2023,1,January,Wednesday,2,0,1,11,0,0,,0,0,0,0,0,0,0,11,0.47625,8,1,2.87,1579,8175460,452702,8628162,6.59,0,0,0,0,0,0,0,0,0,0,0,0,0,0,0,0,0
12-01-2023,2023,1,January,Thursday,3,0,1,12,0,0,,0,0,0,0,0,0,0,11,0.6685714,8,1,3.69,1579,8175460,452702,8628162,5.195,0,0,0,0,0,0,0,0,0,0,0,0,0,0,0,0,0
13-01-2023,2023,1,January,Friday,4,0,1,13,0,0,,0,0,0,0,0,0,0,11,1.0382143,8,1,4.46,1579,8175460,452702,8628162,3.62,0,0,0,0,0,0,0,0,0,0,0,0,0,0,0,0,0
14-01-2023,2023,1,January,Saturday,5,1,1,14,0,0,,1,0,0,0,0,0,0,11,0.9530357,8,1,3.9,1579,8175460,452702,8628162,5.397,0,0,0,0,0,0,0,0,0,0,0,0,0,0,0,0,0
15-01-2023,2023,1,January,Sunday,6,1,1,15,0,0,,1,0,0,0,0,0,0,11,0.8483929,8,1,3.63,1579,8175460,452702,8628162,4.88,0,0,0,1,0,0,0,0,0,1,0,0,0,0,0,0,0
16-01-2023,2023,1,January,Monday,0,0,1,16,0,0,,0,0,0,0,0,0,0,11,0.6158929,8,1,3.54,1579,8175460,452702,8628162,4.561,0,0,0,1,1,0,0,0,0,1,1,0,0,0,0,0,0
17-01-2023,2023,1,January,Tuesday,1,0,1,17,0,0,,0,0,0,0,0,0,0,11,0.5378571,8,1,3.56,1579,8175460,452702,8628162,5.206,0,0,0,0,1,0,0,0,0,0,1,0,0,0,0,0,0
18-01-2023,2023,1,January,Wednesday,2,0,1,18,0,0,,0,0,0,0,0,0,0,11,0.43857142,8,1,3.15,1579,8175460,452702,8628162,3.637,0,0,0,0,0,0,0,0,0,0,0,0,0,0,0,0,0
19-01-2023,2023,1,January,Thursday,3,0,1,19,0,0,,0,0,0,0,0,0,0,11,0.4526786,8,1,2.99,1579,8175460,452702,8628162,3.235,0,0,0,0,0,0,0,0,0,0,0,0,0,0,0,0,0
20-01-2023,2023,1,January,Friday,4,0,1,20,0,0,,0,0,0,0,0,0,0,11,0.40982142,8,1,3.01,1579,8175460,452702,8628162,2.88,0,0,0,0,0,0,0,0,0,0,0,0,0,0,0,0,0
21-01-2023,2023,1,January,Saturday,5,1,1,21,0,0,,1,0,0,0,0,0,0,11,0.4755357,8,1,3.48,1579,8175460,452702,8628162,3.305,0,0,0,0,0,0,0,0,0,0,0,0,0,0,0,0,0
22-01-2023,2023,1,January,Sunday,6,1,1,22,0,0,,1,0,0,0,0,0,0,11,0.77250004,8,1,4.08,1579,8175460,452702,8628162,4.441,0,0,0,1,0,0,0,0,0,1,0,0,0,0,0,0,0
23-01-2023,2023,1,January,Monday,0,0,1,23,0,0,,0,0,0,0,0,0,0,11,0.97660714,8,1,4.52,1579,8175460,452702,8628162,4.82,0,0,0,1,1,0,0,0,0,1,1,0,0,0,0,0,0
24-01-2023,2023,1,January,Tuesday,1,0,1,24,0,0,,0,0,0,0,0,0,0,11,0.90089285,8,1,4.49,1579,8175460,452702,8628162,4.668,0,0,0,0,1,0,0,0,0,0,1,0,0,0,0,0,0
25-01-2023,2023,1,January,Wednesday,2,0,1,25,0,0,,0,0,0,0,0,0,0,11,0.9339286,8,1,4.82,1579,8175460,452702,8628162,3.656,0,0,0,0,0,0,0,0,0,0,0,0,0,0,0,0,0
26-01-2023,2023,1,January,Thursday,3,0,1,26,0,1,Republic Day,1,0,0,0,0,0,0.00386893,11,0.86410713,8,1,3.9,1579,8175460,452702,8628162,2.972,0,0,0.00386893,0,0,0,0,0,0,0,0,0,0,0,0,0,0
27-01-2023,2023,1,January,Friday,4,0,1,27,0,0,,0,0,0,0,0,0,0,11,0.71910715,8,1,3.47,1579,8175460,452702,8628162,3.62,0.00386893,0,0.00386893,0,0,1,0,0,0,1,0,0,0,0,0,0,0
28-01-2023,2023,1,January,Saturday,5,1,1,28,0,0,,1,0,0,0,0,0,0,11,0.58767855,8,1,3.13,1579,8175460,452702,8628162,3.815,0,0.00386893,0.00386893,0,0,0,1,0,0,0,1,0,0,0,0,0,0
29-01-2023,2023,1,January,Sunday,6,1,1,29,0,0,,1,0,0,0,0,0,0,11,0.56142855,8,1,3.82,1579,8175460,452702,8628162,4.648,0,0,0,1,0,0,0,0,0,1,0,0,0,0,0,0,0
30-01-2023,2023,1,January,Monday,0,0,1,30,0,0,,0,0,0,0,0,0,0,11,0.7719643,8,1,4.47,1579,8175460,452702,8628162,5.014,0,0,0,1,1,0,0,0,0,1,1,0,0,0,0,0,0
31-01-2023,2023,1,January,Tuesday,1,0,1,31,0,0,,0,0,0,0,0,0,0,11,0.94839287,8,1,3.15,1579,8175460,452702,8628162,4.734,0,0,0,0,1,0,0,0,0,0,1,0,0,0,0,0,0
01-02-2023,2023,2,February,Wednesday,2,0,1,32,0,0,,0,0,0,0,0,0,0,11,0.7317857,8,1,3.04,1579,8175460,452702,8628162,4.412,0,0,0,0,0,0,0,0,0,0,0,0,0,0,0,0,0
02-02-2023,2023,2,February,Thursday,3,0,1,33,0,0,,0,0,0,0,0,0,0,11,0.5839286,8,1,3.34,1579,8175460,452702,8628162,4.177,0,0,0,0,0,0,0,0,0,0,0,0,0,0,0,0,0
03-02-2023,2023,2,February,Friday,4,0,1,34,0,0,,0,0,0,0,0,0,0,11,0.5798214,8,1,4.14,1579,8175460,452702,8628162,4.282,0,0,0,0,0,0,0,0,0,0,0,0,0,0,0,0,0
04-02-2023,2023,2,February,Saturday,5,1,1,35,0,0,,1,0,0,0,0,0,0,11,0.57428575,8,1,3.58,1579,8175460,452702,8628162,3.847,0,0,0,0,0,0,0,0,0,0,0,0,0,0,0,0,0
05-02-2023,2023,2,February,Sunday,6,1,1,36,0,0,,1,0,0,0,0,0,0,11,0.5057143,8,1,3.17,1579,8175460,452702,8628162,3.979,0,0,0,1,0,0,0,0,0,1,0,0,0,0,0,0,0
06-02-2023,2023,2,February,Monday,0,0,1,37,0,0,,0,0,0,0,0,0,0,11,0.6594643,8,1,3.73,1579,8175460,452702,8628162,4.011,0,0,0,1,1,0,0,0,0,1,1,0,0,0,0,0,0
07-02-2023,2023,2,February,Tuesday,1,0,1,38,0,0,,0,0,0,0,0,0,0,11,0.7130357,8,1,3.53,1579,8175460,452702,8628162,4.333,0,0,0,0,1,0,0,0,0,0,1,0,0,0,0,0,0
08-02-2023,2023,2,February,Wednesday,2,0,1,39,0,0,,0,0,0,0,0,0,0,11,0.6767857,8,1,3.54,1579,8175460,452702,8628162,3.798,0,0,0,0,0,0,0,0,0,0,0,0,0,0,0,0,0
09-02-2023,2023,2,February,Thursday,3,0,1,40,0,0,,0,0,0,0,0,0,0,11,0.6035714,8,1,3.05,1579,8175460,452702,8628162,4.069,0,0,0,0,0,0,0,0,0,0,0,0,0,0,0,0,0
10-02-2023,2023,2,February,Friday,4,0,1,41,0,0,,0,0,0,0,0,0,0,11,0.5975,8,1,2.62,1579,8175460,452702,8628162,3.754,0,0,0,0,0,0,0,0,0,0,0,0,0,0,0,0,0
11-02-2023,2023,2,February,Saturday,5,1,1,42,0,0,,1,0,0,0,0,0,0,11,0.68375003,8,1,3.05,1579,8175460,452702,8628162,3.973,0,0,0,0,0,0,0,0,0,0,0,0,0,0,0,0,0
12-02-2023,2023,2,February,Sunday,6,1,1,43,0,0,,1,0,0,0,0,0,0,11,0.71517855,8,1,3.31,1579,8175460,452702,8628162,4.778,0,0,0,1,0,0,0,0,0,1,0,0,0,0,0,0,0
13-02-2023,2023,2,February,Monday,0,0,1,44,0,0,,0,0,0,0,0,0,0,11,0.6894643,8,1,3.81,1579,8175460,452702,8628162,3.141,0,0,0,1,1,0,0,0,0,1,1,0,0,0,0,0,0
14-02-2023,2023,2,February,Tuesday,1,0,1,45,0,0,,0,0,0,0,0,0,0,11,0.54142857,8,1,3.74,1579,8175460,452702,8628162,4.714,0,0,0,0,1,0,0,0,0,0,1,0,0,0,0,0,0
15-02-2023,2023,2,February,Wednesday,2,0,1,46,0,0,,0,0,0,0,0,0,0,11,0.49017859,8,1,3.03,1579,8175460,452702,8628162,2.539,0,0,0,0,0,0,0,0,0,0,0,0,0,0,0,0,0
16-02-2023,2023,2,February,Thursday,3,0,1,47,0,0,,0,0,0,0,0,0,0,11,0.49410713,8,1,2.85,1579,8175460,452702,8628162,2.164,0,0,0,0,0,0,0,0,0,0,0,0,0,0,0,0,0
17-02-2023,2023,2,February,Friday,4,0,1,48,0,0,,0,0,0,0,0,0,0,11,0.53232145,8,1,3.87,1579,8175460,452702,8628162,2.571,0,0,0,0,0,0,0,0,0,0,0,0,0,0,0,0,0
18-02-2023,2023,2,February,Saturday,5,1,1,49,0,0,,1,1,0,0,0,1,0,11,0.49928573,8,1,3.43,1579,8175460,452702,8628162,3.976,0,0,0,0,0,0,0,0,0,0,0,0,0,0,0,0,0
19-02-2023,2023,2,February,Sunday,6,1,1,50,0,0,,1,1,0,0,0,1,0,11,0.44125003,8,1,2.92,1579,8175460,452702,8628162,4.73,0,0,0,1,0,0,0,1,0,1,0,1,0,0,0,0,0
20-02-2023,2023,2,February,Monday,0,0,1,51,0,0,,0,1,0,0,0,1,0,11,0.44553572,8,1,3.04,1579,8175460,452702,8628162,4.959,0,0,0,1,1,0,0,1,1,1,1,1,1,0,0,0,0
21-02-2023,2023,2,February,Tuesday,1,0,1,52,0,0,,0,1,0,0,0,1,0,11,0.5175,8,1,3.3,1579,8175460,452702,8628162,5.634,0,0,0,0,1,0,0,1,1,0,1,1,1,0,0,0,0
22-02-2023,2023,2,February,Wednesday,2,0,1,53,0,0,,0,0,0,0,0,0,0,11,0.75357145,8,1,3.12,1579,8175460,452702,8628162,5.998,0,0,0,0,0,0,0,1,1,0,0,1,1,0,0,0,0
23-02-2023,2023,2,February,Thursday,3,0,1,54,0,0,,0,0,0,0,0,0,0,11,0.7178571,8,1,3.47,1579,8175460,452702,8628162,4.485,0,0,0,0,0,0,0,0,1,0,0,0,1,0,0,0,0
24-02-2023,2023,2,February,Friday,4,0,1,55,0,0,,0,0,0,0,0,0,0,11,0.54410714,8,1,3.53,1579,8175460,452702,8628162,4.877,0,0,0,0,0,0,0,0,0,0,0,0,0,0,0,0,0
25-02-2023,2023,2,February,Saturday,5,1,1,56,0,0,,1,0,0,0,0,0,0,11,0.5475,8,1,2.84,1579,8175460,452702,8628162,4.623,0,0,0,0,0,0,0,0,0,0,0,0,0,0,0,0,0
26-02-2023,2023,2,February,Sunday,6,1,1,57,0,0,,1,0,0,0,0,0,0,11,0.6230357,8,1,3.31,1579,8175460,452702,8628162,4.004,0,0,0,1,0,0,0,0,0,1,0,0,0,0,0,0,0
27-02-2023,2023,2,February,Monday,0,0,1,58,0,0,,0,0,0,0,0,0,0,11,0.5655357,8,1,3.77,1579,8175460,452702,8628162,3.519,0,0,0,1,1,0,0,0,0,1,1,0,0,0,0,0,0
28-02-2023,2023,2,February,Tuesday,1,0,1,59,0,0,,0,0,0,0,0,0,0,11,0.51785713,8,1,3.82,1579,8175460,452702,8628162,2.832,0,0,0,0,1,0,0,0,0,0,1,0,0,0,0,0,0
01-03-2023,2023,3,March,Wednesday,2,0,1,60,0,0,,0,0,0,0,0,0,0,11,0.4825,8,1,3.2,1579,8175460,452702,8628162,2.455,0,0,0,0,0,0,0,0,0,0,0,0,0,0,0,0,0
02-03-2023,2023,3,March,Thursday,3,0,1,61,0,0,,0,0,0,0,0,0,0,11,0.46125,8,1,3.38,1579,8175460,452702,8628162,2.661,0,0,0,0,0,0,0,0,0,0,0,0,0,0,0,0,0
03-03-2023,2023,3,March,Friday,4,0,1,62,0,0,,0,0,0,0,0,0,0,11,0.43,8,1,2.92,1579,8175460,452702,8628162,3.292,0,0,0,0,0,0,0,0,0,0,0,0,0,0,0,0,0
04-03-2023,2023,3,March,Saturday,5,1,1,63,0,0,,1,0,0,0,0,0,0,11,0.43124998,8,1,3.27,1579,8175460,452702,8628162,4.495,0,0,0,0,0,0,0,0,0,0,0,0,0,0,0,0,0
05-03-2023,2023,3,March,Sunday,6,1,1,64,0,0,,1,0,0,0,0,0,0,11,0.41535714,8,1,3.17,1579,8175460,452702,8628162,3.342,0,0,0,1,0,0,0,0,0,1,0,0,0,0,0,0,0
06-03-2023,2023,3,March,Monday,0,0,1,65,0,0,,0,0,0,0,0,0,0,11,0.41464287,8,1,3.31,1579,8175460,452702,8628162,3.46,0,0,0,1,1,0,0,0,0,1,1,0,0,0,0,0,0
07-03-2023,2023,3,March,Tuesday,1,0,1,66,0,1,Holi,1,0,0,0,0,0,0,11,0.4532143,8,1,2.71,1579,8175460,452702,8628162,2.959,0,0,0,0,1,0,0,0,0,0,1,0,0,0,0,0,0
08-03-2023,2023,3,March,Wednesday,2,0,1,67,0,0,,0,0,1,0,0,1,0,11,0.57,8,1,3.5,1579,8175460,452702,8628162,3.62,0,0,0,0,0,1,0,0,0,1,0,0,0,0,0,0,0
09-03-2023,2023,3,March,Thursday,3,0,1,68,0,0,,0,0,1,0,0,1,0,11,0.6119643,8,1,2.46,1579,8175460,452702,8628162,3.684,0,0,0,0,0,0,1,1,0,0,1,0,0,1,0,0,0
10-03-2023,2023,3,March,Friday,4,0,1,69,0,0,,0,0,1,0,0,1,0,11,0.53267854,8,1,3.43,1579,8175460,452702,8628162,2.833,0,0,0,0,0,0,0,1,1,0,0,0,0,1,1,0,0
11-03-2023,2023,3,March,Saturday,5,1,1,70,0,0,,1,0,1,0,0,1,0,11,0.54785717,8,1,3.49,1579,8175460,452702,8628162,4.017,0,0,0,0,0,0,0,1,1,0,0,0,0,1,1,0,0
12-03-2023,2023,3,March,Sunday,6,1,1,71,0,0,,1,0,1,0,0,1,0,11,0.51660717,8,1,3.01,1579,8175460,452702,8628162,3.843,0,0,0,1,0,0,0,1,1,1,0,0,0,1,1,0,0
13-03-2023,2023,3,March,Monday,0,0,1,72,0,0,,0,0,1,0,0,1,0,11,0.47071427,8,1,3.17,1579,8175460,452702,8628162,3.483,0,0,0,1,1,0,0,1,1,1,1,0,0,1,1,0,0
14-03-2023,2023,3,March,Tuesday,1,0,1,73,0,0,,0,0,1,0,0,1,0,11,0.45035714,8,1,2.87,1579,8175460,452702,8628162,3.005,0,0,0,0,1,0,0,1,1,0,1,0,0,1,1,0,0
15-03-2023,2023,3,March,Wednesday,2,0,1,74,0,0,,0,0,1,0,0,1,0,11,0.4605357,8,1,2.37,1579,8175460,452702,8628162,3.032,0,0,0,0,0,0,0,1,1,0,0,0,0,1,1,0,0
16-03-2023,2023,3,March,Thursday,3,0,1,75,0,0,,0,0,1,0,0,1,0.482741177,11,0.50464284,8,1,2.17,1579,8175460,452702,8628162,3.599,0,0,0.482741177,0,0,0,0,1,1,0,0,0,0,1,1,0,0
17-03-2023,2023,3,March,Friday,4,0,1,76,0,0,,0,0,1,0,0,1,0,11,0.54625,8,1,2.73,1579,8175460,452702,8628162,3.592,0.482741177,0,0.482741177,0,0,0,0,1,1,0,0,0,0,1,1,0,0
18-03-2023,2023,3,March,Saturday,5,1,1,77,0,0,,1,0,1,0,0,1,0.033906445,11,0.5114286,8,1,3.41,1579,8175460,452702,8628162,4.116,0,0.482741177,0.516647622,0,0,0,0,1,1,0,0,0,0,1,1,0,0
19-03-2023,2023,3,March,Sunday,6,1,1,78,0,0,,1,0,1,0,0,1,0,11,0.56392854,8,1,4.16,1579,8175460,452702,8628162,4.527,0.033906445,0,0.033906445,1,0,0,0,1,1,1,0,0,0,1,1,0,0
20-03-2023,2023,3,March,Monday,0,0,1,79,0,0,,0,0,1,0,0,1,0,11,0.5894643,8,1,3.99,1579,8175460,452702,8628162,2.148,0,0.033906445,0.033906445,1,1,0,0,1,1,1,1,0,0,1,1,0,0
21-03-2023,2023,3,March,Tuesday,1,0,1,80,0,0,,0,0,1,0,0,1,0,11,0.57589287,8,1,4.58,1579,8175460,452702,8628162,4.059,0,0,0,0,1,0,0,1,1,0,1,0,0,1,1,0,0
22-03-2023,2023,3,March,Wednesday,2,0,1,81,0,1,Gudi Padva,1,0,0,0,0,0,0,11,0.7123214,8,1,5.14,1579,8175460,452702,8628162,3.134,0,0,0,0,0,0,0,1,1,0,0,0,0,1,1,0,0
23-03-2023,2023,3,March,Thursday,3,0,1,82,0,0,,0,0,0,0,0,0,0,11,0.8607143,8,1,5.52,1579,8175460,452702,8628162,3.779,0,0,0,0,0,1,0,0,1,1,0,0,0,0,1,0,0
24-03-2023,2023,3,March,Friday,4,0,1,83,0,0,,0,0,0,0,0,0,0,11,1.0030358,8,1,5.33,1579,8175460,452702,8628162,3.358,0,0,0,0,0,0,1,0,0,0,1,0,0,0,0,0,0
25-03-2023,2023,3,March,Saturday,5,1,1,84,0,0,,1,0,0,0,0,0,0,11,0.9860714,8,1,4.84,1579,8175460,452702,8628162,4.247,0,0,0,0,0,0,0,0,0,0,0,0,0,0,0,0,0
26-03-2023,2023,3,March,Sunday,6,1,1,85,0,0,,1,0,0,0,0,0,0,11,1.0185714,8,1,4.56,1579,8175460,452702,8628162,4.374,0,0,0,1,0,0,0,0,0,1,0,0,0,0,0,0,0
27-03-2023,2023,3,March,Monday,0,0,1,86,0,0,,0,0,0,0,0,0,0,11,0.76500005,8,1,4.58,1579,8175460,452702,8628162,6.191,0,0,0,1,1,0,0,0,0,1,1,0,0,0,0,0,0
28-03-2023,2023,3,March,Tuesday,1,0,1,87,0,0,,0,0,0,0,0,0,0,11,0.6680357,8,1,4.24,1579,8175460,452702,8628162,3.57,0,0,0,0,1,0,0,0,0,0,1,0,0,0,0,0,0
29-03-2023,2023,3,March,Wednesday,2,0,1,88,0,0,,0,0,0,0,0,0,0,11,0.53089285,8,1,3.76,1579,8175460,452702,8628162,4.513,0,0,0,0,0,0,0,0,0,0,0,0,0,0,0,0,0
30-03-2023,2023,3,March,Thursday,3,0,1,89,0,0,,0,0,0,0,0,0,0,11,0.5608929,8,1,3.4,1579,8175460,452702,8628162,5.239,0,0,0,0,0,0,0,0,0,0,0,0,0,0,0,0,0
31-03-2023,2023,3,March,Friday,4,0,1,90,0,0,,0,0,0,0,0,0,0,11,0.5419643,8,1,3.2,1579,8175460,452702,8628162,4.162,0,0,0,0,0,0,0,0,0,0,0,0,0,0,0,0,0
01-04-2023,2023,4,April,Saturday,5,1,2,91,0,0,,1,0,0,0,0,0,0,11,0.70767856,8,1,4.49,1579,8175460,452702,8628162,3.68,0,0,0,0,0,0,0,0,0,0,0,0,0,0,0,0,0
02-04-2023,2023,4,April,Sunday,6,1,2,92,0,0,,1,0,0,0,0,0,0,11,0.7428571,8,1,4.52,1579,8175460,452702,8628162,4.227,0,0,0,1,0,0,0,0,0,1,0,0,0,0,0,0,0
03-04-2023,2023,4,April,Monday,0,0,2,93,0,0,,0,0,0,0,0,0,0,11,0.715,8,1,4.44,1579,8175460,452702,8628162,1.319,0,0,0,1,1,0,0,0,0,1,1,0,0,0,0,0,0
04-04-2023,2023,4,April,Tuesday,1,0,2,94,0,0,,0,0,0,0,0,0,0,11,0.6646429,8,1,3.19,1579,8175460,452702,8628162,3.113,0,0,0,0,1,0,0,0,0,0,1,0,0,0,0,0,0
05-04-2023,2023,4,April,Wednesday,2,0,2,95,0,0,,0,0,0,0,0,0,0,11,0.63767856,8,1,4.03,1579,8175460,452702,8628162,3.005,0,0,0,0,0,0,0,0,0,0,0,0,0,0,0,0,0
06-04-2023,2023,4,April,Thursday,3,0,2,96,0,0,,0,0,0,0,0,0,0,11,0.6753571,8,1,3.87,1579,8175460,452702,8628162,3.132,0,0,0,0,0,0,0,0,0,0,0,0,0,0,0,0,0
07-04-2023,2023,4,April,Friday,4,0,2,97,0,1,Good Friday,1,0,0,0,0,0,0.048542026,11,0.6166071,8,1,2.95,1579,8175460,452702,8628162,2.822,0,0,0.048542026,0,0,0,0,0,0,0,0,0,0,0,0,0,0
08-04-2023,2023,4,April,Saturday,5,1,2,98,0,0,,1,0,0,0,0,0,0.393931568,11,0.6323214,8,1,3.15,1579,8175460,452702,8628162,2.456,0.048542026,0,0.442473594,0,0,1,0,0,0,1,0,0,0,0,0,0,0
09-04-2023,2023,4,April,Sunday,6,1,2,99,0,0,,1,0,0,0,0,0,1.33219862,11,0.62714285,8,1,3.54,1579,8175460,452702,8628162,2.095,0.393931568,0.048542026,1.774672214,1,0,0,1,0,0,1,1,0,0,0,0,0,0
10-04-2023,2023,4,April,Monday,0,0,2,100,0,0,,0,0,0,0,0,0,0.003820932,11,0.60392857,8,1,2.8,1579,8175460,452702,8628162,2.09,1.33219862,0.393931568,1.72995112,1,1,0,0,0,0,1,1,0,0,0,0,0,0
11-04-2023,2023,4,April,Tuesday,1,0,2,101,0,0,,0,0,0,0,0,0,0.069581062,11,0.66714287,8,1,3.01,1579,8175460,452702,8628162,2.279,0.003820932,1.33219862,1.405600614,0,1,0,0,0,0,0,1,0,0,0,0,0,0
12-04-2023,2023,4,April,Wednesday,2,0,2,102,0,0,,0,0,0,0,0,0,0,11,0.62464285,8,1,3.51,1579,8175460,452702,8628162,2.467,0.069581062,0.003820932,0.073401994,0,0,0,0,0,0,0,0,0,0,0,0,0,0
13-04-2023,2023,4,April,Thursday,3,0,2,103,0,0,,0,0,0,0,0,0,0,11,0.6198214,8,1,2.87,1579,8175460,452702,8628162,1.434,0,0.069581062,0.069581062,0,0,0,0,0,0,0,0,0,0,0,0,0,0
14-04-2023,2023,4,April,Friday,4,0,2,104,0,1,Birth Anniversary of Dr. Babasaheb Ambedkar,1,0,0,0,0,0,0,11,0.6414286,8,1,1.9,1579,8175460,452702,8628162,4.07,0,0,0,0,0,0,0,0,0,0,0,0,0,0,0,0,0
15-04-2023,2023,4,April,Saturday,5,1,2,105,0,0,,1,0,0,0,0,0,1.491192937,11,0.67803574,8,1,3.03,1579,8175460,452702,8628162,3.237,0,0,1.491192937,0,0,1,0,0,0,1,0,0,0,0,0,0,0
16-04-2023,2023,4,April,Sunday,6,1,2,106,0,0,,1,0,0,0,0,0,0,11,0.64339286,8,1,3.49,1579,8175460,452702,8628162,3.482,1.491192937,0,1.491192937,1,0,0,1,0,0,1,1,0,0,0,0,0,0
17-04-2023,2023,4,April,Monday,0,0,2,107,0,0,,0,0,0,0,0,0,0,11,0.645,8,1,3.56,1579,8175460,452702,8628162,2.999,0,1.491192937,1.491192937,1,1,0,0,0,0,1,1,0,0,0,0,0,0
18-04-2023,2023,4,April,Tuesday,1,0,2,108,0,0,,0,0,0,0,0,0,0,11,0.67535716,8,1,3.55,1579,8175460,452702,8628162,2.8,0,0,0,0,1,0,0,0,0,0,1,0,0,0,0,0,0
19-04-2023,2023,4,April,Wednesday,2,0,2,109,0,0,,0,0,0,0,0,0,0,11,0.6775,8,1,2.75,1579,8175460,452702,8628162,2.952,0,0,0,0,0,0,0,0,0,0,0,0,0,0,0,0,0
20-04-2023,2023,4,April,Thursday,3,0,2,110,0,0,,0,0,0,0,0,0,0.020634292,11,0.68392855,8,1,2.33,1579,8175460,452702,8628162,3.246,0,0,0.020634292,0,0,0,0,0,0,0,0,0,0,0,0,0,0
21-04-2023,2023,4,April,Friday,4,0,2,111,0,0,,0,0,0,0,0,0,0.018164165,11,0.74,8,1,3.34,1579,8175460,452702,8628162,2.963,0.020634292,0,0.038798457,0,0,0,0,0,0,0,0,0,0,0,0,0,0
22-04-2023,2023,4,April,Saturday,5,1,2,112,0,1,Id-Ul Fitr,1,0,0,0,0,0,0.257748395,11,0.82607144,8,1,4.89,1579,8175460,452702,8628162,3.964,0.018164165,0.020634292,0.296546852,0,0,0,0,0,0,0,0,0,0,0,0,0,0
23-04-2023,2023,4,April,Sunday,6,1,2,113,0,0,,1,0,0,0,0,0,0,11,0.85892856,8,1,5.03,1579,8175460,452702,8628162,3.205,0.257748395,0.018164165,0.275912561,1,0,1,0,0,0,1,0,0,0,0,0,0,0
24-04-2023,2023,4,April,Monday,0,0,2,114,0,0,,0,0,0,0,0,0,0,11,0.7573214,8,1,4.11,1579,8175460,452702,8628162,3.025,0,0.257748395,0.257748395,1,1,0,1,0,0,1,1,0,0,0,0,0,0
25-04-2023,2023,4,April,Tuesday,1,0,2,115,0,0,,0,0,0,0,0,0,0,11,0.64982146,8,1,3.05,1579,8175460,452702,8628162,4.287,0,0,0,0,1,0,0,0,0,0,1,0,0,0,0,0,0
26-04-2023,2023,4,April,Wednesday,2,0,2,116,0,0,,0,0,0,0,0,0,0,11,0.5692857,8,1,2.95,1579,8175460,452702,8628162,3.638,0,0,0,0,0,0,0,0,0,0,0,0,0,0,0,0,0
27-04-2023,2023,4,April,Thursday,3,0,2,117,0,0,,0,0,0,0,0,0,0,11,0.5710714,8,1,3.03,1579,8175460,452702,8628162,4.048,0,0,0,0,0,0,0,0,0,0,0,0,0,0,0,0,0
28-04-2023,2023,4,April,Friday,4,0,2,118,0,0,,0,0,0,0,0,0,0.106563099,11,0.4980357,8,1,2.34,1579,8175460,452702,8628162,3.464,0,0,0.106563099,0,0,0,0,0,0,0,0,0,0,0,0,0,0
29-04-2023,2023,4,April,Saturday,5,1,2,119,0,0,,1,0,0,0,0,0,0.018164165,11,0.4880357,8,1,4,1579,8175460,452702,8628162,3.696,0.106563099,0,0.124727264,0,0,0,0,0,0,0,0,0,0,0,0,0,0
30-04-2023,2023,4,April,Sunday,6,1,2,120,0,0,,1,0,0,0,0,0,0.164312705,11,0.5264286,8,1,4.59,1579,8175460,452702,8628162,3.534,0.018164165,0.106563099,0.289039969,1,0,0,0,0,0,1,0,0,0,0,0,0,0
01-05-2023,2023,5,May,Monday,0,0,2,121,0,1,May Day,1,0,0,0,0,0,0,11,0.5942857,8,1,4.94,1579,8175460,452702,8628162,3.135,0.164312705,0.018164165,0.182476871,1,1,0,0,0,0,1,1,0,0,0,0,0,0
02-05-2023,2023,5,May,Tuesday,1,0,2,122,0,0,,0,0,0,0,0,0,0,11,0.6033929,8,1,4.49,1579,8175460,452702,8628162,2.603,0,0.164312705,0.164312705,0,1,1,0,0,0,1,1,0,0,0,0,0,0
03-05-2023,2023,5,May,Wednesday,2,0,2,123,0,0,,0,0,0,0,0,0,0,11,0.55303574,8,1,4.38,1579,8175460,452702,8628162,2.802,0,0,0,0,0,0,1,0,0,0,1,0,0,0,0,0,0
04-05-2023,2023,5,May,Thursday,3,0,2,124,0,0,,0,0,0,0,0,0,0,11,0.54017854,8,1,4.53,1579,8175460,452702,8628162,2.439,0,0,0,0,0,0,0,0,0,0,0,0,0,0,0,0,0
05-05-2023,2023,5,May,Friday,4,0,2,125,0,0,,0,0,0,0,0,0,0,11,0.5683929,8,1,3.96,1579,8175460,452702,8628162,2.874,0,0,0,0,0,0,0,0,0,0,0,0,0,0,0,0,0
06-05-2023,2023,5,May,Saturday,5,1,2,126,0,0,,1,0,0,0,0,0,0,11,0.57839286,8,1,4.27,1579,8175460,452702,8628162,3.548,0,0,0,0,0,0,0,0,0,0,0,0,0,0,0,0,0
07-05-2023,2023,5,May,Sunday,6,1,2,127,0,0,,1,0,0,0,0,0,0,11,0.65267855,8,1,4.43,1579,8175460,452702,8628162,3.617,0,0,0,1,0,0,0,0,0,1,0,0,0,0,0,0,0
08-05-2023,2023,5,May,Monday,0,0,2,128,0,0,,0,0,0,0,0,0,0.097238585,11,0.74892855,8,1,4.02,1579,8175460,452702,8628162,3.062,0,0,0.097238585,1,1,0,0,0,0,1,1,0,0,0,0,0,0
09-05-2023,2023,5,May,Tuesday,1,0,2,129,0,0,,0,0,0,0,0,0,8.716565132,11,0.8266071,8,1,3.44,1579,8175460,452702,8628162,2.996,0.097238585,0,8.813803717,0,1,0,0,0,0,0,1,0,0,0,0,0,0
10-05-2023,2023,5,May,Wednesday,2,0,2,130,0,0,,0,0,0,0,0,0,3.198085546,11,0.7189286,8,1,2.67,1579,8175460,452702,8628162,2.759,8.716565132,0.097238585,12.01188926,0,0,0,0,0,0,0,0,0,0,0,0,0,0
11-05-2023,2023,5,May,Thursday,3,0,2,131,0,0,,0,0,0,0,0,0,2.295179129,11,0.6869643,8,1,2.67,1579,8175460,452702,8628162,3.183,3.198085546,8.716565132,14.20982981,0,0,0,0,0,0,0,0,0,0,0,0,0,0
12-05-2023,2023,5,May,Friday,4,0,2,132,0,0,,0,0,0,0,0,0,0.527334094,11,0.67660713,8,1,2.29,1579,8175460,452702,8628162,1.342,2.295179129,3.198085546,6.020598769,0,0,0,0,0,0,0,0,0,0,0,0,0,0
13-05-2023,2023,5,May,Saturday,5,1,2,133,0,0,,1,0,0,0,0,0,0,11,0.73339283,8,1,2.51,1579,8175460,452702,8628162,2.577,0.527334094,2.295179129,2.822513223,0,0,0,0,0,0,0,0,0,0,0,0,0,0
14-05-2023,2023,5,May,Sunday,6,1,2,134,0,0,,1,0,0,0,0,0,0,11,0.7203571,8,1,3.01,1579,8175460,452702,8628162,2.162,0,0.527334094,0.527334094,1,0,0,0,0,0,1,0,0,0,0,0,0,0
15-05-2023,2023,5,May,Monday,0,0,2,135,0,0,,0,0,0,0,0,0,0,11,0.69946426,8,1,3.85,1579,8175460,452702,8628162,1.959,0,0,0,1,1,0,0,0,0,1,1,0,0,0,0,0,0
16-05-2023,2023,5,May,Tuesday,1,0,2,136,0,0,,0,0,0,0,0,0,0,11,0.8223214,8,1,4.69,1579,8175460,452702,8628162,2.85,0,0,0,0,1,0,0,0,0,0,1,0,0,0,0,0,0
17-05-2023,2023,5,May,Wednesday,2,0,2,137,0,0,,0,0,0,0,0,0,0,11,0.9976786,8,1,4.75,1579,8175460,452702,8628162,3.3,0,0,0,0,0,0,0,0,0,0,0,0,0,0,0,0,0
18-05-2023,2023,5,May,Thursday,3,0,2,138,0,0,,0,0,0,0,0,0,0,11,1.0007143,8,1,4.85,1579,8175460,452702,8628162,2.772,0,0,0,0,0,0,0,0,0,0,0,0,0,0,0,0,0
19-05-2023,2023,5,May,Friday,4,0,2,139,0,0,,0,0,0,0,0,0,0,11,0.9308928,8,1,4.56,1579,8175460,452702,8628162,2.243,0,0,0,0,0,0,0,0,0,0,0,0,0,0,0,0,0
20-05-2023,2023,5,May,Saturday,5,1,2,140,0,0,,1,0,0,0,0,0,0,11,0.8435714,8,1,4.66,1579,8175460,452702,8628162,1.721,0,0,0,0,0,0,0,0,0,0,0,0,0,0,0,0,0
21-05-2023,2023,5,May,Sunday,6,1,2,141,0,0,,1,0,0,0,0,0,0,11,0.84749997,8,1,4.48,1579,8175460,452702,8628162,2.212,0,0,0,1,0,0,0,0,0,1,0,0,0,0,0,0,0
22-05-2023,2023,5,May,Monday,0,0,2,142,0,0,,0,0,0,0,0,0,0.042170849,11,0.90339285,8,1,4.97,1579,8175460,452702,8628162,3.615,0,0,0.042170849,1,1,0,0,0,0,1,1,0,0,0,0,0,0
23-05-2023,2023,5,May,Tuesday,1,0,2,143,0,0,,0,0,0,0,0,0,13.96856976,11,0.76374996,8,1,3.86,1579,8175460,452702,8628162,1.105,0.042170849,0,14.0107406,0,1,0,0,0,0,0,1,0,0,0,0,0,0
24-05-2023,2023,5,May,Wednesday,2,0,2,144,0,0,,0,0,0,0,0,0,0.801205635,11,0.6869643,8,1,3.54,1579,8175460,452702,8628162,2.772,13.96856976,0.042170849,14.81194624,0,0,0,0,0,0,0,0,0,0,0,0,0,0
25-05-2023,2023,5,May,Thursday,3,0,2,145,0,0,,0,0,0,0,0,0,0.018748416,11,0.775,8,1,3.47,1579,8175460,452702,8628162,3.018,0.801205635,13.96856976,14.78852381,0,0,0,0,0,0,0,0,0,0,0,0,0,0
26-05-2023,2023,5,May,Friday,4,0,2,146,0,0,,0,0,0,0,0,0,0,11,0.7775,8,1,3.75,1579,8175460,452702,8628162,2.31,0.018748416,0.801205635,0.819954051,0,0,0,0,0,0,0,0,0,0,0,0,0,0
27-05-2023,2023,5,May,Saturday,5,1,2,147,0,0,,1,0,0,0,0,0,0.363370776,11,0.86642855,8,1,4.8,1579,8175460,452702,8628162,2.629,0,0.018748416,0.382119192,0,0,0,0,0,0,0,0,0,0,0,0,0,0
28-05-2023,2023,5,May,Sunday,6,1,2,148,0,0,,1,0,0,0,0,0,0,11,0.9894643,8,1,5.2,1579,8175460,452702,8628162,3.052,0.363370776,0,0.363370776,1,0,0,0,0,0,1,0,0,0,0,0,0,0
29-05-2023,2023,5,May,Monday,0,0,2,149,0,0,,0,0,0,0,0,0,0.503663003,11,1.0091071,8,1,4.7,1579,8175460,452702,8628162,2.92,0,0.363370776,0.86703378,1,1,0,0,0,0,1,1,0,0,0,0,0,0
30-05-2023,2023,5,May,Tuesday,1,0,2,150,0,0,,0,0,0,0,0,0,0.064690642,11,0.8601786,8,1,3.17,1579,8175460,452702,8628162,3.158,0.503663003,0,0.568353646,0,1,0,0,0,0,0,1,0,0,0,0,0,0
31-05-2023,2023,5,May,Wednesday,2,0,2,151,0,0,,0,0,0,0,0,0,2.131848812,11,0.78625,8,1,2.24,1579,8175460,452702,8628162,3.099,0.064690642,0.503663003,2.700202458,0,0,0,0,0,0,0,0,0,0,0,0,0,0
01-06-2023,2023,6,June,Thursday,3,0,2,152,1,0,,0,0,0,0,0,0,17.78027534,11,0.7728572,8,1,2.72,1579,8175460,452702,8628162,2.157,2.131848812,0.064690642,19.9768148,0,0,0,0,0,0,0,0,0,0,0,0,0,0
02-06-2023,2023,6,June,Friday,4,0,2,153,1,0,,0,0,0,0,0,0,0.280633718,11,0.74625,8,1,2.93,1579,8175460,452702,8628162,1.93,17.78027534,2.131848812,20.19275787,0,0,0,0,0,0,0,0,0,0,0,0,0,0
03-06-2023,2023,6,June,Saturday,5,1,2,154,1,0,,1,0,0,0,0,0,0,11,0.84160715,8,1,4.24,1579,8175460,452702,8628162,2.418,0.280633718,17.78027534,18.06090906,0,0,0,0,0,0,0,0,0,0,0,0,0,0
04-06-2023,2023,6,June,Sunday,6,1,2,155,1,0,,1,0,0,0,0,0,0.068432264,11,0.8526786,8,1,4.34,1579,8175460,452702,8628162,3.052,0,0.280633718,0.349065982,1,0,0,0,0,0,1,0,0,0,0,0,0,0
05-06-2023,2023,6,June,Monday,0,0,2,156,1,0,,0,0,0,0,0,0,0.630461872,11,0.8244643,8,1,3.73,1579,8175460,452702,8628162,2.123,0.068432264,0,0.698894136,1,1,0,0,0,0,1,1,0,0,0,0,0,0
06-06-2023,2023,6,June,Tuesday,1,0,2,157,1,0,,0,0,0,0,0,0,0.125008062,11,0.7807143,8,1,3.98,1579,8175460,452702,8628162,3.476,0.630461872,0.068432264,0.823902197,0,1,0,0,0,0,0,1,0,0,0,0,0,0
07-06-2023,2023,6,June,Wednesday,2,0,2,158,1,0,,0,0,0,0,0,0,0.0281139,11,1.4058928,8,1,3.83,1579,8175460,452702,8628162,2.431,0.125008062,0.630461872,0.783583833,0,0,0,0,0,0,0,0,0,0,0,0,0,0
08-06-2023,2023,6,June,Thursday,3,0,2,159,1,0,,0,0,0,0,0,0,0.173775777,11,1.8339286,8,1,3.88,1579,8175460,452702,8628162,2.302,0.0281139,0.125008062,0.326897739,0,0,0,0,0,0,0,0,0,0,0,0,0,0
09-06-2023,2023,6,June,Friday,4,0,2,160,1,0,,0,0,0,0,0,0,0.370867819,11,2.2482142,8,1,4.67,1579,8175460,452702,8628162,2.903,0.173775777,0.0281139,0.572757496,0,0,0,0,0,0,0,0,0,0,0,0,0,0
10-06-2023,2023,6,June,Saturday,5,1,2,161,1,0,,1,0,0,0,0,0,3.382302999,11,3.0582144,8,1,5.87,1579,8175460,452702,8628162,2.771,0.370867819,0.173775777,3.926946595,0,0,0,0,0,0,0,0,0,0,0,0,0,0
11-06-2023,2023,6,June,Sunday,6,1,2,162,1,0,,1,0,0,0,0,0,26.98023224,11,3.1648214,8,1,5.75,1579,8175460,452702,8628162,3.246,3.382302999,0.370867819,30.73340306,1,0,0,0,0,0,1,0,0,0,0,0,0,0
12-06-2023,2023,6,June,Monday,0,0,2,163,1,0,,0,0,0,0,0,0,15.79280376,11,3.0225,8,1,6.32,1579,8175460,452702,8628162,2.847,26.98023224,3.382302999,46.155339,1,1,0,0,0,0,1,1,0,0,0,0,0,0
13-06-2023,2023,6,June,Tuesday,1,0,2,164,1,0,,0,0,0,0,0,0,5.163942814,11,2.8685715,8,1,5.9,1579,8175460,452702,8628162,2.701,15.79280376,26.98023224,47.93697882,0,1,0,0,0,0,0,1,0,0,0,0,0,0
14-06-2023,2023,6,June,Wednesday,2,0,2,165,1,0,,0,0,0,0,0,0,12.85840988,11,2.8125,8,1,5.64,1579,8175460,452702,8628162,4.908,5.163942814,15.79280376,33.81515646,0,0,0,0,0,0,0,0,0,0,0,0,0,0
15-06-2023,2023,6,June,Thursday,3,0,2,166,1,0,,0,0,0,0,0,0,4.349097729,11,2.7098215,8,1,4.86,1579,8175460,452702,8628162,2.602,12.85840988,5.163942814,22.37145042,0,0,0,0,0,0,0,0,0,0,0,0,0,0
16-06-2023,2023,6,June,Friday,4,0,2,167,1,0,,0,0,0,0,0,0,1.374914289,11,2.5164287,8,1,4.97,1579,8175460,452702,8628162,2.143,4.349097729,12.85840988,18.5824219,0,0,0,0,0,0,0,0,0,0,0,0,0,0
17-06-2023,2023,6,June,Saturday,5,1,2,168,1,0,,1,0,0,0,0,0,11.94036293,11,2.1989286,8,1,4.65,1579,8175460,452702,8628162,2.086,1.374914289,4.349097729,17.66437495,0,0,0,0,0,0,0,0,0,0,0,0,0,0
18-06-2023,2023,6,June,Sunday,6,1,2,169,1,0,,1,0,0,0,0,0,34.86640549,11,1.8660715,8,1,4.47,1579,8175460,452702,8628162,2.189,11.94036293,1.374914289,48.18168271,1,0,0,0,0,0,1,0,0,0,0,0,0,0
19-06-2023,2023,6,June,Monday,0,0,2,170,1,0,,0,0,0,0,0,0,4.843165874,11,1.6437501,8,1,3.89,1579,8175460,452702,8628162,1.807,34.86640549,11.94036293,51.64993429,1,1,0,0,0,0,1,1,0,0,0,0,0,0
20-06-2023,2023,6,June,Tuesday,1,0,2,171,1,0,,0,0,0,0,0,0,0.422122449,11,1.5601785,8,1,3.72,1579,8175460,452702,8628162,2.124,4.843165874,34.86640549,40.13169381,0,1,0,0,0,0,0,1,0,0,0,0,0,0
21-06-2023,2023,6,June,Wednesday,2,0,2,172,1,0,,0,0,0,0,0,0,0,11,1.365,8,1,4.17,1579,8175460,452702,8628162,1.931,0.422122449,4.843165874,5.265288323,0,0,0,0,0,0,0,0,0,0,0,0,0,0
22-06-2023,2023,6,June,Thursday,3,0,2,173,1,0,,0,0,0,0,0,0,1.150636196,11,1.4780357,8,1,3.41,1579,8175460,452702,8628162,2.416,0,0.422122449,1.572758645,0,0,0,0,0,0,0,0,0,0,0,0,0,0
23-06-2023,2023,6,June,Friday,4,0,2,174,1,0,,0,0,0,0,0,0,22.82457352,11,1.7039286,8,1,4,1579,8175460,452702,8628162,1.485,1.150636196,0,23.97520971,0,0,0,0,0,0,0,0,0,0,0,0,0,0
24-06-2023,2023,6,June,Saturday,5,1,2,175,1,0,,1,0,0,0,0,0,50.90483093,11,2.0144644,8,1,4.33,1579,8175460,452702,8628162,1.664,22.82457352,1.150636196,74.88004065,0,0,0,0,0,0,0,0,0,0,0,0,0,0
25-06-2023,2023,6,June,Sunday,6,1,2,176,1,0,,1,0,0,0,0,0,51.40885925,11,1.9694643,8,1,3.56,1579,8175460,452702,8628162,1.787,50.90483093,22.82457352,125.1382637,1,0,0,0,0,0,1,0,0,0,0,0,0,0
26-06-2023,2023,6,June,Monday,0,0,2,177,1,0,,0,0,0,0,0,0,35.27749634,11,2.1033928,8,1,4.65,1579,8175460,452702,8628162,1.878,51.40885925,50.90483093,137.5911865,1,1,0,0,0,0,1,1,0,0,0,0,0,0
27-06-2023,2023,6,June,Tuesday,1,0,2,178,1,0,,0,0,0,0,0,0,9.657262802,11,2.2230358,8,1,3.65,1579,8175460,452702,8628162,2.153,35.27749634,51.40885925,96.34361839,0,1,0,0,0,0,0,1,0,0,0,0,0,0
28-06-2023,2023,6,June,Wednesday,2,0,2,179,1,0,,0,0,0,0,0,0,86.81467438,11,2.5389285,8,1,4.36,1579,8175460,452702,8628162,2.142,9.657262802,35.27749634,131.7494335,0,0,0,0,0,0,0,0,0,0,0,0,0,0
29-06-2023,2023,6,June,Thursday,3,0,2,180,1,1,Id-Ul-Zuha (Bakri Id),1,0,0,0,0,0,47.9982338,11,2.4926786,8,1,4.71,1579,8175460,452702,8628162,5.043,86.81467438,9.657262802,144.470171,0,0,0,0,0,0,0,0,0,0,0,0,0,0
30-06-2023,2023,6,June,Friday,4,0,2,181,1,0,,0,0,0,0,0,0,56.8998642,11,2.5346427,8,1,5.67,1579,8175460,452702,8628162,2.687,47.9982338,86.81467438,191.7127724,0,0,1,0,0,0,1,0,0,0,0,0,0,0
01-07-2023,2023,7,July,Saturday,5,1,3,182,1,0,,1,0,0,0,0,0,61.79244614,11,2.43,8,1,5.07,1579,8175460,452702,8628162,2.398,56.8998642,47.9982338,166.6905441,0,0,0,1,0,0,0,1,0,0,0,0,0,0
02-07-2023,2023,7,July,Sunday,6,1,3,183,1,0,,1,0,0,0,0,0,54.11803818,11,2.4053571,8,1,6.5,1579,8175460,452702,8628162,2.182,61.79244614,56.8998642,172.8103485,1,0,0,0,0,0,1,0,0,0,0,0,0,0
03-07-2023,2023,7,July,Monday,0,0,3,184,1,0,,0,0,0,0,0,0,88.77515411,11,2.9175,8,1,7.48,1579,8175460,452702,8628162,2.756,54.11803818,61.79244614,204.6856384,1,1,0,0,0,0,1,1,0,0,0,0,0,0
04-07-2023,2023,7,July,Tuesday,1,0,3,185,1,0,,0,0,0,0,0,0,37.50595093,11,3.0344644,8,1,8.04,1579,8175460,452702,8628162,2.931,88.77515411,54.11803818,180.3991432,0,1,0,0,0,0,0,1,0,0,0,0,0,0
05-07-2023,2023,7,July,Wednesday,2,0,3,186,1,0,,0,0,0,0,0,0,78.69451141,11,3.4439285,8,1,7.25,1579,8175460,452702,8628162,5.861,37.50595093,88.77515411,204.9756165,0,0,0,0,0,0,0,0,0,0,0,0,0,0
06-07-2023,2023,7,July,Thursday,3,0,3,187,1,0,,0,0,0,0,0,0,114.1365967,11,3.5203571,8,1,7.77,1579,8175460,452702,8628162,3.465,78.69451141,37.50595093,230.337059,0,0,0,0,0,0,0,0,0,0,0,0,0,0
07-07-2023,2023,7,July,Friday,4,0,3,188,1,0,,0,0,0,0,0,0,79.12368011,11,3.3175,8,1,6.51,1579,8175460,452702,8628162,3.309,114.1365967,78.69451141,271.9547882,0,0,0,0,0,0,0,0,0,0,0,0,0,0
08-07-2023,2023,7,July,Saturday,5,1,3,189,1,0,,1,0,0,0,0,0,64.10712433,11,3.0898216,8,1,6.28,1579,8175460,452702,8628162,4.426,79.12368011,114.1365967,257.3674011,0,0,0,0,0,0,0,0,0,0,0,0,0,0
09-07-2023,2023,7,July,Sunday,6,1,3,190,1,0,,1,0,0,0,0,0,46.32235336,11,2.7203572,8,1,5.35,1579,8175460,452702,8628162,3.185,64.10712433,79.12368011,189.5531578,1,0,0,0,0,0,1,0,0,0,0,0,0,0
10-07-2023,2023,7,July,Monday,0,0,3,191,1,0,,0,0,0,0,0,0,22.18833542,11,2.2117858,8,1,4.18,1579,8175460,452702,8628162,2.306,46.32235336,64.10712433,132.6178131,1,1,0,0,0,0,1,1,0,0,0,0,0,0
11-07-2023,2023,7,July,Tuesday,1,0,3,192,1,0,,0,0,0,0,0,0,12.56053734,11,1.7773215,8,1,3.89,1579,8175460,452702,8628162,1.653,22.18833542,46.32235336,81.07122612,0,1,0,0,0,0,0,1,0,0,0,0,0,0
12-07-2023,2023,7,July,Wednesday,2,0,3,193,1,0,,0,0,0,0,0,0,8.953937531,11,1.6283929,8,1,4.81,1579,8175460,452702,8628162,1.426,12.56053734,22.18833542,43.70281029,0,0,0,0,0,0,0,0,0,0,0,0,0,0
13-07-2023,2023,7,July,Thursday,3,0,3,194,1,0,,0,0,0,0,0,0,23.82479668,11,1.9069643,8,1,6.3,1579,8175460,452702,8628162,1.268,8.953937531,12.56053734,45.33927155,0,0,0,0,0,0,0,0,0,0,0,0,0,0
14-07-2023,2023,7,July,Friday,4,0,3,195,1,0,,0,0,0,0,0,0,91.71398926,11,1.9998214,8,1,6.05,1579,8175460,452702,8628162,1.437,23.82479668,8.953937531,124.4927235,0,0,0,0,0,0,0,0,0,0,0,0,0,0
15-07-2023,2023,7,July,Saturday,5,1,3,196,1,0,,1,0,0,0,0,0,45.48254013,11,1.8408928,8,1,4.76,1579,8175460,452702,8628162,2.065,91.71398926,23.82479668,161.0213261,0,0,0,0,0,0,0,0,0,0,0,0,0,0
16-07-2023,2023,7,July,Sunday,6,1,3,197,1,0,,1,0,0,0,0,0,21.13761902,11,1.8455358,8,1,4.95,1579,8175460,452702,8628162,2.314,45.48254013,91.71398926,158.3341484,1,0,0,0,0,0,1,0,0,0,0,0,0,0
17-07-2023,2023,7,July,Monday,0,0,3,198,1,0,,0,0,0,0,0,0,27.25603485,11,2.1216073,8,1,5.8,1579,8175460,452702,8628162,1.906,21.13761902,45.48254013,93.876194,1,1,0,0,0,0,1,1,0,0,0,0,0,0
18-07-2023,2023,7,July,Tuesday,1,0,3,199,1,0,,0,0,0,0,0,0,51.58840561,11,2.4560714,8,1,7.43,1579,8175460,452702,8628162,1.667,27.25603485,21.13761902,99.98205948,0,1,0,0,0,0,0,1,0,0,0,0,0,0
19-07-2023,2023,7,July,Wednesday,2,0,3,200,1,0,,0,0,0,0,0,0,106.3965073,11,2.9589286,8,1,7.67,1579,8175460,452702,8628162,2.685,51.58840561,27.25603485,185.2409477,0,0,0,0,0,0,0,0,0,0,0,0,0,0
20-07-2023,2023,7,July,Thursday,3,0,3,201,1,0,,0,0,0,0,0,0,69.95923615,11,3.0639286,8,1,7.08,1579,8175460,452702,8628162,3.338,106.3965073,51.58840561,227.944149,0,0,0,0,0,0,0,0,0,0,0,0,0,0
21-07-2023,2023,7,July,Friday,4,0,3,202,1,0,,0,0,0,0,0,0,103.5914307,11,2.9005358,8,1,6.33,1579,8175460,452702,8628162,2.976,69.95923615,106.3965073,279.9471741,0,0,0,0,0,0,0,0,0,0,0,0,0,0
22-07-2023,2023,7,July,Saturday,5,1,3,203,1,0,,1,0,0,0,0,0,99.48743439,11,2.857143,8,1,7.52,1579,8175460,452702,8628162,2.798,103.5914307,69.95923615,273.0381012,0,0,0,0,0,0,0,0,0,0,0,0,0,0
23-07-2023,2023,7,July,Sunday,6,1,3,204,1,0,,1,0,0,0,0,0,108.5999832,11,3.04875,8,1,8.44,1579,8175460,452702,8628162,3.369,99.48743439,103.5914307,311.6788483,1,0,0,0,0,0,1,0,0,0,0,0,0,0
24-07-2023,2023,7,July,Monday,0,0,3,205,1,0,,0,0,0,0,0,0,91.33773804,11,2.9642856,8,1,6.99,1579,8175460,452702,8628162,3.163,108.5999832,99.48743439,299.4251556,1,1,0,0,0,0,1,1,0,0,0,0,0,0
25-07-2023,2023,7,July,Tuesday,1,0,3,206,1,0,,0,0,0,0,0,0,91.99497223,11,2.6789286,8,1,6.18,1579,8175460,452702,8628162,2.298,91.33773804,108.5999832,291.9326935,0,1,0,0,0,0,0,1,0,0,0,0,0,0
26-07-2023,2023,7,July,Wednesday,2,0,3,207,1,0,,0,0,0,0,0,0,93.51381683,11,2.7821429,8,1,7.37,1579,8175460,452702,8628162,2.514,91.99497223,91.33773804,276.8465271,0,0,0,0,0,0,0,0,0,0,0,0,0,0
27-07-2023,2023,7,July,Thursday,3,0,3,208,1,0,,0,0,0,0,0,0,86.83895874,11,2.36625,8,1,6.59,1579,8175460,452702,8628162,2.645,93.51381683,91.99497223,272.3477478,0,0,0,0,0,0,0,0,0,0,0,0,0,0
28-07-2023,2023,7,July,Friday,4,0,3,209,1,0,,0,0,0,0,0,0,29.43641853,11,2.2025,8,1,6.31,1579,8175460,452702,8628162,2.221,86.83895874,93.51381683,209.7891941,0,0,0,0,0,0,0,0,0,0,0,0,0,0
29-07-2023,2023,7,July,Saturday,5,1,3,210,1,0,,1,0,0,0,0,0,11.45710278,11,2.018393,8,1,6.3,1579,8175460,452702,8628162,2.083,29.43641853,86.83895874,127.73248,0,0,0,0,0,0,0,0,0,0,0,0,0,0
30-07-2023,2023,7,July,Sunday,6,1,3,211,1,0,,1,0,0,0,0,0,10.65358639,11,1.9807142,8,1,5.86,1579,8175460,452702,8628162,1.584,11.45710278,29.43641853,51.5471077,1,0,0,0,0,0,1,0,0,0,0,0,0,0
31-07-2023,2023,7,July,Monday,0,0,3,212,1,0,,0,0,0,0,0,0,15.40185547,11,2.100357,8,1,6.42,1579,8175460,452702,8628162,2.04,10.65358639,11.45710278,37.51254463,1,1,0,0,0,0,1,1,0,0,0,0,0,0
01-08-2023,2023,8,August,Tuesday,1,0,3,213,1,0,,0,0,0,0,0,0,14.23840427,11,2.0967858,8,1,6.51,1579,8175460,452702,8628162,2.488,15.40185547,10.65358639,40.29384613,0,1,0,0,0,0,0,1,0,0,0,0,0,0
02-08-2023,2023,8,August,Wednesday,2,0,3,214,1,0,,0,0,0,0,0,0,14.56820679,11,2.0146427,8,1,6.22,1579,8175460,452702,8628162,2.105,14.23840427,15.40185547,44.20846653,0,0,0,0,0,0,0,0,0,0,0,0,0,0
03-08-2023,2023,8,August,Thursday,3,0,3,215,1,0,,0,0,0,0,0,0,15.09646511,11,2.1457143,8,1,6.19,1579,8175460,452702,8628162,2.164,14.56820679,14.23840427,43.90307617,0,0,0,0,0,0,0,0,0,0,0,0,0,0
04-08-2023,2023,8,August,Friday,4,0,3,216,1,0,,0,0,0,0,0,0,19.23286819,11,2.2069643,8,1,6.14,1579,8175460,452702,8628162,1.424,15.09646511,14.56820679,48.89754009,0,0,0,0,0,0,0,0,0,0,0,0,0,0
05-08-2023,2023,8,August,Saturday,5,1,3,217,1,0,,1,0,0,0,0,0,21.18333435,11,2.27625,8,1,5.05,1579,8175460,452702,8628162,1.496,19.23286819,15.09646511,55.51266766,0,0,0,0,0,0,0,0,0,0,0,0,0,0
06-08-2023,2023,8,August,Sunday,6,1,3,218,1,0,,1,0,0,0,0,0,12.31571579,11,2.1714287,8,1,4.88,1579,8175460,452702,8628162,1.817,21.18333435,19.23286819,52.73191833,1,0,0,0,0,0,1,0,0,0,0,0,0,0
07-08-2023,2023,8,August,Monday,0,0,3,219,1,0,,0,0,0,0,0,0,8.210605621,11,2.0105357,8,1,5.04,1579,8175460,452702,8628162,1.619,12.31571579,21.18333435,41.70965576,1,1,0,0,0,0,1,1,0,0,0,0,0,0
08-08-2023,2023,8,August,Tuesday,1,0,3,220,1,0,,0,0,0,0,0,0,10.30709267,11,1.8905357,8,1,4.04,1579,8175460,452702,8628162,1.922,8.210605621,12.31571579,30.83341408,0,1,0,0,0,0,0,1,0,0,0,0,0,0
09-08-2023,2023,8,August,Wednesday,2,0,3,221,1,0,,0,0,0,0,0,0,9.600930214,11,1.7641071,8,1,4.28,1579,8175460,452702,8628162,2.585,10.30709267,8.210605621,28.1186285,0,0,0,0,0,0,0,0,0,0,0,0,0,0
10-08-2023,2023,8,August,Thursday,3,0,3,222,1,0,,0,0,0,0,0,0,3.582483768,11,1.6542857,8,1,4.13,1579,8175460,452702,8628162,1.902,9.600930214,10.30709267,23.49050665,0,0,0,0,0,0,0,0,0,0,0,0,0,0
11-08-2023,2023,8,August,Friday,4,0,3,223,1,0,,0,0,0,0,0,0,6.490281582,11,1.5439286,8,1,4.05,1579,8175460,452702,8628162,1.668,3.582483768,9.600930214,19.67369556,0,0,0,0,0,0,0,0,0,0,0,0,0,0
12-08-2023,2023,8,August,Saturday,5,1,3,224,1,0,,1,0,0,0,0,0,2.815373421,11,1.3721428,8,1,4.52,1579,8175460,452702,8628162,1.976,6.490281582,3.582483768,12.88813877,0,0,0,0,0,0,0,0,0,0,0,0,0,0
13-08-2023,2023,8,August,Sunday,6,1,3,225,1,0,,1,0,0,0,0,0,1.798146129,11,1.3478571,8,1,4.28,1579,8175460,452702,8628162,2.693,2.815373421,6.490281582,11.10380113,1,0,0,0,0,0,1,0,0,0,0,0,0,0
14-08-2023,2023,8,August,Monday,0,0,3,226,1,0,,0,0,0,0,0,0,3.294598579,11,1.2635715,8,1,3.86,1579,8175460,452702,8628162,1.861,1.798146129,2.815373421,7.908118129,1,1,0,0,0,0,1,1,0,0,0,0,0,0
15-08-2023,2023,8,August,Tuesday,1,0,3,227,1,1,Independence Day,1,0,0,0,0,0,0.817705393,11,1.2323215,8,1,3.69,1579,8175460,452702,8628162,2.029,3.294598579,1.798146129,5.910450101,0,1,0,0,0,0,0,1,0,0,0,0,0,0
16-08-2023,2023,8,August,Wednesday,2,0,3,228,1,0,,0,0,0,0,0,0,1.012880564,11,1.1794643,8,1,4.13,1579,8175460,452702,8628162,2.594,0.817705393,3.294598579,5.125184536,0,0,1,0,0,0,1,0,0,0,0,0,0,0
17-08-2023,2023,8,August,Thursday,3,0,3,229,1,0,,0,0,0,0,0,0,3.500715733,11,1.2148213,8,1,4.34,1579,8175460,452702,8628162,1.694,1.012880564,0.817705393,5.331301689,0,0,0,1,0,0,0,1,0,0,0,0,0,0
18-08-2023,2023,8,August,Friday,4,0,3,230,1,0,,0,0,0,0,0,0,14.5330534,11,1.3175,8,1,4.94,1579,8175460,452702,8628162,1.421,3.500715733,1.012880564,19.04664969,0,0,0,0,0,0,0,0,0,0,0,0,0,0
19-08-2023,2023,8,August,Saturday,5,1,3,231,1,0,,1,0,0,0,0,0,20.41283607,11,1.3853571,8,1,5.6,1579,8175460,452702,8628162,1.585,14.5330534,3.500715733,38.44660521,0,0,0,0,0,0,0,0,0,0,0,0,0,0
20-08-2023,2023,8,August,Sunday,6,1,3,232,1,0,,1,0,0,0,0,0,32.20172882,11,1.3676785,8,1,5.36,1579,8175460,452702,8628162,1.645,20.41283607,14.5330534,67.14761829,1,0,0,0,0,0,1,0,0,0,0,0,0,0
21-08-2023,2023,8,August,Monday,0,0,3,233,1,0,,0,0,0,0,0,0,7.791956902,11,1.1975,8,1,4.33,1579,8175460,452702,8628162,2.062,32.20172882,20.41283607,60.4065218,1,1,0,0,0,0,1,1,0,0,0,0,0,0
22-08-2023,2023,8,August,Tuesday,1,0,3,234,1,0,,0,0,0,0,0,0,0.604212403,11,0.99607146,8,1,3.4,1579,8175460,452702,8628162,1.979,7.791956902,32.20172882,40.59789813,0,1,0,0,0,0,0,1,0,0,0,0,0,0
23-08-2023,2023,8,August,Wednesday,2,0,3,235,1,0,,0,0,0,0,0,0,1.259571552,11,0.9594643,8,1,3.24,1579,8175460,452702,8628162,1.458,0.604212403,7.791956902,9.655740857,0,0,0,0,0,0,0,0,0,0,0,0,0,0
24-08-2023,2023,8,August,Thursday,3,0,3,236,1,0,,0,0,0,0,0,0,1.457162738,11,0.94374996,8,1,3.35,1579,8175460,452702,8628162,1.771,1.259571552,0.604212403,3.320946693,0,0,0,0,0,0,0,0,0,0,0,0,0,0
25-08-2023,2023,8,August,Friday,4,0,3,237,1,0,,0,0,0,0,0,0,24.57757378,11,1.0525,8,1,3.38,1579,8175460,452702,8628162,1.529,1.457162738,1.259571552,27.29430807,0,0,0,0,0,0,0,0,0,0,0,0,0,0
26-08-2023,2023,8,August,Saturday,5,1,3,238,1,0,,1,0,0,0,0,0,31.39691162,11,1.1701785,8,1,3.03,1579,8175460,452702,8628162,2.087,24.57757378,1.457162738,57.43164814,0,0,0,0,0,0,0,0,0,0,0,0,0,0
27-08-2023,2023,8,August,Sunday,6,1,3,239,1,0,,1,0,0,0,0,0,2.016900301,11,1.1373214,8,1,3.31,1579,8175460,452702,8628162,2.073,31.39691162,24.57757378,57.9913857,1,0,0,0,0,0,1,0,0,0,0,0,0,0
28-08-2023,2023,8,August,Monday,0,0,3,240,1,0,,0,0,0,0,0,0,1.039414048,11,1.1308929,8,1,3.86,1579,8175460,452702,8628162,1.786,2.016900301,31.39691162,34.45322597,1,1,0,0,0,0,1,1,0,0,0,0,0,0
29-08-2023,2023,8,August,Tuesday,1,0,3,241,1,0,,0,0,0,0,0,0,7.402763844,11,1.16625,8,1,3.75,1579,8175460,452702,8628162,1.906,1.039414048,2.016900301,10.45907819,0,1,0,0,0,0,0,1,0,0,0,0,0,0
30-08-2023,2023,8,August,Wednesday,2,0,3,242,1,0,,0,0,0,0,0,0,7.188766956,11,1.1719643,8,1,3.26,1579,8175460,452702,8628162,2.099,7.402763844,1.039414048,15.63094485,0,0,0,0,0,0,0,0,0,0,0,0,0,0
31-08-2023,2023,8,August,Thursday,3,0,3,243,1,0,,0,0,0,0,0,0,1.502694964,11,1.2457143,8,1,3.61,1579,8175460,452702,8628162,2.17,7.188766956,7.402763844,16.09422576,0,0,0,0,0,0,0,0,0,0,0,0,0,0
01-09-2023,2023,9,September,Friday,4,0,3,244,1,0,,0,0,0,0,0,0,0.777719259,11,1.30125,8,1,3.93,1579,8175460,452702,8628162,1.881,1.502694964,7.188766956,9.46918118,0,0,0,0,0,0,0,0,0,0,0,0,0,0
02-09-2023,2023,9,September,Saturday,5,1,3,245,1,0,,1,0,0,0,0,0,0.932102442,11,1.2555357,8,1,3.37,1579,8175460,452702,8628162,2.38,0.777719259,1.502694964,3.212516665,0,0,0,0,0,0,0,0,0,0,0,0,0,0
03-09-2023,2023,9,September,Sunday,6,1,3,246,1,0,,1,0,0,0,0,0,1.075986862,11,1.1041071,8,1,2.77,1579,8175460,452702,8628162,0.732,0.932102442,0.777719259,2.785808563,1,0,0,0,0,0,1,0,0,0,0,0,0,0
04-09-2023,2023,9,September,Monday,0,0,3,247,1,0,,0,0,0,0,0,0,3.420986176,11,1.0825,8,1,3.95,1579,8175460,452702,8628162,2.215,1.075986862,0.932102442,5.42907548,1,1,0,0,0,0,1,1,0,0,0,0,0,0
05-09-2023,2023,9,September,Tuesday,1,0,3,248,1,0,,0,0,0,0,0,0,0.827514231,11,1.0766071,8,1,3.59,1579,8175460,452702,8628162,1.762,3.420986176,1.075986862,5.324487269,0,1,0,0,0,0,0,1,0,0,0,0,0,0
06-09-2023,2023,9,September,Wednesday,2,0,3,249,1,0,,0,0,0,0,0,0,10.44704819,11,1.1326786,8,1,3.84,1579,8175460,452702,8628162,3.116,0.827514231,3.420986176,14.69554859,0,0,0,0,0,0,0,0,0,0,0,0,0,0
07-09-2023,2023,9,September,Thursday,3,0,3,250,1,0,,0,0,0,0,0,0,2.68170619,11,1.2571428,8,1,3.87,1579,8175460,452702,8628162,1.936,10.44704819,0.827514231,13.95626861,0,0,0,0,0,0,0,0,0,0,0,0,0,0
08-09-2023,2023,9,September,Friday,4,0,3,251,1,0,,0,0,0,0,0,0,11.76965904,11,1.4348215,8,1,4.69,1579,8175460,452702,8628162,1.687,2.68170619,10.44704819,24.89841342,0,0,0,0,0,0,0,0,0,0,0,0,0,0
09-09-2023,2023,9,September,Saturday,5,1,3,252,1,0,,1,0,0,0,0,0,25.64907646,11,1.6076785,8,1,5.59,1579,8175460,452702,8628162,2.205,11.76965904,2.68170619,40.10044169,0,0,0,0,0,0,0,0,0,0,0,0,0,0
10-09-2023,2023,9,September,Sunday,6,1,3,253,1,0,,1,0,0,0,0,0,11.72221756,11,1.4337499,8,1,4.83,1579,8175460,452702,8628162,2.524,25.64907646,11.76965904,49.14095306,1,0,0,0,0,0,1,0,0,0,0,0,0,0
11-09-2023,2023,9,September,Monday,0,0,3,254,1,0,,0,0,0,0,0,0,10.67812252,11,1.2514286,8,1,5.01,1579,8175460,452702,8628162,2.113,11.72221756,25.64907646,48.04941654,1,1,0,0,0,0,1,1,0,0,0,0,0,0
12-09-2023,2023,9,September,Tuesday,1,0,3,255,1,0,,0,0,0,0,0,0,9.402979851,11,1.1341071,8,1,4.75,1579,8175460,452702,8628162,2.589,10.67812252,11.72221756,31.80331993,0,1,0,0,0,0,0,1,0,0,0,0,0,0
13-09-2023,2023,9,September,Wednesday,2,0,3,256,1,0,,0,0,0,0,0,0,5.61906004,11,1.1928571,8,1,3.69,1579,8175460,452702,8628162,2.252,9.402979851,10.67812252,25.70016241,0,0,0,0,0,0,0,0,0,0,0,0,0,0
14-09-2023,2023,9,September,Thursday,3,0,3,257,1,0,,0,0,0,0,0,0,4.817750931,11,1.1898215,8,1,3.87,1579,8175460,452702,8628162,2.243,5.61906004,9.402979851,19.83979082,0,0,0,0,0,0,0,0,0,0,0,0,0,0
15-09-2023,2023,9,September,Friday,4,0,3,258,1,0,,0,0,0,0,0,0,6.548629761,11,1.3991071,8,1,4.25,1579,8175460,452702,8628162,2.35,4.817750931,5.61906004,16.98544073,0,0,0,0,0,0,0,0,0,0,0,0,0,0
16-09-2023,2023,9,September,Saturday,5,1,3,259,1,0,,1,0,0,0,0,0,9.488599777,11,1.6192857,8,1,5.72,1579,8175460,452702,8628162,2.256,6.548629761,4.817750931,20.85498047,0,0,0,0,0,0,0,0,0,0,0,0,0,0
17-09-2023,2023,9,September,Sunday,6,1,3,260,1,0,,1,0,0,0,0,0,20.79190826,11,1.4060714,8,1,4.26,1579,8175460,452702,8628162,2.459,9.488599777,6.548629761,36.8291378,1,0,0,0,0,0,1,0,0,0,0,0,0,0
18-09-2023,2023,9,September,Monday,0,0,3,261,1,0,,0,0,0,0,0,0,15.1762476,11,1.3323214,8,1,3.52,1579,8175460,452702,8628162,2.132,20.79190826,9.488599777,45.45675564,1,1,0,0,0,0,1,1,0,0,0,0,0,0
19-09-2023,2023,9,September,Tuesday,1,0,3,262,1,1,Ganesh Chaturthi (1st Day),1,0,0,0,0,0,26.91127968,11,1.4516071,8,1,3.83,1579,8175460,452702,8628162,2.01,15.1762476,20.79190826,62.87943554,0,1,0,0,0,0,0,1,0,0,0,0,0,0
20-09-2023,2023,9,September,Wednesday,2,0,3,263,1,1,Ganesh Chaturthi (2nd Day),1,0,0,0,0,0,19.18729401,11,1.3796428,8,1,4.36,1579,8175460,452702,8628162,2.786,26.91127968,15.1762476,61.27482128,0,0,1,0,0,0,1,0,0,0,0,0,0,0
21-09-2023,2023,9,September,Thursday,3,0,3,264,1,0,,0,0,0,0,0,0,24.68025589,11,1.2932143,8,1,3.96,1579,8175460,452702,8628162,2.034,19.18729401,26.91127968,70.77882957,0,0,1,1,0,0,1,1,0,0,0,0,0,0
22-09-2023,2023,9,September,Friday,4,0,3,265,1,0,,0,0,0,0,0,0,22.82880974,11,1.2741072,8,1,2.87,1579,8175460,452702,8628162,1.429,24.68025589,19.18729401,66.69635963,0,0,0,1,0,0,0,1,0,0,0,0,0,0
23-09-2023,2023,9,September,Saturday,5,1,3,266,1,0,,1,0,0,0,0,0,18.73532867,11,1.1582143,8,1,2.7,1579,8175460,452702,8628162,2.354,22.82880974,24.68025589,66.2443943,0,0,0,0,0,0,0,0,0,0,0,0,0,0
24-09-2023,2023,9,September,Sunday,6,1,3,267,1,0,,1,0,0,0,0,0,12.78334141,11,1.0678571,8,1,4,1579,8175460,452702,8628162,3.543,18.73532867,22.82880974,54.34747982,1,0,0,0,0,0,1,0,0,0,0,0,0,0
25-09-2023,2023,9,September,Monday,0,0,3,268,1,0,,0,0,0,0,0,0,14.37842083,11,0.9167857,8,1,2.97,1579,8175460,452702,8628162,2.512,12.78334141,18.73532867,45.89709091,1,1,0,0,0,0,1,1,0,0,0,0,0,0
26-09-2023,2023,9,September,Tuesday,1,0,3,269,1,0,,0,0,0,0,0,0,12.48650742,11,0.8628571,8,1,2.58,1579,8175460,452702,8628162,1.673,14.37842083,12.78334141,39.64826965,0,1,0,0,0,0,0,1,0,0,0,0,0,0
27-09-2023,2023,9,September,Wednesday,2,0,3,270,1,0,,0,0,0,0,0,0,30.38479805,11,1.0458928,8,1,4.02,1579,8175460,452702,8628162,1.68,12.48650742,14.37842083,57.2497263,0,0,0,0,0,0,0,0,0,0,0,0,0,0
28-09-2023,2023,9,September,Thursday,3,0,3,271,1,0,,0,0,0,0,0,0,27.64548874,11,1.2539287,8,1,4.52,1579,8175460,452702,8628162,1.884,30.38479805,12.48650742,70.5167942,0,0,0,0,0,0,0,0,0,0,0,0,0,0
29-09-2023,2023,9,September,Friday,4,0,3,272,1,0,,0,0,0,0,0,0,37.34799957,11,2.054643,8,1,4.05,1579,8175460,452702,8628162,2.113,27.64548874,30.38479805,95.37828636,0,0,0,0,0,0,0,0,0,0,0,0,0,0
30-09-2023,2023,9,September,Saturday,5,1,3,273,1,0,,1,0,0,0,0,0,78.7388382,11,2.1851785,8,1,7.56,1579,8175460,452702,8628162,2.288,37.34799957,27.64548874,143.7323265,0,0,0,0,0,0,0,0,0,0,0,0,0,0
01-10-2023,2023,10,October,Sunday,6,1,4,274,0,0,,1,0,0,0,0,0,61.18476868,11,1.7553571,8,1,7.13,1579,8175460,452702,8628162,4.436,78.7388382,37.34799957,177.2716064,1,0,0,0,0,0,1,0,0,0,0,0,0,0
02-10-2023,2023,10,October,Monday,0,0,4,275,0,1,Gandhi Jayanti,1,0,0,0,0,0,20.13313484,11,1.1105357,8,1,3.8,1579,8175460,452702,8628162,4.417,61.18476868,78.7388382,160.0567417,1,1,0,0,0,0,1,1,0,0,0,0,0,0
03-10-2023,2023,10,October,Tuesday,1,0,4,276,0,0,,0,0,0,0,0,0,3.080430508,11,0.8667857,8,1,3.88,1579,8175460,452702,8628162,2.649,20.13313484,61.18476868,84.39833403,0,1,1,0,0,0,1,1,0,0,0,0,0,0
04-10-2023,2023,10,October,Wednesday,2,0,4,277,0,0,,0,0,0,0,0,0,0.54096359,11,0.72249997,8,1,3.56,1579,8175460,452702,8628162,3.013,3.080430508,20.13313484,23.75452894,0,0,0,1,0,0,0,1,0,0,0,0,0,0
05-10-2023,2023,10,October,Thursday,3,0,4,278,0,0,,0,0,0,0,0,0,1.812204838,11,0.6775,8,1,3.86,1579,8175460,452702,8628162,4.019,0.54096359,3.080430508,5.433598936,0,0,0,0,0,0,0,0,0,0,0,0,0,0
06-10-2023,2023,10,October,Friday,4,0,4,279,0,0,,0,0,0,0,0,0,16.70876884,11,0.67035717,8,1,3.82,1579,8175460,452702,8628162,3.32,1.812204838,0.54096359,19.06193727,0,0,0,0,0,0,0,0,0,0,0,0,0,0
07-10-2023,2023,10,October,Saturday,5,1,4,280,0,0,,1,0,0,0,0,0,0.251846373,11,0.60553575,8,1,3.58,1579,8175460,452702,8628162,3.266,16.70876884,1.812204838,18.77282006,0,0,0,0,0,0,0,0,0,0,0,0,0,0
08-10-2023,2023,10,October,Sunday,6,1,4,281,0,0,,1,0,0,0,0,0,0,11,0.53499997,8,1,2.81,1579,8175460,452702,8628162,3.268,0.251846373,16.70876884,16.96061522,1,0,0,0,0,0,1,0,0,0,0,0,0,0
09-10-2023,2023,10,October,Monday,0,0,4,282,0,0,,0,0,0,0,0,0,0.40429461,11,0.5346429,8,1,2.59,1579,8175460,452702,8628162,3.371,0,0.251846373,0.656140983,1,1,0,0,0,0,1,1,0,0,0,0,0,0
10-10-2023,2023,10,October,Tuesday,1,0,4,283,0,0,,0,0,0,0,0,0,0.473452747,11,0.595,8,1,3,1579,8175460,452702,8628162,2.381,0.40429461,0,0.877747357,0,1,0,0,0,0,0,1,0,0,0,0,0,0
11-10-2023,2023,10,October,Wednesday,2,0,4,284,0,0,,0,0,0,0,0,0,0.373314589,11,0.63214284,8,1,2.62,1579,8175460,452702,8628162,2.711,0.473452747,0.40429461,1.251061946,0,0,0,0,0,0,0,0,0,0,0,0,0,0
12-10-2023,2023,10,October,Thursday,3,0,4,285,0,0,,0,0,0,0,0,0,1.592724204,11,0.65803576,8,1,2.58,1579,8175460,452702,8628162,2.657,0.373314589,0.473452747,2.43949154,0,0,0,0,0,0,0,0,0,0,0,0,0,0
13-10-2023,2023,10,October,Friday,4,0,4,286,0,0,,0,0,0,0,0,0,2.852956772,11,0.61892855,8,1,3.2,1579,8175460,452702,8628162,3.653,1.592724204,0.373314589,4.818995565,0,0,0,0,0,0,0,0,0,0,0,0,0,0
14-10-2023,2023,10,October,Saturday,5,1,4,287,0,0,,1,0,0,0,0,0,2.973460436,11,0.5960714,8,1,2.7,1579,8175460,452702,8628162,3.383,2.852956772,1.592724204,7.419141412,0,0,0,0,0,0,0,0,0,0,0,0,0,0
15-10-2023,2023,10,October,Sunday,6,1,4,288,0,0,,1,0,0,0,0,0,0.02029757,11,0.6482143,8,1,1.61,1579,8175460,452702,8628162,4.438,2.973460436,2.852956772,5.846714778,1,0,0,0,0,0,1,0,0,0,0,0,0,0
16-10-2023,2023,10,October,Monday,0,0,4,289,0,0,,0,0,0,0,0,0,2.963650703,11,0.6717857,8,1,1.41,1579,8175460,452702,8628162,3.029,0.02029757,2.973460436,5.957408709,1,1,0,0,0,0,1,1,0,0,0,0,0,0
17-10-2023,2023,10,October,Tuesday,1,0,4,290,0,0,,0,0,0,0,0,0,10.88658905,11,0.6669643,8,1,1.82,1579,8175460,452702,8628162,3.082,2.963650703,0.02029757,13.87053732,0,1,0,0,0,0,0,1,0,0,0,0,0,0
18-10-2023,2023,10,October,Wednesday,2,0,4,291,0,0,,0,0,0,0,0,0,2.956011772,11,0.60964286,8,1,2.19,1579,8175460,452702,8628162,3.171,10.88658905,2.963650703,16.80625153,0,0,0,0,0,0,0,0,0,0,0,0,0,0
19-10-2023,2023,10,October,Thursday,3,0,4,292,0,0,,0,0,0,0,0,0,0.337663025,11,0.55125,8,1,2.16,1579,8175460,452702,8628162,2.677,2.956011772,10.88658905,14.18026385,0,0,0,0,0,0,0,0,0,0,0,0,0,0
20-10-2023,2023,10,October,Friday,4,0,4,293,0,0,,0,0,0,0,0,0,0,11,0.51285714,8,1,2.89,1579,8175460,452702,8628162,2.864,0.337663025,2.956011772,3.293674797,0,0,0,0,0,0,0,0,0,0,0,0,0,0
21-10-2023,2023,10,October,Saturday,5,1,4,294,0,0,,1,0,0,0,0,0,0,11,0.48285714,8,1,2.67,1579,8175460,452702,8628162,3.689,0,0.337663025,0.337663025,0,0,0,0,0,0,0,0,0,0,0,0,0,0
22-10-2023,2023,10,October,Sunday,6,1,4,295,0,0,,1,0,0,0,0,0,0,11,0.47964287,8,1,3.17,1579,8175460,452702,8628162,3.38,0,0,0,1,0,0,0,0,0,1,0,0,0,0,0,0,0
23-10-2023,2023,10,October,Monday,0,0,4,296,0,0,,0,0,0,0,0,0,0.695705831,11,0.5225,8,1,3,1579,8175460,452702,8628162,2.426,0,0,0.695705831,1,1,0,0,0,0,1,1,0,0,0,0,0,0
24-10-2023,2023,10,October,Tuesday,1,0,4,297,0,1,Dussehra (Vijay Dashmi),1,0,0,0,0,0,0,11,0.5248214,8,1,2.4,1579,8175460,452702,8628162,2.749,0.695705831,0,0.695705831,0,1,0,0,0,0,0,1,0,0,0,0,0,0
25-10-2023,2023,10,October,Wednesday,2,0,4,298,0,0,,0,0,0,0,0,0,0,11,0.5167857,8,1,3.02,1579,8175460,452702,8628162,2.494,0,0.695705831,0.695705831,0,0,1,0,0,0,1,0,0,0,0,0,0,0
26-10-2023,2023,10,October,Thursday,3,0,4,299,0,0,,0,0,0,0,0,0,0,11,0.4825,8,1,3.38,1579,8175460,452702,8628162,2.514,0,0,0,0,0,0,1,0,0,0,1,0,0,0,0,0,0
27-10-2023,2023,10,October,Friday,4,0,4,300,0,0,,0,0,0,0,0,0,0,11,0.51607144,8,1,3.9,1579,8175460,452702,8628162,2.671,0,0,0,0,0,0,0,0,0,0,0,0,0,0,0,0,0
28-10-2023,2023,10,October,Saturday,5,1,4,301,0,0,,1,0,0,0,0,0,0,11,0.47642857,8,1,3.7,1579,8175460,452702,8628162,2.298,0,0,0,0,0,0,0,0,0,0,0,0,0,0,0,0,0
29-10-2023,2023,10,October,Sunday,6,1,4,302,0,0,,1,0,0,0,0,0,0,11,0.45375,8,1,2.58,1579,8175460,452702,8628162,2.192,0,0,0,1,0,0,0,0,0,1,0,0,0,0,0,0,0
30-10-2023,2023,10,October,Monday,0,0,4,303,0,0,,0,0,0,0,0,0,0,11,0.5542857,8,1,3.1,1579,8175460,452702,8628162,2.727,0,0,0,1,1,0,0,0,0,1,1,0,0,0,0,0,0
31-10-2023,2023,10,October,Tuesday,1,0,4,304,0,0,,0,0,0,0,0,0,1.754063725,11,0.5494643,8,1,2.77,1579,8175460,452702,8628162,2.538,0,0,1.754063725,0,1,0,0,0,0,0,1,0,0,0,0,0,0
01-11-2023,2023,11,November,Wednesday,2,0,4,305,0,0,,0,0,0,0,0,0,10.77006435,11,0.52178574,8,1,1.8,1579,8175460,452702,8628162,2.165,1.754063725,0,12.52412808,0,0,0,0,0,0,0,0,0,0,0,0,0,0
02-11-2023,2023,11,November,Thursday,3,0,4,306,0,0,,0,0,0,0,0,0,0,11,0.5205357,8,1,2.24,1579,8175460,452702,8628162,3.192,10.77006435,1.754063725,12.52412808,0,0,0,0,0,0,0,0,0,0,0,0,0,0
03-11-2023,2023,11,November,Friday,4,0,4,307,0,0,,0,0,0,0,0,0,0,11,0.5275,8,1,2.79,1579,8175460,452702,8628162,3.515,0,10.77006435,10.77006435,0,0,0,0,0,0,0,0,0,0,0,0,0,0
04-11-2023,2023,11,November,Saturday,5,1,4,308,0,0,,1,0,0,0,0,0,0.016287126,11,0.48375,8,1,2.65,1579,8175460,452702,8628162,3.382,0,0,0.016287126,0,0,0,0,0,0,0,0,0,0,0,0,0,0
05-11-2023,2023,11,November,Sunday,6,1,4,309,0,0,,1,0,0,0,0,0,0.019224053,11,0.4032143,8,1,2.16,1579,8175460,452702,8628162,3.059,0.016287126,0,0.035511179,1,0,0,0,0,0,1,0,0,0,0,0,0,0
06-11-2023,2023,11,November,Monday,0,0,4,310,0,0,,0,0,0,0,0,0,0.421377927,11,0.5005357,8,1,3.17,1579,8175460,452702,8628162,3.739,0.019224053,0.016287126,0.456889106,1,1,0,0,0,0,1,1,0,0,0,0,0,0
07-11-2023,2023,11,November,Tuesday,1,0,4,311,0,0,,0,0,0,0,0,0,1.294575334,11,0.52625,8,1,2.09,1579,8175460,452702,8628162,3.755,0.421377927,0.019224053,1.735177314,0,1,0,0,0,0,0,1,0,0,0,0,0,0
08-11-2023,2023,11,November,Wednesday,2,0,4,312,0,0,,0,0,0,0,0,0,38.22802353,11,0.52,8,1,1.44,1579,8175460,452702,8628162,4.484,1.294575334,0.421377927,39.94397679,0,0,0,0,0,0,0,0,0,0,0,0,0,0
09-11-2023,2023,11,November,Thursday,3,0,4,313,0,0,,0,0,0,0,0,0,4.480978012,11,0.5271429,8,1,3.09,1579,8175460,452702,8628162,4.542,38.22802353,1.294575334,44.00357687,0,0,0,0,0,0,0,0,0,0,0,0,0,0
10-11-2023,2023,11,November,Friday,4,0,4,314,0,0,,0,0,0,0,0,0,1.373775005,11,0.5591071,8,1,2.11,1579,8175460,452702,8628162,4.281,4.480978012,38.22802353,44.08277655,0,0,0,0,0,0,0,0,0,0,0,0,0,0
11-11-2023,2023,11,November,Saturday,5,1,4,315,0,0,,1,0,0,0,0,0,0.003647327,11,0.53892857,8,1,2.88,1579,8175460,452702,8628162,4.079,1.373775005,4.480978012,5.858400345,0,0,0,0,0,0,0,0,0,0,0,0,0,0
12-11-2023,2023,11,November,Sunday,6,1,4,316,0,1,Diwali (Deepavali),1,0,0,0,0,0,0,11,0.49589285,8,1,2.7,1579,8175460,452702,8628162,4.92,0.003647327,1.373775005,1.377422333,1,0,0,0,0,0,1,0,0,0,0,0,0,0
13-11-2023,2023,11,November,Monday,0,0,4,317,0,0,,0,0,0,0,0,0,0,11,0.45982143,8,1,2.85,1579,8175460,452702,8628162,4.619,0,0.003647327,0.003647327,1,1,1,0,0,0,1,1,0,0,0,0,0,0
14-11-2023,2023,11,November,Tuesday,1,0,4,318,0,0,,0,0,0,0,0,0,0,11,0.4507143,8,1,2.8,1579,8175460,452702,8628162,4.702,0,0,0,0,1,0,1,0,0,0,1,0,0,0,0,0,0
15-11-2023,2023,11,November,Wednesday,2,0,4,319,0,0,,0,0,0,0,0,0,0,11,0.48250002,8,1,2.88,1579,8175460,452702,8628162,3.763,0,0,0,0,0,0,0,0,0,0,0,0,0,0,0,0,0
16-11-2023,2023,11,November,Thursday,3,0,4,320,0,0,,0,0,0,0,0,0,0,11,0.5451786,8,1,3.13,1579,8175460,452702,8628162,3.445,0,0,0,0,0,0,0,0,0,0,0,0,0,0,0,0,0
17-11-2023,2023,11,November,Friday,4,0,4,321,0,0,,0,0,0,0,0,0,0,11,0.52,8,1,3.24,1579,8175460,452702,8628162,3.256,0,0,0,0,0,0,0,0,0,0,0,0,0,0,0,0,0
18-11-2023,2023,11,November,Saturday,5,1,4,322,0,0,,1,0,0,0,0,0,0,11,0.44785714,8,1,2.36,1579,8175460,452702,8628162,4.066,0,0,0,0,0,0,0,0,0,0,0,0,0,0,0,0,0
19-11-2023,2023,11,November,Sunday,6,1,4,323,0,0,,1,0,0,0,0,0,0,11,0.41357145,8,1,2.68,1579,8175460,452702,8628162,5.131,0,0,0,1,0,0,0,0,0,1,0,0,0,0,0,0,0
20-11-2023,2023,11,November,Monday,0,0,4,324,0,0,,0,0,0,0,0,0,0,11,0.3832143,8,1,2.76,1579,8175460,452702,8628162,3.946,0,0,0,1,1,0,0,0,0,1,1,0,0,0,0,0,0
21-11-2023,2023,11,November,Tuesday,1,0,4,325,0,0,,0,0,0,0,0,0,0,11,0.41517857,8,1,3.93,1579,8175460,452702,8628162,3.432,0,0,0,0,1,0,0,0,0,0,1,0,0,0,0,0,0
22-11-2023,2023,11,November,Wednesday,2,0,4,326,0,0,,0,0,0,0,0,0,0,11,0.48714286,8,1,3.89,1579,8175460,452702,8628162,3.661,0,0,0,0,0,0,0,0,0,0,0,0,0,0,0,0,0
23-11-2023,2023,11,November,Thursday,3,0,4,327,0,0,,0,0,0,0,0,0,0,11,0.5739286,8,1,3.17,1579,8175460,452702,8628162,3.505,0,0,0,0,0,0,0,0,0,0,0,0,0,0,0,0,0
24-11-2023,2023,11,November,Friday,4,0,4,328,0,0,,0,0,0,0,0,0,0,11,0.46946427,8,1,2.76,1579,8175460,452702,8628162,4.044,0,0,0,0,0,0,0,0,0,0,0,0,0,0,0,0,0
25-11-2023,2023,11,November,Saturday,5,1,4,329,0,0,,1,0,0,0,0,0,3.94751215,11,0.4525,8,1,2.92,1579,8175460,452702,8628162,2.835,0,0,3.94751215,0,0,0,0,0,0,0,0,0,0,0,0,0,0
26-11-2023,2023,11,November,Sunday,6,1,4,330,0,0,,1,0,0,0,0,0,0.226708263,11,0.42285714,8,1,2.93,1579,8175460,452702,8628162,3.046,3.94751215,0,4.174220413,1,0,0,0,0,0,1,0,0,0,0,0,0,0
27-11-2023,2023,11,November,Monday,0,0,4,331,0,0,,0,0,0,0,0,0,0.191718966,11,0.36464283,8,1,2.72,1579,8175460,452702,8628162,2.888,0.226708263,3.94751215,4.365939379,1,1,0,0,0,0,1,1,0,0,0,0,0,0
28-11-2023,2023,11,November,Tuesday,1,0,4,332,0,0,,0,0,0,0,0,0,0,11,0.42946428,8,1,2.98,1579,8175460,452702,8628162,2.216,0.191718966,0.226708263,0.418427229,0,1,0,0,0,0,0,1,0,0,0,0,0,0
29-11-2023,2023,11,November,Wednesday,2,0,4,333,0,0,,0,0,0,0,0,0,0.468203634,11,0.66089284,8,1,3.36,1579,8175460,452702,8628162,2.465,0,0.191718966,0.6599226,0,0,0,0,0,0,0,0,0,0,0,0,0,0
30-11-2023,2023,11,November,Thursday,3,0,4,334,0,0,,0,0,0,0,0,0,2.227748632,11,0.6439286,8,1,3.18,1579,8175460,452702,8628162,2.576,0.468203634,0,2.695952266,0,0,0,0,0,0,0,0,0,0,0,0,0,0
01-12-2023,2023,12,December,Friday,4,0,4,335,0,0,,0,0,0,0,0,0,0.025792865,11,0.6292857,8,1,4,1579,8175460,452702,8628162,3.91,2.227748632,0.468203634,2.721745132,0,0,0,0,0,0,0,0,0,0,0,0,0,0
02-12-2023,2023,12,December,Saturday,5,1,4,336,0,0,,1,0,0,0,0,0,0.066919044,11,0.59017855,8,1,3.29,1579,8175460,452702,8628162,5.416,0.025792865,2.227748632,2.320460541,0,0,0,0,0,0,0,0,0,0,0,0,0,0
03-12-2023,2023,12,December,Sunday,6,1,4,337,0,0,,1,0,0,0,0,0,0,11,0.5864286,8,1,3.41,1579,8175460,452702,8628162,5.288,0.066919044,0.025792865,0.092711909,1,0,0,0,0,0,1,0,0,0,0,0,0,0
04-12-2023,2023,12,December,Monday,0,0,4,338,0,1,Feast of St. Francis Xavier,1,0,0,0,0,0,0,11,0.55,8,1,3.58,1579,8175460,452702,8628162,4.495,0,0.066919044,0.066919044,1,1,0,0,0,0,1,1,0,0,0,0,0,0
05-12-2023,2023,12,December,Tuesday,1,0,4,339,0,0,,0,0,0,0,0,0,0,11,0.5946429,8,1,3.56,1579,8175460,452702,8628162,4.544,0,0,0,0,1,1,0,0,0,1,1,0,0,0,0,0,0
06-12-2023,2023,12,December,Wednesday,2,0,4,340,0,0,,0,0,0,0,0,0,0,11,0.63678575,8,1,2.65,1579,8175460,452702,8628162,5.352,0,0,0,0,0,0,1,0,0,0,1,0,0,0,0,0,0
07-12-2023,2023,12,December,Thursday,3,0,4,341,0,0,,0,0,0,0,0,0,0,11,0.6251786,8,1,2.48,1579,8175460,452702,8628162,4.34,0,0,0,0,0,0,0,0,0,0,0,0,0,0,0,0,0
08-12-2023,2023,12,December,Friday,4,0,4,342,0,0,,0,0,0,0,0,0,0,11,0.59160715,8,1,2.12,1579,8175460,452702,8628162,3.945,0,0,0,0,0,0,0,0,0,0,0,0,0,0,0,0,0
09-12-2023,2023,12,December,Saturday,5,1,4,343,0,0,,1,0,0,0,0,0,0,11,0.5880357,8,1,2.46,1579,8175460,452702,8628162,5.015,0,0,0,0,0,0,0,0,0,0,0,0,0,0,0,0,0
10-12-2023,2023,12,December,Sunday,6,1,4,344,0,0,,1,0,0,0,0,0,0,11,0.64089286,8,1,2.62,1579,8175460,452702,8628162,5.134,0,0,0,1,0,0,0,0,0,1,0,0,0,0,0,0,0
11-12-2023,2023,12,December,Monday,0,0,4,345,0,0,,0,0,0,0,0,0,0,11,0.54660714,8,1,2.99,1579,8175460,452702,8628162,5.376,0,0,0,1,1,0,0,0,0,1,1,0,0,0,0,0,0
12-12-2023,2023,12,December,Tuesday,1,0,4,346,0,0,,0,0,0,0,0,0,0,11,0.50142854,8,1,2.95,1579,8175460,452702,8628162,4.894,0,0,0,0,1,0,0,0,0,0,1,0,0,0,0,0,0
13-12-2023,2023,12,December,Wednesday,2,0,4,347,0,0,,0,0,0,0,0,0,0,11,0.5510714,8,1,2.55,1579,8175460,452702,8628162,5.331,0,0,0,0,0,0,0,0,0,0,0,0,0,0,0,0,0
14-12-2023,2023,12,December,Thursday,3,0,4,348,0,0,,0,0,0,0,0,0,0,11,0.60053575,8,1,2.91,1579,8175460,452702,8628162,4.312,0,0,0,0,0,0,0,0,0,0,0,0,0,0,0,0,0
15-12-2023,2023,12,December,Friday,4,0,4,349,0,0,,0,0,0,0,0,0,0,11,0.5332143,8,1,2.88,1579,8175460,452702,8628162,4.479,0,0,0,0,0,0,0,0,0,0,0,0,0,0,0,0,0
16-12-2023,2023,12,December,Saturday,5,1,4,350,0,0,,1,0,0,0,0,0,0,11,0.48160714,8,1,2.99,1579,8175460,452702,8628162,4.725,0,0,0,0,0,0,0,0,0,0,0,0,0,0,0,0,0
17-12-2023,2023,12,December,Sunday,6,1,4,351,0,0,,1,0,0,0,0,0,0,11,0.47375,8,1,3.12,1579,8175460,452702,8628162,4.244,0,0,0,1,0,0,0,0,0,1,0,0,0,0,0,0,0
18-12-2023,2023,12,December,Monday,0,0,4,352,0,0,,0,0,0,0,0,0,0,11,0.50642854,8,1,3.51,1579,8175460,452702,8628162,3.524,0,0,0,1,1,0,0,0,0,1,1,0,0,0,0,0,0
19-12-2023,2023,12,December,Tuesday,1,0,4,353,0,1,Goa Liberation Day,1,0,0,0,0,0,0,11,0.47732142,8,1,3.55,1579,8175460,452702,8628162,4.647,0,0,0,0,1,0,0,0,0,0,1,0,0,0,0,0,0
20-12-2023,2023,12,December,Wednesday,2,0,4,354,0,0,,0,0,0,0,0,0,0,11,0.5310714,8,1,3.86,1579,8175460,452702,8628162,5.215,0,0,0,0,0,1,0,0,0,1,0,0,0,0,0,0,0
21-12-2023,2023,12,December,Thursday,3,0,4,355,0,0,,0,0,0,0,0,0,0,11,0.43857142,8,1,3.27,1579,8175460,452702,8628162,5.038,0,0,0,0,0,0,1,0,0,0,1,0,0,0,0,0,0
22-12-2023,2023,12,December,Friday,4,0,4,356,0,0,,0,0,0,0,0,0,0,11,0.38267857,8,1,2.92,1579,8175460,452702,8628162,5.586,0,0,0,0,0,0,0,0,0,0,0,0,0,0,0,0,0
23-12-2023,2023,12,December,Saturday,5,1,4,357,0,0,,1,0,0,0,0,0,0,11,0.38625,8,1,2.19,1579,8175460,452702,8628162,7.479,0,0,0,0,0,0,0,0,0,0,0,0,0,0,0,0,0
24-12-2023,2023,12,December,Sunday,6,1,4,358,0,0,,1,0,0,0,0,0,0,11,0.40928572,8,1,3.43,1579,8175460,452702,8628162,5.279,0,0,0,1,0,0,0,0,0,1,0,0,0,0,0,0,0
25-12-2023,2023,12,December,Monday,0,0,4,359,0,1,Christmas Day,1,0,0,0,0,0,0,11,0.41214284,8,1,3.43,1579,8175460,452702,8628162,4.842,0,0,0,1,1,0,0,0,0,1,1,0,0,0,0,0,0
26-12-2023,2023,12,December,Tuesday,1,0,4,360,0,0,,0,0,0,0,0,0,0,11,0.43035716,8,1,3.23,1579,8175460,452702,8628162,4.766,0,0,0,0,1,1,0,0,0,1,1,0,0,0,0,0,0
27-12-2023,2023,12,December,Wednesday,2,0,4,361,0,0,,0,0,0,0,0,0,0,11,0.49392858,8,1,3.32,1579,8175460,452702,8628162,6.733,0,0,0,0,0,0,1,0,0,0,1,0,0,0,0,0,0
28-12-2023,2023,12,December,Thursday,3,0,4,362,0,0,,0,0,0,0,0,0,0,11,0.5269643,8,1,4.34,1579,8175460,452702,8628162,6.812,0,0,0,0,0,0,0,0,0,0,0,0,0,0,0,0,0
29-12-2023,2023,12,December,Friday,4,0,4,363,0,0,,0,0,0,0,0,0,0,11,0.43714285,8,1,3.53,1579,8175460,452702,8628162,7.309,0,0,0,0,0,0,0,0,0,0,0,0,0,0,0,0,0
30-12-2023,2023,12,December,Saturday,5,1,4,364,0,0,,1,0,0,0,0,0,0,11,0.41625,8,1,3.32,1579,8175460,452702,8628162,6.089,0,0,0,0,0,0,0,0,0,0,0,0,0,0,0,0,0
31-12-2023,2023,12,December,Sunday,6,1,4,365,0,0,,1,0,0,0,0,0,0,11,0.43392855,8,1,3.44,1579,8175460,452702,8628162,5.676,0,0,0,1,0,0,0,0,0,1,0,0,0,0,0,0,0
01-01-2024,2024,1,January,Monday,0,0,1,1,0,0,,0,0,0,0,0,0,0,11,0.39839286,8,1,2.45,1587,9941285,467911,10409196,5.408,0,0,0,1,1,0,0,0,0,1,1,0,0,0,0,0,0
02-01-2024,2024,1,January,Tuesday,1,0,1,2,0,0,,0,0,0,0,0,0,0,11,0.41714287,8,1,2.91,1587,9941285,467911,10409196,5.317,0,0,0,0,1,0,0,0,0,0,1,0,0,0,0,0,0
03-01-2024,2024,1,January,Wednesday,2,0,1,3,0,0,,0,0,0,0,0,0,0,11,0.48749998,8,1,2.4,1587,9941285,467911,10409196,5.003,0,0,0,0,0,0,0,0,0,0,0,0,0,0,0,0,0
04-01-2024,2024,1,January,Thursday,3,0,1,4,0,0,,0,0,0,0,0,0,0.725776255,11,0.51857144,8,1,2.67,1587,9941285,467911,10409196,4.153,0,0,0.725776255,0,0,0,0,0,0,0,0,0,0,0,0,0,0
05-01-2024,2024,1,January,Friday,4,0,1,5,0,0,,0,0,0,0,0,0,0.35030368,11,0.6010714,8,1,2.97,1587,9941285,467911,10409196,4.222,0.725776255,0,1.076079935,0,0,0,0,0,0,0,0,0,0,0,0,0,0
06-01-2024,2024,1,January,Saturday,5,1,1,6,0,0,,1,0,0,0,0,0,0,11,0.67625,8,1,2.95,1587,9941285,467911,10409196,4.552,0.35030368,0.725776255,1.076079935,0,0,0,0,0,0,0,0,0,0,0,0,0,0
07-01-2024,2024,1,January,Sunday,6,1,1,7,0,0,,1,0,0,0,0,0,0.46623385,11,0.64464283,8,1,3.52,1587,9941285,467911,10409196,5.215,0,0.35030368,0.816537529,1,0,0,0,0,0,1,0,0,0,0,0,0,0
08-01-2024,2024,1,January,Monday,0,0,1,8,0,0,,0,0,0,0,0,0,0.09423697,11,0.5755357,8,1,4.36,1587,9941285,467911,10409196,5.14,0.46623385,0,0.560470819,1,1,0,0,0,0,1,1,0,0,0,0,0,0
09-01-2024,2024,1,January,Tuesday,1,0,1,9,0,0,,0,0,0,0,0,0,1.287552357,11,0.6021429,8,1,4.82,1587,9941285,467911,10409196,3.485,0.09423697,0.46623385,1.848023176,0,1,0,0,0,0,0,1,0,0,0,0,0,0
10-01-2024,2024,1,January,Wednesday,2,0,1,10,0,0,,0,0,0,0,0,0,0.917554855,11,0.6414286,8,1,3.9,1587,9941285,467911,10409196,2.676,1.287552357,0.09423697,2.299344182,0,0,0,0,0,0,0,0,0,0,0,0,0,0
11-01-2024,2024,1,January,Thursday,3,0,1,11,0,0,,0,0,0,0,0,0,0,11,0.61125,8,1,3.83,1587,9941285,467911,10409196,3.822,0.917554855,1.287552357,2.205107212,0,0,0,0,0,0,0,0,0,0,0,0,0,0
12-01-2024,2024,1,January,Friday,4,0,1,12,0,0,,0,0,0,0,0,0,0,11,0.56696427,8,1,3.96,1587,9941285,467911,10409196,4.674,0,0.917554855,0.917554855,0,0,0,0,0,0,0,0,0,0,0,0,0,0
13-01-2024,2024,1,January,Saturday,5,1,1,13,0,0,,1,0,0,0,0,0,0,11,0.5016071,8,1,3.18,1587,9941285,467911,10409196,3.948,0,0,0,0,0,0,0,0,0,0,0,0,0,0,0,0,0
14-01-2024,2024,1,January,Sunday,6,1,1,14,0,0,,1,0,0,0,0,0,0,11,0.48982143,8,1,4.16,1587,9941285,467911,10409196,3.254,0,0,0,1,0,0,0,0,0,1,0,0,0,0,0,0,0
15-01-2024,2024,1,January,Monday,0,0,1,15,0,0,,0,0,0,0,0,0,0,11,0.7625,8,1,4.17,1587,9941285,467911,10409196,3.747,0,0,0,1,1,0,0,0,0,1,1,0,0,0,0,0,0
16-01-2024,2024,1,January,Tuesday,1,0,1,16,0,0,,0,0,0,0,0,0,0,11,0.7260714,8,1,4.12,1587,9941285,467911,10409196,4.397,0,0,0,0,1,0,0,0,0,0,1,0,0,0,0,0,0
17-01-2024,2024,1,January,Wednesday,2,0,1,17,0,0,,0,0,0,0,0,0,0,11,0.41357142,8,1,2.92,1587,9941285,467911,10409196,5.363,0,0,0,0,0,0,0,0,0,0,0,0,0,0,0,0,0
18-01-2024,2024,1,January,Thursday,3,0,1,18,0,0,,0,0,0,0,0,0,0,11,0.4530357,8,1,3.39,1587,9941285,467911,10409196,4.999,0,0,0,0,0,0,0,0,0,0,0,0,0,0,0,0,0
19-01-2024,2024,1,January,Friday,4,0,1,19,0,0,,0,0,0,0,0,0,0,11,0.51589286,8,1,3.28,1587,9941285,467911,10409196,4.243,0,0,0,0,0,0,0,0,0,0,0,0,0,0,0,0,0
20-01-2024,2024,1,January,Saturday,5,1,1,20,0,0,,1,0,0,0,0,0,0,11,0.57875,8,1,4.07,1587,9941285,467911,10409196,3.873,0,0,0,0,0,0,0,0,0,0,0,0,0,0,0,0,0
21-01-2024,2024,1,January,Sunday,6,1,1,21,0,0,,1,0,0,0,0,0,0,11,0.58178574,8,1,3.83,1587,9941285,467911,10409196,4.291,0,0,0,1,0,0,0,0,0,1,0,0,0,0,0,0,0
22-01-2024,2024,1,January,Monday,0,0,1,22,0,0,,0,0,0,0,0,0,0,11,0.54,8,1,3.19,1587,9941285,467911,10409196,3.946,0,0,0,1,1,0,0,0,0,1,1,0,0,0,0,0,0
23-01-2024,2024,1,January,Tuesday,1,0,1,23,0,0,,0,0,0,0,0,0,0,11,0.6880357,8,1,3.67,1587,9941285,467911,10409196,3.395,0,0,0,0,1,0,0,0,0,0,1,0,0,0,0,0,0
24-01-2024,2024,1,January,Wednesday,2,0,1,24,0,0,,0,0,0,0,0,0,0,11,0.68375,8,1,2.81,1587,9941285,467911,10409196,5.037,0,0,0,0,0,0,0,0,0,0,0,0,0,0,0,0,0
25-01-2024,2024,1,January,Thursday,3,0,1,25,0,0,,0,0,0,0,0,0,0,11,0.5066071,8,1,2.9,1587,9941285,467911,10409196,5.813,0,0,0,0,0,0,0,0,0,0,0,0,0,0,0,0,0
26-01-2024,2024,1,January,Friday,4,0,1,26,0,1,Republic Day,1,0,0,0,0,0,0,11,0.42767856,8,1,3.71,1587,9941285,467911,10409196,5.991,0,0,0,0,0,0,0,0,0,0,0,0,0,0,0,0,0
27-01-2024,2024,1,January,Saturday,5,1,1,27,0,0,,1,0,0,0,0,0,0,11,0.42160714,8,1,3.62,1587,9941285,467911,10409196,4.589,0,0,0,0,0,1,0,0,0,1,0,0,0,0,0,0,0
28-01-2024,2024,1,January,Sunday,6,1,1,28,0,0,,1,0,0,0,0,0,0,11,0.3642857,8,1,3.83,1587,9941285,467911,10409196,5.149,0,0,0,1,0,0,1,0,0,1,1,0,0,0,0,0,0
29-01-2024,2024,1,January,Monday,0,0,1,29,0,0,,0,0,0,0,0,0,0,11,0.43374997,8,1,3.67,1587,9941285,467911,10409196,4.965,0,0,0,1,1,0,0,0,0,1,1,0,0,0,0,0,0
30-01-2024,2024,1,January,Tuesday,1,0,1,30,0,0,,0,0,0,0,0,0,0,11,0.57410717,8,1,3.53,1587,9941285,467911,10409196,4.71,0,0,0,0,1,0,0,0,0,0,1,0,0,0,0,0,0
31-01-2024,2024,1,January,Wednesday,2,0,1,31,0,0,,0,0,0,0,0,0,0,11,0.6067857,8,1,3.57,1587,9941285,467911,10409196,5.252,0,0,0,0,0,0,0,0,0,0,0,0,0,0,0,0,0
01-02-2024,2024,2,February,Thursday,3,0,1,32,0,0,,0,0,0,0,0,0,0,11,0.5676786,8,1,3.29,1587,9941285,467911,10409196,4.463,0,0,0,0,0,0,0,0,0,0,0,0,0,0,0,0,0
02-02-2024,2024,2,February,Friday,4,0,1,33,0,0,,0,0,0,0,0,0,0,11,0.47964287,8,1,3.15,1587,9941285,467911,10409196,4.413,0,0,0,0,0,0,0,0,0,0,0,0,0,0,0,0,0
03-02-2024,2024,2,February,Saturday,5,1,1,34,0,0,,1,0,0,0,0,0,0,11,0.47607142,8,1,3.31,1587,9941285,467911,10409196,4.635,0,0,0,0,0,0,0,0,0,0,0,0,0,0,0,0,0
04-02-2024,2024,2,February,Sunday,6,1,1,35,0,0,,1,0,0,0,0,0,0,11,0.4307143,8,1,3.49,1587,9941285,467911,10409196,4.592,0,0,0,1,0,0,0,0,0,1,0,0,0,0,0,0,0
05-02-2024,2024,2,February,Monday,0,0,1,36,0,0,,0,0,0,0,0,0,0,11,0.45910713,8,1,3.47,1587,9941285,467911,10409196,3.071,0,0,0,1,1,0,0,0,0,1,1,0,0,0,0,0,0
06-02-2024,2024,2,February,Tuesday,1,0,1,37,0,0,,0,0,0,0,0,0,0,11,0.55482143,8,1,3.45,1587,9941285,467911,10409196,3.291,0,0,0,0,1,0,0,0,0,0,1,0,0,0,0,0,0
07-02-2024,2024,2,February,Wednesday,2,0,1,38,0,0,,0,0,0,0,0,0,0,11,0.85232145,8,1,3.79,1587,9941285,467911,10409196,3.231,0,0,0,0,0,0,0,0,0,0,0,0,0,0,0,0,0
08-02-2024,2024,2,February,Thursday,3,0,1,39,0,0,,0,0,0,0,0,0,0,11,0.96750003,8,1,3.91,1587,9941285,467911,10409196,2.871,0,0,0,0,0,0,0,0,0,0,0,0,0,0,0,0,0
09-02-2024,2024,2,February,Friday,4,0,1,40,0,0,,0,0,0,0,0,0,0,11,0.85482144,8,1,3.89,1587,9941285,467911,10409196,4.149,0,0,0,0,0,0,0,0,0,0,0,0,0,0,0,0,0
10-02-2024,2024,2,February,Saturday,5,1,1,41,0,0,,1,1,0,0,0,1,0,11,0.7539286,8,1,3.62,1587,9941285,467911,10409196,5.757,0,0,0,0,0,0,0,0,0,0,0,0,0,0,0,0,0
11-02-2024,2024,2,February,Sunday,6,1,1,42,0,0,,1,1,0,0,0,1,0,11,0.72089285,8,1,3.65,1587,9941285,467911,10409196,7.211,0,0,0,1,0,0,0,1,0,1,0,1,0,0,0,0,0
12-02-2024,2024,2,February,Monday,0,0,1,43,0,0,,0,1,0,0,0,1,0,11,0.73625,8,1,4.27,1587,9941285,467911,10409196,6.114,0,0,0,1,1,0,0,1,1,1,1,1,1,0,0,0,0
13-02-2024,2024,2,February,Tuesday,1,0,1,44,0,0,,0,1,0,0,0,1,0,11,0.71107143,8,1,4.25,1587,9941285,467911,10409196,6.374,0,0,0,0,1,0,0,1,1,0,1,1,1,0,0,0,0
14-02-2024,2024,2,February,Wednesday,2,0,1,45,0,0,,0,0,0,0,0,0,0,11,0.70696425,8,1,3.85,1587,9941285,467911,10409196,5.034,0,0,0,0,0,0,0,1,1,0,0,1,1,0,0,0,0
15-02-2024,2024,2,February,Thursday,3,0,1,46,0,0,,0,0,0,0,0,0,0,11,0.7516071,8,1,3.46,1587,9941285,467911,10409196,4.197,0,0,0,0,0,0,0,0,1,0,0,0,1,0,0,0,0
16-02-2024,2024,2,February,Friday,4,0,1,47,0,0,,0,0,0,0,0,0,0,11,0.59000003,8,1,3.59,1587,9941285,467911,10409196,3.196,0,0,0,0,0,0,0,0,0,0,0,0,0,0,0,0,0
17-02-2024,2024,2,February,Saturday,5,1,1,48,0,0,,1,0,0,0,0,0,0,11,0.4889286,8,1,3.54,1587,9941285,467911,10409196,3.789,0,0,0,0,0,0,0,0,0,0,0,0,0,0,0,0,0
18-02-2024,2024,2,February,Sunday,6,1,1,49,0,0,,1,0,0,0,0,0,0,11,0.42624998,8,1,2.63,1587,9941285,467911,10409196,3.976,0,0,0,1,0,0,0,0,0,1,0,0,0,0,0,0,0
19-02-2024,2024,2,February,Monday,0,0,1,50,0,0,,0,0,0,0,0,0,0,11,0.44892856,8,1,3.73,1587,9941285,467911,10409196,3.069,0,0,0,1,1,0,0,0,0,1,1,0,0,0,0,0,0
20-02-2024,2024,2,February,Tuesday,1,0,1,51,0,0,,0,0,0,0,0,0,0,11,0.57053566,8,1,4.11,1587,9941285,467911,10409196,3.231,0,0,0,0,1,0,0,0,0,0,1,0,0,0,0,0,0
21-02-2024,2024,2,February,Wednesday,2,0,1,52,0,0,,0,0,0,0,0,0,0,11,0.77303576,8,1,4.88,1587,9941285,467911,10409196,3.409,0,0,0,0,0,0,0,0,0,0,0,0,0,0,0,0,0
22-02-2024,2024,2,February,Thursday,3,0,1,53,0,0,,0,0,0,0,0,0,0,11,0.79517853,8,1,4.47,1587,9941285,467911,10409196,4.617,0,0,0,0,0,0,0,0,0,0,0,0,0,0,0,0,0
23-02-2024,2024,2,February,Friday,4,0,1,54,0,0,,0,0,0,0,0,0,0,11,0.80571425,8,1,4.42,1587,9941285,467911,10409196,4.692,0,0,0,0,0,0,0,0,0,0,0,0,0,0,0,0,0
24-02-2024,2024,2,February,Saturday,5,1,1,55,0,0,,1,0,0,0,0,0,0,11,0.6575,8,1,3.44,1587,9941285,467911,10409196,4.359,0,0,0,0,0,0,0,0,0,0,0,0,0,0,0,0,0
25-02-2024,2024,2,February,Sunday,6,1,1,56,0,0,,1,0,0,0,0,0,0,11,0.6882143,8,1,3.27,1587,9941285,467911,10409196,4.466,0,0,0,1,0,0,0,0,0,1,0,0,0,0,0,0,0
26-02-2024,2024,2,February,Monday,0,0,1,57,0,0,,0,0,0,0,0,0,0,11,0.5896428,8,1,3.54,1587,9941285,467911,10409196,3.985,0,0,0,1,1,0,0,0,0,1,1,0,0,0,0,0,0
27-02-2024,2024,2,February,Tuesday,1,0,1,58,0,0,,0,0,0,0,0,0,0,11,0.5994643,8,1,4.34,1587,9941285,467911,10409196,3.584,0,0,0,0,1,0,0,0,0,0,1,0,0,0,0,0,0
28-02-2024,2024,2,February,Wednesday,2,0,1,59,0,0,,0,0,0,0,0,0,0,11,0.64821434,8,1,3.83,1587,9941285,467911,10409196,3.046,0,0,0,0,0,0,0,0,0,0,0,0,0,0,0,0,0
29-02-2024,2024,2,February,Thursday,3,0,1,60,0,0,,0,0,0,0,0,0,0,11,0.64035714,8,1,3.47,1587,9941285,467911,10409196,3.228,0,0,0,0,0,0,0,0,0,0,0,0,0,0,0,0,0
01-03-2024,2024,3,March,Friday,4,0,1,61,0,0,,0,0,0,0,0,0,0,11,0.49464285,8,1,2.95,1587,9941285,467911,10409196,2.606,0,0,0,0,0,0,0,0,0,0,0,0,0,0,0,0,0
02-03-2024,2024,3,March,Saturday,5,1,1,62,0,0,,1,0,0,0,0,0,0,11,0.5576786,8,1,3.6,1587,9941285,467911,10409196,2.521,0,0,0,0,0,0,0,0,0,0,0,0,0,0,0,0,0
03-03-2024,2024,3,March,Sunday,6,1,1,63,0,0,,1,0,0,0,0,0,0,11,0.77178574,8,1,5.06,1587,9941285,467911,10409196,3.338,0,0,0,1,0,0,0,0,0,1,0,0,0,0,0,0,0
04-03-2024,2024,3,March,Monday,0,0,1,64,0,0,,0,0,0,0,0,0,0,11,1.0119643,8,1,5.75,1587,9941285,467911,10409196,3.516,0,0,0,1,1,0,0,0,0,1,1,0,0,0,0,0,0
05-03-2024,2024,3,March,Tuesday,1,0,1,65,0,0,,0,0,0,0,0,0,0,11,0.96589285,8,1,4.91,1587,9941285,467911,10409196,2.514,0,0,0,0,1,0,0,0,0,0,1,0,0,0,0,0,0
06-03-2024,2024,3,March,Wednesday,2,0,1,66,0,0,,0,0,0,0,0,0,0,11,0.8141071,8,1,4.15,1587,9941285,467911,10409196,2.742,0,0,0,0,0,0,0,0,0,0,0,0,0,0,0,0,0
07-03-2024,2024,3,March,Thursday,3,0,1,67,0,0,,0,0,0,0,0,0,0,11,0.73089284,8,1,3.92,1587,9941285,467911,10409196,3.395,0,0,0,0,0,0,0,0,0,0,0,0,0,0,0,0,0
08-03-2024,2024,3,March,Friday,4,0,1,68,0,0,,0,0,0,0,0,0,0,11,0.6975,8,1,4.28,1587,9941285,467911,10409196,8.894,0,0,0,0,0,0,0,0,0,0,0,0,0,0,0,0,0
09-03-2024,2024,3,March,Saturday,5,1,1,69,0,0,,1,0,0,0,0,0,0,11,0.7092857,8,1,3.29,1587,9941285,467911,10409196,4.314,0,0,0,0,0,0,0,0,0,0,0,0,0,0,0,0,0
10-03-2024,2024,3,March,Sunday,6,1,1,70,0,0,,1,0,0,0,0,0,0,11,0.8248215,8,1,3.2,1587,9941285,467911,10409196,4.059,0,0,0,1,0,0,0,0,0,1,0,0,0,0,0,0,0
11-03-2024,2024,3,March,Monday,0,0,1,71,0,0,,0,0,0,0,0,0,0,11,0.76678574,8,1,3.88,1587,9941285,467911,10409196,3.134,0,0,0,1,1,0,0,0,0,1,1,0,0,0,0,0,0
12-03-2024,2024,3,March,Tuesday,1,0,1,72,0,0,,0,0,0,0,0,0,0,11,0.70607144,8,1,3.12,1587,9941285,467911,10409196,2.602,0,0,0,0,1,0,0,0,0,0,1,0,0,0,0,0,0
13-03-2024,2024,3,March,Wednesday,2,0,1,73,0,0,,0,0,0,0,0,0,0,11,0.7508929,8,1,3.29,1587,9941285,467911,10409196,3.012,0,0,0,0,0,0,0,0,0,0,0,0,0,0,0,0,0
14-03-2024,2024,3,March,Thursday,3,0,1,74,0,0,,0,0,0,0,0,0,0,11,0.8148214,8,1,4.33,1587,9941285,467911,10409196,3.282,0,0,0,0,0,0,0,0,0,0,0,0,0,0,0,0,0
15-03-2024,2024,3,March,Friday,4,0,1,75,0,0,,0,0,0,0,0,0,0,11,0.97089285,8,1,5.01,1587,9941285,467911,10409196,3.974,0,0,0,0,0,0,0,0,0,0,0,0,0,0,0,0,0
16-03-2024,2024,3,March,Saturday,5,1,1,76,0,0,,1,0,0,0,0,0,0,11,0.7757143,8,1,4.45,1587,9941285,467911,10409196,4.42,0,0,0,0,0,0,0,0,0,0,0,0,0,0,0,0,0
17-03-2024,2024,3,March,Sunday,6,1,1,77,0,0,,1,0,0,0,0,0,0,11,0.75678575,8,1,4.38,1587,9941285,467911,10409196,3.964,0,0,0,1,0,0,0,0,0,1,0,0,0,0,0,0,0
18-03-2024,2024,3,March,Monday,0,0,1,78,0,0,,0,0,0,0,0,0,0,11,0.75464284,8,1,4.52,1587,9941285,467911,10409196,2.924,0,0,0,1,1,0,0,0,0,1,1,0,0,0,0,0,0
19-03-2024,2024,3,March,Tuesday,1,0,1,79,0,0,,0,0,0,0,0,0,0,11,0.9510714,8,1,5.33,1587,9941285,467911,10409196,2.89,0,0,0,0,1,0,0,0,0,0,1,0,0,0,0,0,0
20-03-2024,2024,3,March,Wednesday,2,0,1,80,0,0,,0,0,0,0,0,0,0,11,0.88267857,8,1,4.39,1587,9941285,467911,10409196,3.118,0,0,0,0,0,0,0,0,0,0,0,0,0,0,0,0,0
21-03-2024,2024,3,March,Thursday,3,0,1,81,0,0,,0,0,0,0,0,0,0,11,0.7182143,8,1,4.51,1587,9941285,467911,10409196,3.011,0,0,0,0,0,0,0,0,0,0,0,0,0,0,0,0,0
22-03-2024,2024,3,March,Friday,4,0,1,82,0,0,,0,0,0,0,0,0,0,11,0.48339283,8,1,2.65,1587,9941285,467911,10409196,2.754,0,0,0,0,0,0,0,0,0,0,0,0,0,0,0,0,0
23-03-2024,2024,3,March,Saturday,5,1,1,83,0,0,,1,0,0,0,0,0,0,11,0.52678573,8,1,3.96,1587,9941285,467911,10409196,3.239,0,0,0,0,0,0,0,0,0,0,0,0,0,0,0,0,0
24-03-2024,2024,3,March,Sunday,6,1,1,84,0,0,,1,0,0,0,0,0,0.308359295,11,0.70732147,8,1,4.34,1587,9941285,467911,10409196,3.23,0,0,0.308359295,1,0,0,0,0,0,1,0,0,0,0,0,0,0
25-03-2024,2024,3,March,Monday,0,0,1,85,0,1,Holi,1,0,0,0,0,0,0,11,0.7951786,8,1,4.05,1587,9941285,467911,10409196,3.08,0.308359295,0,0.308359295,1,1,0,0,0,0,1,1,0,0,0,0,0,0
26-03-2024,2024,3,March,Tuesday,1,0,1,86,0,0,,0,0,0,0,0,0,0.254661709,11,0.7007143,8,1,3.44,1587,9941285,467911,10409196,3.21,0,0.308359295,0.563021004,0,1,1,0,0,0,1,1,0,0,0,0,0,0
27-03-2024,2024,3,March,Wednesday,2,0,1,87,0,0,,0,0,0,0,0,0,0,11,0.63178575,8,1,3.52,1587,9941285,467911,10409196,2.914,0.254661709,0,0.254661709,0,0,0,1,0,0,0,1,0,0,0,0,0,0
28-03-2024,2024,3,March,Thursday,3,0,1,88,0,0,,0,0,0,0,0,0,0,11,0.6053571,8,1,3.63,1587,9941285,467911,10409196,3.108,0,0.254661709,0.254661709,0,0,0,0,0,0,0,0,0,0,0,0,0,0
29-03-2024,2024,3,March,Friday,4,0,1,89,0,1,Good Friday,1,0,0,0,0,0,0,11,0.6733929,8,1,3.04,1587,9941285,467911,10409196,3.443,0,0,0,0,0,0,0,0,0,0,0,0,0,0,0,0,0
30-03-2024,2024,3,March,Saturday,5,1,1,90,0,0,,1,0,0,0,0,0,0.028656989,11,0.72160715,8,1,3.22,1587,9941285,467911,10409196,3.005,0,0,0.028656989,0,0,1,0,0,0,1,0,0,0,0,0,0,0
31-03-2024,2024,3,March,Sunday,6,1,1,91,0,0,,1,0,0,0,0,0,0.066866308,11,0.7953571,8,1,3.62,1587,9941285,467911,10409196,3.075,0.028656989,0,0.095523298,1,0,0,1,0,0,1,1,0,0,0,0,0,0
01-04-2024,2024,4,April,Monday,0,0,2,92,0,0,,0,0,0,0,0,0,0,11,0.9985714,8,1,3.64,1587,9941285,467911,10409196,3.536,0.066866308,0.028656989,0.095523298,1,1,0,0,0,0,1,1,0,0,0,0,0,0
02-04-2024,2024,4,April,Tuesday,1,0,2,93,0,0,,0,0,0,0,0,0,0,11,0.85249996,8,1,3.63,1587,9941285,467911,10409196,2.599,0,0.066866308,0.066866308,0,1,0,0,0,0,0,1,0,0,0,0,0,0
03-04-2024,2024,4,April,Wednesday,2,0,2,94,0,0,,0,0,0,0,0,0,0,11,0.7630357,8,1,3.48,1587,9941285,467911,10409196,1.963,0,0,0,0,0,0,0,0,0,0,0,0,0,0,0,0,0
04-04-2024,2024,4,April,Thursday,3,0,2,95,0,0,,0,0,0,0,0,0,0,11,0.75446427,8,1,4.24,1587,9941285,467911,10409196,1.784,0,0,0,0,0,0,0,0,0,0,0,0,0,0,0,0,0
05-04-2024,2024,4,April,Friday,4,0,2,96,0,0,,0,0,0,0,0,0,0,11,0.7917857,8,1,4.56,1587,9941285,467911,10409196,2.268,0,0,0,0,0,0,0,0,0,0,0,0,0,0,0,0,0
06-04-2024,2024,4,April,Saturday,5,1,2,97,0,0,,1,0,0,0,0,0,0,11,0.85910714,8,1,4.16,1587,9941285,467911,10409196,2.745,0,0,0,0,0,0,0,0,0,0,0,0,0,0,0,0,0
07-04-2024,2024,4,April,Sunday,6,1,2,98,0,0,,1,0,0,0,0,0,0,11,0.84839284,8,1,3.48,1587,9941285,467911,10409196,2.985,0,0,0,1,0,0,0,0,0,1,0,0,0,0,0,0,0
08-04-2024,2024,4,April,Monday,0,0,2,99,0,0,,0,0,0,0,0,0,0,11,0.7755357,8,1,3.63,1587,9941285,467911,10409196,3.472,0,0,0,1,1,0,0,0,0,1,1,0,0,0,0,0,0
09-04-2024,2024,4,April,Tuesday,1,0,2,100,0,1,Gudi Padava,1,0,0,0,0,0,0,11,0.7632143,8,1,3.49,1587,9941285,467911,10409196,2.174,0,0,0,0,1,0,0,0,0,0,1,0,0,0,0,0,0
10-04-2024,2024,4,April,Wednesday,2,0,2,101,0,0,,0,0,0,0,0,0,0,11,0.68107146,8,1,3.41,1587,9941285,467911,10409196,2.64,0,0,0,0,0,1,0,0,0,1,0,0,0,0,0,0,0
11-04-2024,2024,4,April,Thursday,3,0,2,102,0,1,Id-Ul Fitr,1,0,0,0,0,0,0.03095144,11,0.61,8,1,3.66,1587,9941285,467911,10409196,3.56,0,0,0.03095144,0,0,0,1,0,0,0,1,0,0,0,0,0,0
12-04-2024,2024,4,April,Friday,4,0,2,103,0,0,,0,0,0,0,0,0,0,11,0.54160714,8,1,4.36,1587,9941285,467911,10409196,2.673,0.03095144,0,0.03095144,0,0,1,0,0,0,1,0,0,0,0,0,0,0
13-04-2024,2024,4,April,Saturday,5,1,2,104,0,0,,1,0,0,0,0,0,0.740099132,11,0.5576786,8,1,3.8,1587,9941285,467911,10409196,2.704,0,0.03095144,0.771050572,0,0,0,1,0,0,0,1,0,0,0,0,0,0
14-04-2024,2024,4,April,Sunday,6,1,2,105,0,1,Birth Anniversary of Dr. Babasaheb Ambedkar,1,0,0,0,0,0,0,11,0.52589285,8,1,4.02,1587,9941285,467911,10409196,2.795,0.740099132,0,0.740099132,1,0,0,0,0,0,1,0,0,0,0,0,0,0
15-04-2024,2024,4,April,Monday,0,0,2,106,0,0,,0,0,0,0,0,0,0,11,0.6010715,8,1,3.58,1587,9941285,467911,10409196,2.476,0,0.740099132,0.740099132,1,1,1,0,0,0,1,1,0,0,0,0,0,0
16-04-2024,2024,4,April,Tuesday,1,0,2,107,0,0,,0,0,0,0,0,0,0,11,0.5910714,8,1,2.97,1587,9941285,467911,10409196,2.413,0,0,0,0,1,0,1,0,0,0,1,0,0,0,0,0,0
17-04-2024,2024,4,April,Wednesday,2,0,2,108,0,1,Ram Navami,1,0,0,0,0,0,0,11,0.5935714,8,1,2.86,1587,9941285,467911,10409196,3.378,0,0,0,0,0,0,0,0,0,0,0,0,0,0,0,0,0
18-04-2024,2024,4,April,Thursday,3,0,2,109,0,0,,0,0,0,0,0,0,0,11,0.6003571,8,1,2.76,1587,9941285,467911,10409196,4.099,0,0,0,0,0,1,0,0,0,1,0,0,0,0,0,0,0
19-04-2024,2024,4,April,Friday,4,0,2,110,0,0,,0,0,0,0,0,0,0,11,0.69214284,8,1,2.42,1587,9941285,467911,10409196,3.199,0,0,0,0,0,0,1,0,0,0,1,0,0,0,0,0,0
20-04-2024,2024,4,April,Saturday,5,1,2,111,0,0,,1,0,0,0,0,0,0.389359921,11,0.77874994,8,1,2.13,1587,9941285,467911,10409196,4.288,0,0,0.389359921,0,0,0,0,0,0,0,0,0,0,0,0,0,0
21-04-2024,2024,4,April,Sunday,6,1,2,112,0,0,,1,0,0,0,0,0,13.07585526,11,0.7475,8,1,2.86,1587,9941285,467911,10409196,3.604,0.389359921,0,13.46521518,1,0,0,0,0,0,1,0,0,0,0,0,0,0
22-04-2024,2024,4,April,Monday,0,0,2,113,0,0,,0,0,0,0,0,0,0.245032221,11,0.8521429,8,1,3.64,1587,9941285,467911,10409196,4.296,13.07585526,0.389359921,13.7102474,1,1,0,0,0,0,1,1,0,0,0,0,0,0
23-04-2024,2024,4,April,Tuesday,1,0,2,114,0,0,,0,0,0,0,0,0,0,11,0.9566071,8,1,4.13,1587,9941285,467911,10409196,3.424,0.245032221,13.07585526,13.32088748,0,1,0,0,0,0,0,1,0,0,0,0,0,0
24-04-2024,2024,4,April,Wednesday,2,0,2,115,0,0,,0,0,0,0,0,0,0.020184521,11,0.88517857,8,1,3.06,1587,9941285,467911,10409196,3.178,0,0.245032221,0.265216742,0,0,0,0,0,0,0,0,0,0,0,0,0,0
25-04-2024,2024,4,April,Thursday,3,0,2,116,0,0,,0,0,0,0,0,0,0,11,0.745,8,1,3.2,1587,9941285,467911,10409196,3.148,0.020184521,0,0.020184521,0,0,0,0,0,0,0,0,0,0,0,0,0,0
26-04-2024,2024,4,April,Friday,4,0,2,117,0,0,,0,0,0,0,0,0,0,11,0.79625,8,1,3.33,1587,9941285,467911,10409196,4.836,0,0.020184521,0.020184521,0,0,0,0,0,0,0,0,0,0,0,0,0,0
27-04-2024,2024,4,April,Saturday,5,1,2,118,0,0,,1,0,0,0,0,0,0.124865912,11,0.77089286,8,1,3.07,1587,9941285,467911,10409196,4.491,0,0,0.124865912,0,0,0,0,0,0,0,0,0,0,0,0,0,0
28-04-2024,2024,4,April,Sunday,6,1,2,119,0,0,,1,0,0,0,0,0,0,11,0.69714284,8,1,2.43,1587,9941285,467911,10409196,3.459,0.124865912,0,0.124865912,1,0,0,0,0,0,1,0,0,0,0,0,0,0
29-04-2024,2024,4,April,Monday,0,0,2,120,0,0,,0,0,0,0,0,0,0,11,0.74303573,8,1,2.53,1587,9941285,467911,10409196,3.618,0,0.124865912,0.124865912,1,1,0,0,0,0,1,1,0,0,0,0,0,0
30-04-2024,2024,4,April,Tuesday,1,0,2,121,0,0,,0,0,0,0,0,0,0,11,0.78571427,8,1,2.65,1587,9941285,467911,10409196,2.982,0,0,0,0,1,0,0,0,0,0,1,0,0,0,0,0,0
01-05-2024,2024,5,May,Wednesday,2,0,2,122,0,1,May Day,1,0,0,0,0,0,0,11,0.7558929,8,1,2.54,1587,9941285,467911,10409196,2.685,0,0,0,0,0,0,0,0,0,0,0,0,0,0,0,0,0
02-05-2024,2024,5,May,Thursday,3,0,2,123,0,0,,0,0,0,0,0,0,0,11,0.66892856,8,1,3.26,1587,9941285,467911,10409196,3.085,0,0,0,0,0,1,0,0,0,1,0,0,0,0,0,0,0
03-05-2024,2024,5,May,Friday,4,0,2,124,0,0,,0,0,0,0,0,0,0,11,0.70178574,8,1,3.89,1587,9941285,467911,10409196,2.842,0,0,0,0,0,0,1,0,0,0,1,0,0,0,0,0,0
04-05-2024,2024,5,May,Saturday,5,1,2,125,0,0,,1,0,0,0,0,0,0,11,0.6142857,8,1,3.54,1587,9941285,467911,10409196,3.031,0,0,0,0,0,0,0,0,0,0,0,0,0,0,0,0,0
05-05-2024,2024,5,May,Sunday,6,1,2,126,0,0,,1,0,0,0,0,0,0,11,0.78160715,8,1,4.13,1587,9941285,467911,10409196,3.127,0,0,0,1,0,0,0,0,0,1,0,0,0,0,0,0,0
06-05-2024,2024,5,May,Monday,0,0,2,127,0,0,,0,0,0,0,0,0,0,11,0.9007143,8,1,4.09,1587,9941285,467911,10409196,3.075,0,0,0,1,1,0,0,0,0,1,1,0,0,0,0,0,0
07-05-2024,2024,5,May,Tuesday,1,0,2,128,0,0,,0,0,0,0,0,0,0,11,0.8701786,8,1,3.94,1587,9941285,467911,10409196,3.008,0,0,0,0,1,0,0,0,0,0,1,0,0,0,0,0,0
08-05-2024,2024,5,May,Wednesday,2,0,2,129,0,0,,0,0,0,0,0,0,0,11,0.7558929,8,1,3.83,1587,9941285,467911,10409196,2.105,0,0,0,0,0,0,0,0,0,0,0,0,0,0,0,0,0
09-05-2024,2024,5,May,Thursday,3,0,2,130,0,0,,0,0,0,0,0,0,0,11,0.76285714,8,1,3.33,1587,9941285,467911,10409196,2.626,0,0,0,0,0,0,0,0,0,0,0,0,0,0,0,0,0
10-05-2024,2024,5,May,Friday,4,0,2,131,0,0,,0,0,0,0,0,0,0,11,0.8791071,8,1,3.71,1587,9941285,467911,10409196,2.317,0,0,0,0,0,0,0,0,0,0,0,0,0,0,0,0,0
11-05-2024,2024,5,May,Saturday,5,1,2,132,0,0,,1,0,0,0,0,0,0.32274124,11,0.84375,8,1,4.02,1587,9941285,467911,10409196,2.146,0,0,0.32274124,0,0,0,0,0,0,0,0,0,0,0,0,0,0
12-05-2024,2024,5,May,Sunday,6,1,2,133,0,0,,1,0,0,0,0,0,6.848457336,11,0.81142855,8,1,4.33,1587,9941285,467911,10409196,2.513,0.32274124,0,7.171198577,1,0,0,0,0,0,1,0,0,0,0,0,0,0
13-05-2024,2024,5,May,Monday,0,0,2,134,0,0,,0,0,0,0,0,0,2.656922579,11,0.64035714,8,1,3.07,1587,9941285,467911,10409196,2.59,6.848457336,0.32274124,9.828121156,1,1,0,0,0,0,1,1,0,0,0,0,0,0
14-05-2024,2024,5,May,Tuesday,1,0,2,135,0,0,,0,0,0,0,0,0,0.320513904,11,0.64250004,8,1,2.71,1587,9941285,467911,10409196,2.321,2.656922579,6.848457336,9.825893819,0,1,0,0,0,0,0,1,0,0,0,0,0,0
15-05-2024,2024,5,May,Wednesday,2,0,2,136,0,0,,0,0,0,0,0,0,5.463949203,11,0.5707143,8,1,2.46,1587,9941285,467911,10409196,2.722,0.320513904,2.656922579,8.441385686,0,0,0,0,0,0,0,0,0,0,0,0,0,0
16-05-2024,2024,5,May,Thursday,3,0,2,137,0,0,,0,0,0,0,0,0,0,11,0.53089285,8,1,3.08,1587,9941285,467911,10409196,2.203,5.463949203,0.320513904,5.784463108,0,0,0,0,0,0,0,0,0,0,0,0,0,0
17-05-2024,2024,5,May,Friday,4,0,2,138,0,0,,0,0,0,0,0,0,7.56453371,11,0.57625,8,1,2.8,1587,9941285,467911,10409196,2.203,0,5.463949203,13.02848291,0,0,0,0,0,0,0,0,0,0,0,0,0,0
18-05-2024,2024,5,May,Saturday,5,1,2,139,0,0,,1,0,0,0,0,0,0.742844522,11,0.58625,8,1,3.22,1587,9941285,467911,10409196,2.387,7.56453371,0,8.307378232,0,0,0,0,0,0,0,0,0,0,0,0,0,0
19-05-2024,2024,5,May,Sunday,6,1,2,140,0,0,,1,0,0,0,0,0,2.364460945,11,0.70375,8,1,2.52,1587,9941285,467911,10409196,2.71,0.742844522,7.56453371,10.67183918,1,0,0,0,0,0,1,0,0,0,0,0,0,0
20-05-2024,2024,5,May,Monday,0,0,2,141,0,0,,0,0,0,0,0,0,17.36816216,11,0.8644643,8,1,2.52,1587,9941285,467911,10409196,2.661,2.364460945,0.742844522,20.47546762,1,1,0,0,0,0,1,1,0,0,0,0,0,0
21-05-2024,2024,5,May,Tuesday,1,0,2,142,0,0,,0,0,0,0,0,0,0.486616522,11,1.0357143,8,1,3.07,1587,9941285,467911,10409196,2.376,17.36816216,2.364460945,20.21923962,0,1,0,0,0,0,0,1,0,0,0,0,0,0
22-05-2024,2024,5,May,Wednesday,2,0,2,143,0,0,,0,0,0,0,0,0,2.951803684,11,1.1121428,8,1,3.88,1587,9941285,467911,10409196,2.834,0.486616522,17.36816216,20.80658236,0,0,0,0,0,0,0,0,0,0,0,0,0,0
23-05-2024,2024,5,May,Thursday,3,0,2,144,0,0,,0,0,0,0,0,0,1.1189605,11,1.1407143,8,1,3.9,1587,9941285,467911,10409196,2.844,2.951803684,0.486616522,4.557380706,0,0,0,0,0,0,0,0,0,0,0,0,0,0
24-05-2024,2024,5,May,Friday,4,0,2,145,0,0,,0,0,0,0,0,0,8.690208435,11,1.4230357,8,1,4.94,1587,9941285,467911,10409196,2.11,1.1189605,2.951803684,12.76097262,0,0,0,0,0,0,0,0,0,0,0,0,0,0
25-05-2024,2024,5,May,Saturday,5,1,2,146,0,0,,1,0,0,0,0,0,0,11,1.3242856,8,1,4.84,1587,9941285,467911,10409196,1.972,8.690208435,1.1189605,9.809168935,0,0,0,0,0,0,0,0,0,0,0,0,0,0
26-05-2024,2024,5,May,Sunday,6,1,2,147,0,0,,1,0,0,0,0,0,0.404955029,11,1.2714286,8,1,5.14,1587,9941285,467911,10409196,2.542,0,8.690208435,9.095163465,1,0,0,0,0,0,1,0,0,0,0,0,0,0
27-05-2024,2024,5,May,Monday,0,0,2,148,0,0,,0,0,0,0,0,0,0,11,1.2719643,8,1,4.88,1587,9941285,467911,10409196,2.585,0.404955029,0,0.404955029,1,1,0,0,0,0,1,1,0,0,0,0,0,0
28-05-2024,2024,5,May,Tuesday,1,0,2,149,0,0,,0,0,0,0,0,0,0,11,1.3496429,8,1,4.85,1587,9941285,467911,10409196,2.624,0,0.404955029,0.404955029,0,1,0,0,0,0,0,1,0,0,0,0,0,0
29-05-2024,2024,5,May,Wednesday,2,0,2,150,0,0,,0,0,0,0,0,0,0,11,1.6883929,8,1,5.22,1587,9941285,467911,10409196,2.805,0,0,0,0,0,0,0,0,0,0,0,0,0,0,0,0,0
30-05-2024,2024,5,May,Thursday,3,0,2,151,0,0,,0,0,0,0,0,0,0,11,1.9903572,8,1,5.25,1587,9941285,467911,10409196,3.062,0,0,0,0,0,0,0,0,0,0,0,0,0,0,0,0,0
31-05-2024,2024,5,May,Friday,4,0,2,152,0,0,,0,0,0,0,0,0,0,11,1.9623214,8,1,5.3,1587,9941285,467911,10409196,1.225,0,0,0,0,0,0,0,0,0,0,0,0,0,0,0,0,0
01-06-2024,2024,6,June,Saturday,5,1,2,153,1,0,,1,0,0,0,0,0,0,11,1.64625,8,1,4.01,1587,9941285,467911,10409196,3.835,0,0,0,0,0,0,0,0,0,0,0,0,0,0,0,0,0
02-06-2024,2024,6,June,Sunday,6,1,2,154,1,0,,1,0,0,0,0,0,0,11,1.4303571,8,1,3.87,1587,9941285,467911,10409196,1.815,0,0,0,1,0,0,0,0,0,1,0,0,0,0,0,0,0
03-06-2024,2024,6,June,Monday,0,0,2,155,1,0,,0,0,0,0,0,0,6.107025623,11,1.3707143,8,1,2.73,1587,9941285,467911,10409196,1.573,0,0,6.107025623,1,1,0,0,0,0,1,1,0,0,0,0,0,0
04-06-2024,2024,6,June,Tuesday,1,0,2,156,1,0,,0,0,0,0,0,0,5.41065073,11,1.2953571,8,1,2.48,1587,9941285,467911,10409196,1.788,6.107025623,0,11.51767635,0,1,0,0,0,0,0,1,0,0,0,0,0,0
05-06-2024,2024,6,June,Wednesday,2,0,2,157,1,0,,0,0,0,0,0,0,6.447698593,11,1.2285714,8,1,2.27,1587,9941285,467911,10409196,2.222,5.41065073,6.107025623,17.96537495,0,0,0,0,0,0,0,0,0,0,0,0,0,0
06-06-2024,2024,6,June,Thursday,3,0,2,158,1,0,,0,0,0,0,0,0,3.815152168,11,1.2066071,8,1,3.62,1587,9941285,467911,10409196,1.958,6.447698593,5.41065073,15.67350149,0,0,0,0,0,0,0,0,0,0,0,0,0,0
07-06-2024,2024,6,June,Friday,4,0,2,159,1,0,,0,0,0,0,0,0,27.93194771,11,1.1425,8,1,7.06,1587,9941285,467911,10409196,1.211,3.815152168,6.447698593,38.19479847,0,0,0,0,0,0,0,0,0,0,0,0,0,0
08-06-2024,2024,6,June,Saturday,5,1,2,160,1,0,,1,0,0,0,0,0,65.01419067,11,1.3533928,8,1,5.65,1587,9941285,467911,10409196,1.316,27.93194771,3.815152168,96.76129055,0,0,0,0,0,0,0,0,0,0,0,0,0,0
09-06-2024,2024,6,June,Sunday,6,1,2,161,1,0,,1,0,0,0,0,0,70.34420013,11,1.5044643,8,1,5.95,1587,9941285,467911,10409196,1.885,65.01419067,27.93194771,163.2903385,1,0,0,0,0,0,1,0,0,0,0,0,0,0
10-06-2024,2024,6,June,Monday,0,0,2,162,1,0,,0,0,0,0,0,0,50.61065292,11,1.5305357,8,1,7.06,1587,9941285,467911,10409196,2.012,70.34420013,65.01419067,185.9690437,1,1,0,0,0,0,1,1,0,0,0,0,0,0
11-06-2024,2024,6,June,Tuesday,1,0,2,163,1,0,,0,0,0,0,0,0,8.041337967,11,1.5710714,8,1,4.79,1587,9941285,467911,10409196,4.369,50.61065292,70.34420013,128.996191,0,1,0,0,0,0,0,1,0,0,0,0,0,0
12-06-2024,2024,6,June,Wednesday,2,0,2,164,1,0,,0,0,0,0,0,0,15.12678146,11,1.67125,8,1,4.95,1587,9941285,467911,10409196,1.785,8.041337967,50.61065292,73.77877235,0,0,0,0,0,0,0,0,0,0,0,0,0,0
13-06-2024,2024,6,June,Thursday,3,0,2,165,1,0,,0,0,0,0,0,0,15.34421158,11,1.6580358,8,1,4.67,1587,9941285,467911,10409196,1.777,15.12678146,8.041337967,38.51233101,0,0,0,0,0,0,0,0,0,0,0,0,0,0
14-06-2024,2024,6,June,Friday,4,0,2,166,1,0,,0,0,0,0,0,0,23.65374756,11,1.6223215,8,1,3.17,1587,9941285,467911,10409196,2.098,15.34421158,15.12678146,54.1247406,0,0,0,0,0,0,0,0,0,0,0,0,0,0
15-06-2024,2024,6,June,Saturday,5,1,2,167,1,0,,1,0,0,0,0,0,10.50607395,11,1.5678571,8,1,4.16,1587,9941285,467911,10409196,2.007,23.65374756,15.34421158,49.50403309,0,0,0,0,0,0,0,0,0,0,0,0,0,0
16-06-2024,2024,6,June,Sunday,6,1,2,168,1,0,,1,0,0,0,0,0,6.058694363,11,1.6055357,8,1,3.52,1587,9941285,467911,10409196,1.934,10.50607395,23.65374756,40.21851587,1,0,0,0,0,0,1,0,0,0,0,0,0,0
17-06-2024,2024,6,June,Monday,0,0,2,169,1,1,Id-Ul-Zuha (Bakri Id),1,0,0,0,0,0,20.15439606,11,1.6060715,8,1,3.41,1587,9941285,467911,10409196,2.109,6.058694363,10.50607395,36.71916437,1,1,0,0,0,0,1,1,0,0,0,0,0,0
18-06-2024,2024,6,June,Tuesday,1,0,2,170,1,0,,0,0,0,0,0,0,3.874154568,11,1.4796427,8,1,3.55,1587,9941285,467911,10409196,1.661,20.15439606,6.058694363,30.08724499,0,1,1,0,0,0,1,1,0,0,0,0,0,0
19-06-2024,2024,6,June,Wednesday,2,0,2,171,1,0,,0,0,0,0,0,0,10.05997086,11,1.4575,8,1,4.13,1587,9941285,467911,10409196,1.848,3.874154568,20.15439606,34.08852148,0,0,0,1,0,0,0,1,0,0,0,0,0,0
20-06-2024,2024,6,June,Thursday,3,0,2,172,1,0,,0,0,0,0,0,0,13.89984798,11,1.8667858,8,1,5.45,1587,9941285,467911,10409196,1.972,10.05997086,3.874154568,27.83397341,0,0,0,0,0,0,0,0,0,0,0,0,0,0
21-06-2024,2024,6,June,Friday,4,0,2,173,1,0,,0,0,0,0,0,0,76.07460785,11,2.1264286,8,1,5.57,1587,9941285,467911,10409196,1.973,13.89984798,10.05997086,100.0344267,0,0,0,0,0,0,0,0,0,0,0,0,0,0
22-06-2024,2024,6,June,Saturday,5,1,2,174,1,0,,1,0,0,0,0,0,40.73352051,11,2.2583928,8,1,5.12,1587,9941285,467911,10409196,3.259,76.07460785,13.89984798,130.7079763,0,0,0,0,0,0,0,0,0,0,0,0,0,0
23-06-2024,2024,6,June,Sunday,6,1,2,175,1,0,,1,0,0,0,0,0,14.69602108,11,2.5925,8,1,5.05,1587,9941285,467911,10409196,2.871,40.73352051,76.07460785,131.5041494,1,0,0,0,0,0,1,0,0,0,0,0,0,0
24-06-2024,2024,6,June,Monday,0,0,2,176,1,0,,0,0,0,1,0,1,18.71545601,11,2.7348216,8,1,7.22,1587,9941285,467911,10409196,3.259,14.69602108,40.73352051,74.1449976,1,1,0,0,0,0,1,1,0,0,0,0,0,0
25-06-2024,2024,6,June,Tuesday,1,0,2,177,1,0,,0,0,0,0,0,0,24.26433754,11,3.1335714,8,1,8.69,1587,9941285,467911,10409196,2.827,18.71545601,14.69602108,57.67581463,0,1,0,0,1,0,0,1,0,0,0,0,1,0
26-06-2024,2024,6,June,Wednesday,2,0,2,178,1,0,,0,0,0,0,0,0,35.83113098,11,3.2830358,8,1,9.88,1587,9941285,467911,10409196,2.015,24.26433754,18.71545601,78.81092453,0,0,0,0,0,1,0,0,0,0,0,0,0,1
27-06-2024,2024,6,June,Thursday,3,0,2,179,1,0,,0,0,0,0,0,0,64.06725311,11,3.3285716,8,1,8.17,1587,9941285,467911,10409196,2.355,35.83113098,24.26433754,124.1627216,0,0,0,0,0,0,0,0,0,0,0,0,0,0
28-06-2024,2024,6,June,Friday,4,0,2,180,1,0,,0,0,0,0,0,0,61.26903152,11,2.9421427,8,1,5.75,1587,9941285,467911,10409196,2.244,64.06725311,35.83113098,161.1674156,0,0,0,0,0,0,0,0,0,0,0,0,0,0
29-06-2024,2024,6,June,Saturday,5,1,2,181,1,0,,1,0,0,0,0,0,25.73929977,11,2.66375,8,1,5.48,1587,9941285,467911,10409196,2.301,61.26903152,64.06725311,151.0755844,0,0,0,0,0,0,0,0,0,0,0,0,0,0
30-06-2024,2024,6,June,Sunday,6,1,2,182,1,0,,1,0,0,0,0,0,32.03572083,11,2.7535715,8,1,5.61,1587,9941285,467911,10409196,2.452,25.73929977,61.26903152,119.0440521,1,0,0,0,0,0,1,0,0,0,0,0,0,0
01-07-2024,2024,7,July,Monday,0,0,3,183,1,0,,0,0,0,0,0,0,36.61369324,11,2.8121428,8,1,7.7,1587,9941285,467911,10409196,2.068,32.03572083,25.73929977,94.38871384,1,1,0,0,0,0,1,1,0,0,0,0,0,0
02-07-2024,2024,7,July,Tuesday,1,0,3,184,1,0,,0,0,0,0,0,0,33.14399338,11,2.8644643,8,1,6.08,1587,9941285,467911,10409196,1.811,36.61369324,32.03572083,101.7934074,0,1,0,0,0,0,0,1,0,0,0,0,0,0
03-07-2024,2024,7,July,Wednesday,2,0,3,185,1,0,,0,0,0,0,0,0,36.98420334,11,2.5608928,8,1,6,1587,9941285,467911,10409196,2.063,33.14399338,36.61369324,106.74189,0,0,0,0,0,0,0,0,0,0,0,0,0,0
04-07-2024,2024,7,July,Thursday,3,0,3,186,1,0,,0,0,0,0,0,0,74.60780334,11,2.3853571,8,1,6.89,1587,9941285,467911,10409196,2.484,36.98420334,33.14399338,144.7360001,0,0,0,0,0,0,0,0,0,0,0,0,0,0
05-07-2024,2024,7,July,Friday,4,0,3,187,1,0,,0,0,0,0,0,0,74.67494965,11,2.560357,8,1,6.94,1587,9941285,467911,10409196,3.266,74.60780334,36.98420334,186.2669563,0,0,0,0,0,0,0,0,0,0,0,0,0,0
06-07-2024,2024,7,July,Saturday,5,1,3,188,1,0,,1,0,0,0,0,0,62.79402161,11,2.7866073,8,1,7.05,1587,9941285,467911,10409196,6.942,74.67494965,74.60780334,212.0767746,0,0,0,0,0,0,0,0,0,0,0,0,0,0
07-07-2024,2024,7,July,Sunday,6,1,3,189,1,0,,1,0,0,0,0,0,70.67540741,11,2.617143,8,1,7.56,1587,9941285,467911,10409196,3.678,62.79402161,74.67494965,208.1443787,1,0,0,0,0,0,1,0,0,0,0,0,0,0
08-07-2024,2024,7,July,Monday,0,0,3,190,1,0,,0,0,0,0,0,0,192.2176208,11,2.4023213,8,1,6.59,1587,9941285,467911,10409196,2.399,70.67540741,62.79402161,325.6870499,1,1,0,0,0,0,1,1,0,0,0,0,0,0
09-07-2024,2024,7,July,Tuesday,1,0,3,191,1,0,,0,0,0,0,0,0,65.31326294,11,2.252143,8,1,4.91,1587,9941285,467911,10409196,2.279,192.2176208,70.67540741,328.2062912,0,1,0,0,0,0,0,1,0,0,0,0,0,0
10-07-2024,2024,7,July,Wednesday,2,0,3,192,1,0,,0,0,0,0,0,0,36.21723175,11,2.00875,8,1,4.49,1587,9941285,467911,10409196,2.079,65.31326294,192.2176208,293.7481155,0,0,0,0,0,0,0,0,0,0,0,0,0,0
11-07-2024,2024,7,July,Thursday,3,0,3,193,1,0,,0,0,0,0,0,0,41.05057144,11,1.9607142,8,1,4.98,1587,9941285,467911,10409196,1.698,36.21723175,65.31326294,142.5810661,0,0,0,0,0,0,0,0,0,0,0,0,0,0
12-07-2024,2024,7,July,Friday,4,0,3,194,1,0,,0,0,0,0,0,0,17.26747894,11,1.8883929,8,1,5.71,1587,9941285,467911,10409196,1.616,41.05057144,36.21723175,94.53528214,0,0,0,0,0,0,0,0,0,0,0,0,0,0
13-07-2024,2024,7,July,Saturday,5,1,3,195,1,0,,1,0,0,0,0,0,73.80257416,11,2.33,8,1,7.17,1587,9941285,467911,10409196,1.793,17.26747894,41.05057144,132.1206245,0,0,0,0,0,0,0,0,0,0,0,0,0,0
14-07-2024,2024,7,July,Sunday,6,1,3,196,1,0,,1,0,0,0,0,0,121.9222412,11,2.9869645,8,1,7.9,1587,9941285,467911,10409196,7.951,73.80257416,17.26747894,212.9922943,1,0,0,0,0,0,1,0,0,0,0,0,0,0
15-07-2024,2024,7,July,Monday,0,0,3,197,1,0,,0,0,0,0,0,0,143.3426971,11,3.1725,8,1,8.12,1587,9941285,467911,10409196,3.205,121.9222412,73.80257416,339.0675125,1,1,0,0,0,0,1,1,0,0,0,0,0,0
16-07-2024,2024,7,July,Tuesday,1,0,3,198,1,0,,0,0,0,0,0,0,93.94676971,11,3.4551785,8,1,7.46,1587,9941285,467911,10409196,3.19,143.3426971,121.9222412,359.2117081,0,1,0,0,0,0,0,1,0,0,0,0,0,0
17-07-2024,2024,7,July,Wednesday,2,0,3,199,1,0,,0,0,0,0,0,0,78.05432892,11,3.1285715,8,1,7.38,1587,9941285,467911,10409196,2.806,93.94676971,143.3426971,315.3437958,0,0,0,0,0,0,0,0,0,0,0,0,0,0
18-07-2024,2024,7,July,Thursday,3,0,3,200,1,0,,0,0,0,0,0,0,124.6562271,11,3.30375,8,1,7.96,1587,9941285,467911,10409196,2.86,78.05432892,93.94676971,296.6573257,0,0,0,0,0,0,0,0,0,0,0,0,0,0
19-07-2024,2024,7,July,Friday,4,0,3,201,1,0,,0,0,0,0,0,0,123.0732346,11,3.6501787,8,1,7.7,1587,9941285,467911,10409196,2.932,124.6562271,78.05432892,325.7837906,0,0,0,0,0,0,0,0,0,0,0,0,0,0
20-07-2024,2024,7,July,Saturday,5,1,3,202,1,0,,1,0,0,0,0,0,69.91863251,11,3.3044643,8,1,7.47,1587,9941285,467911,10409196,3.218,123.0732346,124.6562271,317.6480942,0,0,0,0,0,0,0,0,0,0,0,0,0,0
21-07-2024,2024,7,July,Sunday,6,1,3,203,1,0,,1,0,0,0,0,0,64.32056427,11,3.1417856,8,1,7.13,1587,9941285,467911,10409196,3.78,69.91863251,123.0732346,257.3124313,1,0,0,0,0,0,1,0,0,0,0,0,0,0
22-07-2024,2024,7,July,Monday,0,0,3,204,1,0,,0,0,0,0,0,0,60.64027405,11,2.9114287,8,1,6.86,1587,9941285,467911,10409196,3.568,64.32056427,69.91863251,194.8794708,1,1,0,0,0,0,1,1,0,0,0,0,0,0
23-07-2024,2024,7,July,Tuesday,1,0,3,205,1,0,,0,0,0,0,0,0,58.64824295,11,2.9292858,8,1,7.21,1587,9941285,467911,10409196,2.907,60.64027405,64.32056427,183.6090813,0,1,0,0,0,0,0,1,0,0,0,0,0,0
24-07-2024,2024,7,July,Wednesday,2,0,3,206,1,0,,0,0,0,0,0,0,65.26087189,11,3.0305357,8,1,7.21,1587,9941285,467911,10409196,2.859,58.64824295,60.64027405,184.5493889,0,0,0,0,0,0,0,0,0,0,0,0,0,0
25-07-2024,2024,7,July,Thursday,3,0,3,207,1,0,,0,0,0,0,0,0,64.54238892,11,3.1257143,8,1,8.19,1587,9941285,467911,10409196,2.246,65.26087189,58.64824295,188.4515038,0,0,0,0,0,0,0,0,0,0,0,0,0,0
26-07-2024,2024,7,July,Friday,4,0,3,208,1,0,,0,0,0,0,0,0,65.84447479,11,3.2089286,8,1,7.43,1587,9941285,467911,10409196,2.343,64.54238892,65.26087189,195.6477356,0,0,0,0,0,0,0,0,0,0,0,0,0,0
27-07-2024,2024,7,July,Saturday,5,1,3,209,1,0,,1,0,0,0,0,0,47.15777969,11,2.7267857,8,1,6.91,1587,9941285,467911,10409196,2.702,65.84447479,64.54238892,177.5446434,0,0,0,0,0,0,0,0,0,0,0,0,0,0
28-07-2024,2024,7,July,Sunday,6,1,3,210,1,0,,1,0,0,0,0,0,34.48384094,11,2.7425,8,1,7.34,1587,9941285,467911,10409196,2.813,47.15777969,65.84447479,147.4860954,1,0,0,0,0,0,1,0,0,0,0,0,0,0
29-07-2024,2024,7,July,Monday,0,0,3,211,1,0,,0,0,0,0,0,0,33.63150787,11,2.6985714,8,1,7.27,1587,9941285,467911,10409196,2.29,34.48384094,47.15777969,115.2731285,1,1,0,0,0,0,1,1,0,0,0,0,0,0
30-07-2024,2024,7,July,Tuesday,1,0,3,212,1,0,,0,0,0,0,0,0,51.89266205,11,2.5821428,8,1,6.55,1587,9941285,467911,10409196,2.302,33.63150787,34.48384094,120.0080109,0,1,0,0,0,0,0,1,0,0,0,0,0,0
31-07-2024,2024,7,July,Wednesday,2,0,3,213,1,0,,0,0,0,0,0,0,92.9883728,11,2.4437501,8,1,5.69,1587,9941285,467911,10409196,2.611,51.89266205,33.63150787,178.5125427,0,0,0,0,0,0,0,0,0,0,0,0,0,0
01-08-2024,2024,8,August,Thursday,3,0,3,214,1,0,,0,0,0,0,0,0,123.4894562,11,2.2282143,8,1,5.99,1587,9941285,467911,10409196,3.608,92.9883728,51.89266205,268.370491,0,0,0,0,0,0,0,0,0,0,0,0,0,0
02-08-2024,2024,8,August,Friday,4,0,3,215,1,0,,0,0,0,0,0,0,73.16918945,11,2.2196429,8,1,5.93,1587,9941285,467911,10409196,3.297,123.4894562,92.9883728,289.6470184,0,0,0,0,0,0,0,0,0,0,0,0,0,0
03-08-2024,2024,8,August,Saturday,5,1,3,216,1,0,,1,0,0,0,0,0,59.5423317,11,2.3069644,8,1,5.6,1587,9941285,467911,10409196,6.481,73.16918945,123.4894562,256.2009773,0,0,0,0,0,0,0,0,0,0,0,0,0,0
04-08-2024,2024,8,August,Sunday,6,1,3,217,1,0,,1,0,0,0,0,0,57.97174454,11,2.4273214,8,1,5.71,1587,9941285,467911,10409196,2.926,59.5423317,73.16918945,190.6832657,1,0,0,0,0,0,1,0,0,0,0,0,0,0
05-08-2024,2024,8,August,Monday,0,0,3,218,1,0,,0,0,0,0,0,0,35.02952576,11,2.3310714,8,1,4.32,1587,9941285,467911,10409196,1.595,57.97174454,59.5423317,152.543602,1,1,0,0,0,0,1,1,0,0,0,0,0,0
06-08-2024,2024,8,August,Tuesday,1,0,3,219,1,0,,0,0,0,0,0,0,20.36419296,11,2.1123214,8,1,4.38,1587,9941285,467911,10409196,1.798,35.02952576,57.97174454,113.3654633,0,1,0,0,0,0,0,1,0,0,0,0,0,0
07-08-2024,2024,8,August,Wednesday,2,0,3,220,1,0,,0,0,0,0,0,0,61.95493317,11,1.9260715,8,1,4.15,1587,9941285,467911,10409196,1.014,20.36419296,35.02952576,117.3486519,0,0,0,0,0,0,0,0,0,0,0,0,0,0
08-08-2024,2024,8,August,Thursday,3,0,3,221,1,0,,0,0,0,0,0,0,32.51699448,11,1.7021428,8,1,4.21,1587,9941285,467911,10409196,1.156,61.95493317,20.36419296,114.8361206,0,0,0,0,0,0,0,0,0,0,0,0,0,0
09-08-2024,2024,8,August,Friday,4,0,3,222,1,0,,0,0,0,0,0,0,23.18309212,11,1.5744643,8,1,3.99,1587,9941285,467911,10409196,1.565,32.51699448,61.95493317,117.6550198,0,0,0,0,0,0,0,0,0,0,0,0,0,0
10-08-2024,2024,8,August,Saturday,5,1,3,223,1,0,,1,0,0,0,0,0,14.09303284,11,1.4775,8,1,4.35,1587,9941285,467911,10409196,1.848,23.18309212,32.51699448,69.79311943,0,0,0,0,0,0,0,0,0,0,0,0,0,0
11-08-2024,2024,8,August,Sunday,6,1,3,224,1,0,,1,0,0,0,0,0,18.25405693,11,1.3869643,8,1,4.47,1587,9941285,467911,10409196,1.587,14.09303284,23.18309212,55.53018188,1,0,0,0,0,0,1,0,0,0,0,0,0,0
12-08-2024,2024,8,August,Monday,0,0,3,225,1,0,,0,0,0,0,0,0,5.625374317,11,1.3066071,8,1,3.83,1587,9941285,467911,10409196,1.543,18.25405693,14.09303284,37.97246408,1,1,0,0,0,0,1,1,0,0,0,0,0,0
13-08-2024,2024,8,August,Tuesday,1,0,3,226,1,0,,0,0,0,0,0,0,1.15387845,11,1.3589286,8,1,4.2,1587,9941285,467911,10409196,2.046,5.625374317,18.25405693,25.0333097,0,1,0,0,0,0,0,1,0,0,0,0,0,0
14-08-2024,2024,8,August,Wednesday,2,0,3,227,1,0,,0,0,0,0,0,0,0.756081998,11,1.4082143,8,1,5.03,1587,9941285,467911,10409196,1.807,1.15387845,5.625374317,7.535334766,0,0,0,0,0,0,0,0,0,0,0,0,0,0
15-08-2024,2024,8,August,Thursday,3,0,3,228,1,1,Independence Day,1,0,0,0,0,0,2.944061995,11,1.3774999,8,1,5.44,1587,9941285,467911,10409196,2.669,0.756081998,1.15387845,4.854022443,0,0,0,0,0,0,0,0,0,0,0,0,0,0
16-08-2024,2024,8,August,Friday,4,0,3,229,1,0,,0,0,0,0,0,0,5.953651428,11,1.3514285,8,1,4.92,1587,9941285,467911,10409196,2.201,2.944061995,0.756081998,9.653795421,0,0,1,0,0,0,1,0,0,0,0,0,0,0
17-08-2024,2024,8,August,Saturday,5,1,3,230,1,0,,1,0,0,0,0,0,5.105951786,11,1.3803571,8,1,5.09,1587,9941285,467911,10409196,2.238,5.953651428,2.944061995,14.00366521,0,0,0,1,0,0,0,1,0,0,0,0,0,0
18-08-2024,2024,8,August,Sunday,6,1,3,231,1,0,,1,0,0,0,0,0,12.64736271,11,1.687143,8,1,6.37,1587,9941285,467911,10409196,2.775,5.105951786,5.953651428,23.70696592,1,0,0,0,0,0,1,0,0,0,0,0,0,0
19-08-2024,2024,8,August,Monday,0,0,3,232,1,0,,0,0,0,0,0,0,0.404360861,11,1.7216071,8,1,2.4,1587,9941285,467911,10409196,2.401,12.64736271,5.105951786,18.15767536,1,1,0,0,0,0,1,1,0,0,0,0,0,0
20-08-2024,2024,8,August,Tuesday,1,0,3,233,1,0,,0,0,0,0,0,0,9.740833282,11,1.5594643,8,1,3.24,1587,9941285,467911,10409196,1.708,0.404360861,12.64736271,22.79255685,0,1,0,0,0,0,0,1,0,0,0,0,0,0
21-08-2024,2024,8,August,Wednesday,2,0,3,234,1,0,,0,0,0,0,0,0,0.257340252,11,1.5166072,8,1,3.19,1587,9941285,467911,10409196,1.782,9.740833282,0.404360861,10.4025344,0,0,0,0,0,0,0,0,0,0,0,0,0,0
22-08-2024,2024,8,August,Thursday,3,0,3,235,1,0,,0,0,0,0,0,0,8.95153904,11,2.4717858,8,1,5.41,1587,9941285,467911,10409196,1.929,0.257340252,9.740833282,18.94971257,0,0,0,0,0,0,0,0,0,0,0,0,0,0
23-08-2024,2024,8,August,Friday,4,0,3,236,1,0,,0,0,0,0,0,0,17.23380089,11,2.057143,8,1,6.23,1587,9941285,467911,10409196,1.48,8.95153904,0.257340252,26.44268018,0,0,0,0,0,0,0,0,0,0,0,0,0,0
24-08-2024,2024,8,August,Saturday,5,1,3,237,1,0,,1,0,0,0,0,0,69.45644379,11,1.6921428,8,1,6,1587,9941285,467911,10409196,1.635,17.23380089,8.95153904,95.64178371,0,0,0,0,0,0,0,0,0,0,0,0,0,0
25-08-2024,2024,8,August,Sunday,6,1,3,238,1,0,,1,0,0,0,0,0,102.8292465,11,1.7491071,8,1,6.28,1587,9941285,467911,10409196,2.249,69.45644379,17.23380089,189.5194912,1,0,0,0,0,0,1,0,0,0,0,0,0,0
26-08-2024,2024,8,August,Monday,0,0,3,239,1,0,,0,0,0,0,0,0,67.2786026,11,2.0171428,8,1,6.61,1587,9941285,467911,10409196,2.993,102.8292465,69.45644379,239.5642929,1,1,0,0,0,0,1,1,0,0,0,0,0,0
27-08-2024,2024,8,August,Tuesday,1,0,3,240,1,0,,0,0,0,0,0,0,53.64440918,11,2.1432142,8,1,6.76,1587,9941285,467911,10409196,2.626,67.2786026,102.8292465,223.7522583,0,1,0,0,0,0,0,1,0,0,0,0,0,0
28-08-2024,2024,8,August,Wednesday,2,0,3,241,1,0,,0,0,0,0,0,0,55.69930267,11,2.3492856,8,1,6.82,1587,9941285,467911,10409196,2.264,53.64440918,67.2786026,176.6223145,0,0,0,0,0,0,0,0,0,0,0,0,0,0
29-08-2024,2024,8,August,Thursday,3,0,3,242,1,0,,0,0,0,0,0,0,27.5334301,11,2.1728573,8,1,6.13,1587,9941285,467911,10409196,2.152,55.69930267,53.64440918,136.877142,0,0,0,0,0,0,0,0,0,0,0,0,0,0
30-08-2024,2024,8,August,Friday,4,0,3,243,1,0,,0,0,0,0,0,0,19.3045063,11,2.0025,8,1,5.1,1587,9941285,467911,10409196,2.017,27.5334301,55.69930267,102.5372391,0,0,0,0,0,0,0,0,0,0,0,0,0,0
31-08-2024,2024,8,August,Saturday,5,1,3,244,1,0,,1,0,0,0,0,0,24.6866951,11,1.9823214,8,1,5.62,1587,9941285,467911,10409196,2.143,19.3045063,27.5334301,71.5246315,0,0,0,0,0,0,0,0,0,0,0,0,0,0
01-09-2024,2024,9,September,Sunday,6,1,3,245,1,0,,1,0,0,0,0,0,17.46657181,11,1.9707143,8,1,6.55,1587,9941285,467911,10409196,2.215,24.6866951,19.3045063,61.45777321,1,0,0,0,0,0,1,0,0,0,0,0,0,0
02-09-2024,2024,9,September,Monday,0,0,3,246,1,0,,0,0,0,0,0,0,20.17933846,11,1.8739285,8,1,6.32,1587,9941285,467911,10409196,1.816,17.46657181,24.6866951,62.33260536,1,1,0,0,0,0,1,1,0,0,0,0,0,0
03-09-2024,2024,9,September,Tuesday,1,0,3,247,1,0,,0,0,0,0,0,0,76.79828644,11,1.6921428,8,1,6.09,1587,9941285,467911,10409196,2.346,20.17933846,17.46657181,114.4441967,0,1,0,0,0,0,0,1,0,0,0,0,0,0
04-09-2024,2024,9,September,Wednesday,2,0,3,248,1,0,,0,0,0,0,0,0,25.0583477,11,1.6930357,8,1,6.11,1587,9941285,467911,10409196,2.509,76.79828644,20.17933846,122.0359726,0,0,0,0,0,0,0,0,0,0,0,0,0,0
05-09-2024,2024,9,September,Thursday,3,0,3,249,1,0,,0,0,0,0,0,0,12.2444458,11,1.7598214,8,1,6.58,1587,9941285,467911,10409196,1.884,25.0583477,76.79828644,114.1010799,0,0,0,0,0,0,0,0,0,0,0,0,0,0
06-09-2024,2024,9,September,Friday,4,0,3,250,1,0,,0,0,0,0,0,0,16.53461456,11,1.7228571,8,1,5.86,1587,9941285,467911,10409196,2.015,12.2444458,25.0583477,53.83740807,0,0,0,0,0,0,0,0,0,0,0,0,0,0
07-09-2024,2024,9,September,Saturday,5,1,3,251,1,1,Ganesh Chaturthi (1st Day),1,0,0,0,0,0,10.55801868,11,1.5185714,8,1,5.15,1587,9941285,467911,10409196,2.505,16.53461456,12.2444458,39.33707905,0,0,0,0,0,0,0,0,0,0,0,0,0,0
08-09-2024,2024,9,September,Sunday,6,1,3,252,1,1,Ganesh Chaturthi (2nd Day),1,0,0,0,0,0,17.53847885,11,1.585,8,1,4.85,1587,9941285,467911,10409196,2.08,10.55801868,16.53461456,44.6311121,1,0,1,0,0,0,1,0,0,0,0,0,0,0
09-09-2024,2024,9,September,Monday,0,0,3,253,1,0,,0,0,0,0,0,0,28.94525909,11,1.61375,8,1,5.75,1587,9941285,467911,10409196,2.049,17.53847885,10.55801868,57.04175663,1,1,1,1,0,0,1,1,0,0,0,0,0,0
10-09-2024,2024,9,September,Tuesday,1,0,3,254,1,0,,0,0,0,0,0,0,33.65578079,11,1.6671429,8,1,5.39,1587,9941285,467911,10409196,2.282,28.94525909,17.53847885,80.13951874,0,1,0,1,0,0,0,1,0,0,0,0,0,0
11-09-2024,2024,9,September,Wednesday,2,0,3,255,1,0,,0,0,0,0,0,0,11.75599384,11,1.59375,8,1,5.56,1587,9941285,467911,10409196,2.453,33.65578079,28.94525909,74.35703373,0,0,0,0,0,0,0,0,0,0,0,0,0,0
12-09-2024,2024,9,September,Thursday,3,0,3,256,1,0,,0,0,0,0,0,0,12.43556786,11,1.4892857,8,1,4.56,1587,9941285,467911,10409196,2.417,11.75599384,33.65578079,57.84734249,0,0,0,0,0,0,0,0,0,0,0,0,0,0
13-09-2024,2024,9,September,Friday,4,0,3,257,1,0,,0,0,0,0,0,0,5.552102566,11,1.32,8,1,3.79,1587,9941285,467911,10409196,1.844,12.43556786,11.75599384,29.74366426,0,0,0,0,0,0,0,0,0,0,0,0,0,0
14-09-2024,2024,9,September,Saturday,5,1,3,258,1,0,,1,0,0,0,0,0,3.562609196,11,1.2219642,8,1,4.5,1587,9941285,467911,10409196,2.215,5.552102566,12.43556786,21.55027962,0,0,0,0,0,0,0,0,0,0,0,0,0,0
15-09-2024,2024,9,September,Sunday,6,1,3,259,1,0,,1,0,0,0,0,0,2.611415386,11,1.2619643,8,1,4.71,1587,9941285,467911,10409196,2.261,3.562609196,5.552102566,11.72612715,1,0,0,0,0,0,1,0,0,0,0,0,0,0
16-09-2024,2024,9,September,Monday,0,0,3,260,1,0,,0,0,0,0,0,0,10.91622734,11,1.2498214,8,1,5.33,1587,9941285,467911,10409196,1.968,2.611415386,3.562609196,17.09025192,1,1,0,0,0,0,1,1,0,0,0,0,0,0
17-09-2024,2024,9,September,Tuesday,1,0,3,261,1,0,,0,0,0,0,0,0,12.98265648,11,1.2723215,8,1,4.68,1587,9941285,467911,10409196,2.233,10.91622734,2.611415386,26.51029921,0,1,0,0,0,0,0,1,0,0,0,0,0,0
18-09-2024,2024,9,September,Wednesday,2,0,3,262,1,0,,0,0,0,0,0,0,1.612621427,11,1.1864285,8,1,3.43,1587,9941285,467911,10409196,2.762,12.98265648,10.91622734,25.51150525,0,0,0,0,0,0,0,0,0,0,0,0,0,0
19-09-2024,2024,9,September,Thursday,3,0,3,263,1,0,,0,0,0,0,0,0,1.674783826,11,1.0494643,8,1,1.88,1587,9941285,467911,10409196,3.127,1.612621427,12.98265648,16.27006173,0,0,0,0,0,0,0,0,0,0,0,0,0,0
20-09-2024,2024,9,September,Friday,4,0,3,264,1,0,,0,0,0,0,0,0,0.554019511,11,0.9096429,8,1,1.95,1587,9941285,467911,10409196,3.089,1.674783826,1.612621427,3.841424763,0,0,0,0,0,0,0,0,0,0,0,0,0,0
21-09-2024,2024,9,September,Saturday,5,1,3,265,1,0,,1,0,0,0,0,0,0.240820304,11,0.8125,8,1,3.01,1587,9941285,467911,10409196,2.638,0.554019511,1.674783826,2.46962364,0,0,0,0,0,0,0,0,0,0,0,0,0,0
22-09-2024,2024,9,September,Sunday,6,1,3,266,1,0,,1,0,0,0,0,0,1.227774024,11,0.85125,8,1,4.76,1587,9941285,467911,10409196,2.664,0.240820304,0.554019511,2.022613838,1,0,0,0,0,0,1,0,0,0,0,0,0,0
23-09-2024,2024,9,September,Monday,0,0,3,267,1,0,,0,0,0,0,0,0,14.96771336,11,0.99553573,8,1,6.4,1587,9941285,467911,10409196,2.515,1.227774024,0.240820304,16.43630768,1,1,0,0,0,0,1,1,0,0,0,0,0,0
24-09-2024,2024,9,September,Tuesday,1,0,3,268,1,0,,0,0,0,0,0,0,22.02514267,11,1.3792857,8,1,6.36,1587,9941285,467911,10409196,2.246,14.96771336,1.227774024,38.22063005,0,1,0,0,0,0,0,1,0,0,0,0,0,0
25-09-2024,2024,9,September,Wednesday,2,0,3,269,1,0,,0,0,0,0,0,0,62.54001617,11,1.3139286,8,1,5.18,1587,9941285,467911,10409196,2.205,22.02514267,14.96771336,99.5328722,0,0,0,0,0,0,0,0,0,0,0,0,0,0
26-09-2024,2024,9,September,Thursday,3,0,3,270,1,0,,0,0,0,0,0,0,18.93500519,11,1.4842857,8,1,5.78,1587,9941285,467911,10409196,6.479,62.54001617,22.02514267,103.500164,0,0,0,0,0,0,0,0,0,0,0,0,0,0
27-09-2024,2024,9,September,Friday,4,0,3,271,1,0,,0,0,0,0,0,0,15.55567074,11,1.4903572,8,1,3.75,1587,9941285,467911,10409196,2.348,18.93500519,62.54001617,97.0306921,0,0,0,0,0,0,0,0,0,0,0,0,0,0
28-09-2024,2024,9,September,Saturday,5,1,3,272,1,0,,1,0,0,0,0,0,8.831068993,11,1.3021429,8,1,3.03,1587,9941285,467911,10409196,2.073,15.55567074,18.93500519,43.32174492,0,0,0,0,0,0,0,0,0,0,0,0,0,0
29-09-2024,2024,9,September,Sunday,6,1,3,273,1,0,,1,0,0,0,0,0,2.227451086,11,1.2289286,8,1,3.56,1587,9941285,467911,10409196,2.161,8.831068993,15.55567074,26.61419082,1,0,0,0,0,0,1,0,0,0,0,0,0,0
30-09-2024,2024,9,September,Monday,0,0,3,274,1,0,,0,0,0,0,0,0,0.277990371,11,1.1492857,8,1,3.96,1587,9941285,467911,10409196,2.352,2.227451086,8.831068993,11.33651045,1,1,0,0,0,0,1,1,0,0,0,0,0,0
01-10-2024,2024,10,October,Tuesday,1,0,4,275,0,0,,0,0,0,0,0,0,3.722474098,11,0.8741071,8,1,2.43,1587,9941285,467911,10409196,2.912,0.277990371,2.227451086,6.227915555,0,1,0,0,0,0,0,1,0,0,0,0,0,0
02-10-2024,2024,10,October,Wednesday,2,0,4,276,0,1,Gandhi Jayanti,1,0,0,0,0,0,2.738771677,11,0.74892855,8,1,1.66,1587,9941285,467911,10409196,3.154,3.722474098,0.277990371,6.739236146,0,0,0,0,0,0,0,0,0,0,0,0,0,0
03-10-2024,2024,10,October,Thursday,3,0,4,277,0,0,,0,0,0,0,0,0,1.078449845,11,0.6778571,8,1,1.96,1587,9941285,467911,10409196,3.328,2.738771677,3.722474098,7.539695621,0,0,1,0,0,0,1,0,0,0,0,0,0,0
04-10-2024,2024,10,October,Friday,4,0,4,278,0,0,,0,0,0,0,0,0,2.552276134,11,0.5935714,8,1,2,1587,9941285,467911,10409196,2.804,1.078449845,2.738771677,6.369497657,0,0,0,1,0,0,0,1,0,0,0,0,0,0
05-10-2024,2024,10,October,Saturday,5,1,4,279,0,0,,1,0,0,0,0,0,1.457323432,11,0.55464286,8,1,2.77,1587,9941285,467911,10409196,3.323,2.552276134,1.078449845,5.088049412,0,0,0,0,0,0,0,0,0,0,0,0,0,0
06-10-2024,2024,10,October,Sunday,6,1,4,280,0,0,,1,0,0,0,0,0,1.802828312,11,0.52625,8,1,2.23,1587,9941285,467911,10409196,3.464,1.457323432,2.552276134,5.812427878,1,0,0,0,0,0,1,0,0,0,0,0,0,0
07-10-2024,2024,10,October,Monday,0,0,4,281,0,0,,0,0,0,0,0,0,6.807581902,11,0.60160714,8,1,2.51,1587,9941285,467911,10409196,2.526,1.802828312,1.457323432,10.06773365,1,1,0,0,0,0,1,1,0,0,0,0,0,0
08-10-2024,2024,10,October,Tuesday,1,0,4,282,0,0,,0,0,0,0,0,0,21.3143425,11,0.715,8,1,1.78,1587,9941285,467911,10409196,3.041,6.807581902,1.802828312,29.92475271,0,1,0,0,0,0,0,1,0,0,0,0,0,0
09-10-2024,2024,10,October,Wednesday,2,0,4,283,0,0,,0,0,0,0,0,0,72.93471527,11,0.79607147,8,1,3.6,1587,9941285,467911,10409196,2.716,21.3143425,6.807581902,101.0566397,0,0,0,0,0,0,0,0,0,0,0,0,0,0
10-10-2024,2024,10,October,Thursday,3,0,4,284,0,0,,0,0,0,0,0,0,3.794582367,11,0.8892857,8,1,3.5,1587,9941285,467911,10409196,2.633,72.93471527,21.3143425,98.04364014,0,0,0,0,0,0,0,0,0,0,0,0,0,0
11-10-2024,2024,10,October,Friday,4,0,4,285,0,0,,0,0,0,0,0,0,2.922473669,11,1.1741072,8,1,4.56,1587,9941285,467911,10409196,2.208,3.794582367,72.93471527,79.65177131,0,0,0,0,0,0,0,0,0,0,0,0,0,0
12-10-2024,2024,10,October,Saturday,5,1,4,286,0,1,Dussehra (Vijaya Dashmi),1,0,0,0,0,0,3.033704281,11,1.1835713,8,1,3.34,1587,9941285,467911,10409196,2.462,2.922473669,3.794582367,9.750760317,0,0,0,0,0,0,0,0,0,0,0,0,0,0
13-10-2024,2024,10,October,Sunday,6,1,4,287,0,0,,1,0,0,0,0,0,7.170609951,11,1.1526786,8,1,2.77,1587,9941285,467911,10409196,2.912,3.033704281,2.922473669,13.1267879,1,0,1,0,0,0,1,0,0,0,0,0,0,0
14-10-2024,2024,10,October,Monday,0,0,4,288,0,0,,0,0,0,0,0,0,5.221659184,11,1.0880357,8,1,1.68,1587,9941285,467911,10409196,2.728,7.170609951,3.033704281,15.42597342,1,1,0,1,0,0,1,1,0,0,0,0,0,0
15-10-2024,2024,10,October,Tuesday,1,0,4,289,0,0,,0,0,0,0,0,0,6.291154385,11,1.0389286,8,1,2.4,1587,9941285,467911,10409196,2.575,5.221659184,7.170609951,18.68342352,0,1,0,0,0,0,0,1,0,0,0,0,0,0
16-10-2024,2024,10,October,Wednesday,2,0,4,290,0,0,,0,0,0,0,0,0,28.91534233,11,1.0853572,8,1,2.23,1587,9941285,467911,10409196,2.718,6.291154385,5.221659184,40.4281559,0,0,0,0,0,0,0,0,0,0,0,0,0,0
17-10-2024,2024,10,October,Thursday,3,0,4,291,0,0,,0,0,0,0,0,0,36.3432312,11,1.0330358,8,1,2.35,1587,9941285,467911,10409196,2.855,28.91534233,6.291154385,71.54972792,0,0,0,0,0,0,0,0,0,0,0,0,0,0
18-10-2024,2024,10,October,Friday,4,0,4,292,0,0,,0,0,0,0,0,0,11.47956944,11,1.0019643,8,1,5.04,1587,9941285,467911,10409196,3.201,36.3432312,28.91534233,76.73814297,0,0,0,0,0,0,0,0,0,0,0,0,0,0
19-10-2024,2024,10,October,Saturday,5,1,4,293,0,0,,1,0,0,0,0,0,2.050992012,11,0.83839285,8,1,2.53,1587,9941285,467911,10409196,3.359,11.47956944,36.3432312,49.87379265,0,0,0,0,0,0,0,0,0,0,0,0,0,0
20-10-2024,2024,10,October,Sunday,6,1,4,294,0,0,,1,0,0,0,0,0,1.472178578,11,0.75857145,8,1,3.2,1587,9941285,467911,10409196,3.651,2.050992012,11.47956944,15.00274003,1,0,0,0,0,0,1,0,0,0,0,0,0,0
21-10-2024,2024,10,October,Monday,0,0,4,295,0,0,,0,0,0,0,0,0,36.26478195,11,0.7210714,8,1,3.72,1587,9941285,467911,10409196,2.022,1.472178578,2.050992012,39.78795254,1,1,0,0,0,0,1,1,0,0,0,0,0,0
22-10-2024,2024,10,October,Tuesday,1,0,4,296,0,0,,0,0,0,0,0,0,2.744086742,11,0.7130357,8,1,1.85,1587,9941285,467911,10409196,2.355,36.26478195,1.472178578,40.48104727,0,1,0,0,0,0,0,1,0,0,0,0,0,0
23-10-2024,2024,10,October,Wednesday,2,0,4,297,0,0,,0,0,0,0,0,0,3.266027689,11,0.60267854,8,1,1.7,1587,9941285,467911,10409196,1.82,2.744086742,36.26478195,42.27489638,0,0,0,0,0,0,0,0,0,0,0,0,0,0
24-10-2024,2024,10,October,Thursday,3,0,4,298,0,0,,0,0,0,0,0,0,3.594226837,11,0.55,8,1,2.59,1587,9941285,467911,10409196,2.238,3.266027689,2.744086742,9.604341269,0,0,0,0,0,0,0,0,0,0,0,0,0,0
25-10-2024,2024,10,October,Friday,4,0,4,299,0,0,,0,0,0,0,0,0,0.277024388,11,0.5041071,8,1,2.13,1587,9941285,467911,10409196,2.496,3.594226837,3.266027689,7.137278914,0,0,0,0,0,0,0,0,0,0,0,0,0,0
26-10-2024,2024,10,October,Saturday,5,1,4,300,0,0,,1,0,0,0,0,0,0,11,0.5025,8,1,2.35,1587,9941285,467911,10409196,3.285,0.277024388,3.594226837,3.871251225,0,0,0,0,0,0,0,0,0,0,0,0,0,0
27-10-2024,2024,10,October,Sunday,6,1,4,301,0,0,,1,0,0,0,0,0,0,11,0.48392856,8,1,2.62,1587,9941285,467911,10409196,3.898,0,0.277024388,0.277024388,1,0,0,0,0,0,1,0,0,0,0,0,0,0
28-10-2024,2024,10,October,Monday,0,0,4,302,0,0,,0,0,0,0,0,0,1.495417476,11,0.50714284,8,1,2.76,1587,9941285,467911,10409196,3.359,0,0,1.495417476,1,1,0,0,0,0,1,1,0,0,0,0,0,0
29-10-2024,2024,10,October,Tuesday,1,0,4,303,0,0,,0,0,0,0,0,0,8.241164207,11,0.5255357,8,1,2.56,1587,9941285,467911,10409196,2.693,1.495417476,0,9.736581683,0,1,0,0,0,0,0,1,0,0,0,0,0,0
30-10-2024,2024,10,October,Wednesday,2,0,4,304,0,0,,0,0,0,0,0,0,0.22440514,11,0.5673214,8,1,2.18,1587,9941285,467911,10409196,2.988,8.241164207,1.495417476,9.960986823,0,0,0,0,0,0,0,0,0,0,0,0,0,0
31-10-2024,2024,10,October,Thursday,3,0,4,305,0,1,Diwali (Deepavali),1,0,0,0,0,0,4.153548717,11,0.5732143,8,1,2.77,1587,9941285,467911,10409196,2.772,0.22440514,8.241164207,12.61911806,0,0,0,0,0,0,0,0,0,0,0,0,0,0
01-11-2024,2024,11,November,Friday,4,0,4,306,0,0,,0,0,0,0,0,0,27.08229828,11,0.50214285,8,1,1.98,1587,9941285,467911,10409196,3.089,4.153548717,0.22440514,31.46025214,0,0,1,0,0,0,1,0,0,0,0,0,0,0
02-11-2024,2024,11,November,Saturday,5,1,4,307,0,0,,1,0,0,0,0,0,1.481486797,11,0.45982143,8,1,2.28,1587,9941285,467911,10409196,4.12,27.08229828,4.153548717,32.71733379,0,0,0,1,0,0,0,1,0,0,0,0,0,0
03-11-2024,2024,11,November,Sunday,6,1,4,308,0,0,,1,0,0,0,0,0,2.774030447,11,0.41678572,8,1,2.68,1587,9941285,467911,10409196,7.368,1.481486797,27.08229828,31.33781552,1,0,0,0,0,0,1,0,0,0,0,0,0,0
04-11-2024,2024,11,November,Monday,0,0,4,309,0,0,,0,0,0,0,0,0,0.159828052,11,0.4107143,8,1,2.27,1587,9941285,467911,10409196,3.957,2.774030447,1.481486797,4.415345296,1,1,0,0,0,0,1,1,0,0,0,0,0,0
05-11-2024,2024,11,November,Tuesday,1,0,4,310,0,0,,0,0,0,0,0,0,2.531412601,11,0.37464285,8,1,2.9,1587,9941285,467911,10409196,3.894,0.159828052,2.774030447,5.4652711,0,1,0,0,0,0,0,1,0,0,0,0,0,0
06-11-2024,2024,11,November,Wednesday,2,0,4,311,0,0,,0,0,0,0,0,0,0,11,0.3692857,8,1,3.08,1587,9941285,467911,10409196,3.129,2.531412601,0.159828052,2.691240653,0,0,0,0,0,0,0,0,0,0,0,0,0,0
07-11-2024,2024,11,November,Thursday,3,0,4,312,0,0,,0,0,0,0,0,0,0,11,0.4210714,8,1,3.46,1587,9941285,467911,10409196,3.758,0,2.531412601,2.531412601,0,0,0,0,0,0,0,0,0,0,0,0,0,0
08-11-2024,2024,11,November,Friday,4,0,4,313,0,0,,0,0,0,0,0,0,0,11,0.38107142,8,1,3.52,1587,9941285,467911,10409196,3.926,0,0,0,0,0,0,0,0,0,0,0,0,0,0,0,0,0
09-11-2024,2024,11,November,Saturday,5,1,4,314,0,0,,1,0,0,0,0,0,0,11,0.37035713,8,1,2.99,1587,9941285,467911,10409196,3.923,0,0,0,0,0,0,0,0,0,0,0,0,0,0,0,0,0
10-11-2024,2024,11,November,Sunday,6,1,4,315,0,0,,1,0,0,0,0,0,0,11,0.41660714,8,1,2.86,1587,9941285,467911,10409196,3.515,0,0,0,1,0,0,0,0,0,1,0,0,0,0,0,0,0
11-11-2024,2024,11,November,Monday,0,0,4,316,0,0,,0,0,0,0,0,0,0,11,0.46714288,8,1,3.48,1587,9941285,467911,10409196,3.024,0,0,0,1,1,0,0,0,0,1,1,0,0,0,0,0,0
12-11-2024,2024,11,November,Tuesday,1,0,4,317,0,0,,0,0,0,0,0,0,0,11,0.5089286,8,1,4.06,1587,9941285,467911,10409196,2.895,0,0,0,0,1,0,0,0,0,0,1,0,0,0,0,0,0
13-11-2024,2024,11,November,Wednesday,2,0,4,318,0,0,,0,0,0,0,0,0,0,11,0.49375,8,1,3.06,1587,9941285,467911,10409196,3.379,0,0,0,0,0,0,0,0,0,0,0,0,0,0,0,0,0
14-11-2024,2024,11,November,Thursday,3,0,4,319,0,0,,0,0,0,0,0,0,0,11,0.485,8,1,3.31,1587,9941285,467911,10409196,2.925,0,0,0,0,0,0,0,0,0,0,0,0,0,0,0,0,0
15-11-2024,2024,11,November,Friday,4,0,4,320,0,0,,0,0,0,0,1,1,17.05532646,11,0.46214285,8,1,2.51,1587,9941285,467911,10409196,3.37,0,0,17.05532646,0,0,0,0,0,0,0,0,0,0,0,0,0,0
16-11-2024,2024,11,November,Saturday,5,1,4,321,0,0,,1,0,0,0,0,0,1.299222708,11,0.44125,8,1,2.97,1587,9941285,467911,10409196,3.433,17.05532646,0,18.35454917,0,0,0,0,1,0,0,0,0,0,0,0,0,0
17-11-2024,2024,11,November,Sunday,6,1,4,322,0,0,,1,0,0,0,0,0,0,11,0.45089287,8,1,4.02,1587,9941285,467911,10409196,3.41,1.299222708,17.05532646,18.35454917,1,0,0,0,0,1,1,0,0,0,0,0,0,0
18-11-2024,2024,11,November,Monday,0,0,4,323,0,0,,0,0,0,0,0,0,0,11,0.48125,8,1,4.85,1587,9941285,467911,10409196,3.4,0,1.299222708,1.299222708,1,1,0,0,0,0,1,1,0,0,0,0,0,0
19-11-2024,2024,11,November,Tuesday,1,0,4,324,0,0,,0,0,0,0,0,0,0,11,0.5205357,8,1,4.4,1587,9941285,467911,10409196,4.804,0,0,0,0,1,0,0,0,0,0,1,0,0,0,0,0,0
20-11-2024,2024,11,November,Wednesday,2,0,4,325,0,0,,0,0,0,0,0,0,0,11,0.5355357,8,1,4.57,1587,9941285,467911,10409196,3.276,0,0,0,0,0,0,0,0,0,0,0,0,0,0,0,0,0
21-11-2024,2024,11,November,Thursday,3,0,4,326,0,0,,0,0,0,0,0,0,0,11,0.5492857,8,1,3.91,1587,9941285,467911,10409196,4.162,0,0,0,0,0,0,0,0,0,0,0,0,0,0,0,0,0
22-11-2024,2024,11,November,Friday,4,0,4,327,0,0,,0,0,0,0,0,0,0,11,0.5475,8,1,3.3,1587,9941285,467911,10409196,3.845,0,0,0,0,0,0,0,0,0,0,0,0,0,0,0,0,0
23-11-2024,2024,11,November,Saturday,5,1,4,328,0,0,,1,0,0,0,0,0,0,11,0.5164286,8,1,2.72,1587,9941285,467911,10409196,4.093,0,0,0,0,0,0,0,0,0,0,0,0,0,0,0,0,0
24-11-2024,2024,11,November,Sunday,6,1,4,329,0,0,,1,0,0,0,0,0,0,11,0.46589285,8,1,3.6,1587,9941285,467911,10409196,4.088,0,0,0,1,0,0,0,0,0,1,0,0,0,0,0,0,0
25-11-2024,2024,11,November,Monday,0,0,4,330,0,0,,0,0,0,0,0,0,0,11,0.44660714,8,1,4.17,1587,9941285,467911,10409196,3.947,0,0,0,1,1,0,0,0,0,1,1,0,0,0,0,0,0
26-11-2024,2024,11,November,Tuesday,1,0,4,331,0,0,,0,0,0,0,0,0,0,11,0.42946428,8,1,4.36,1587,9941285,467911,10409196,3.48,0,0,0,0,1,0,0,0,0,0,1,0,0,0,0,0,0
27-11-2024,2024,11,November,Wednesday,2,0,4,332,0,0,,0,0,0,0,0,0,0,11,0.41714287,8,1,4.33,1587,9941285,467911,10409196,4.232,0,0,0,0,0,0,0,0,0,0,0,0,0,0,0,0,0
28-11-2024,2024,11,November,Thursday,3,0,4,333,0,0,,0,0,0,0,0,0,0,11,0.45125,8,1,5.02,1587,9941285,467911,10409196,3.529,0,0,0,0,0,0,0,0,0,0,0,0,0,0,0,0,0
29-11-2024,2024,11,November,Friday,4,0,4,334,0,0,,0,0,0,0,0,0,0,11,0.5244643,8,1,4.91,1587,9941285,467911,10409196,4.113,0,0,0,0,0,0,0,0,0,0,0,0,0,0,0,0,0
30-11-2024,2024,11,November,Saturday,5,1,4,335,0,0,,1,0,0,0,0,0,0,11,0.5419643,8,1,3.88,1587,9941285,467911,10409196,3.626,0,0,0,0,0,0,0,0,0,0,0,0,0,0,0,0,0
01-12-2024,2024,12,December,Sunday,6,1,4,336,0,0,,1,0,0,0,0,0,0,11,0.5905357,8,1,3.07,1587,9941285,467911,10409196,4.994,0,0,0,1,0,0,0,0,0,1,0,0,0,0,0,0,0
02-12-2024,2024,12,December,Monday,0,0,4,337,0,0,,0,0,0,0,0,0,0,11,0.61,8,1,2.29,1587,9941285,467911,10409196,4.03,0,0,0,1,1,0,0,0,0,1,1,0,0,0,0,0,0
03-12-2024,2024,12,December,Tuesday,1,0,4,338,0,1,Feast of St. Francis Xavier,1,0,0,0,0,0,1.036473513,11,0.6496429,8,1,3.61,1587,9941285,467911,10409196,4.718,0,0,1.036473513,0,1,0,0,0,0,0,1,0,0,0,0,0,0
04-12-2024,2024,12,December,Wednesday,2,0,4,339,0,0,,0,0,0,0,0,0,0.482802361,11,0.76589286,8,1,2.92,1587,9941285,467911,10409196,5.861,1.036473513,0,1.519275874,0,0,1,0,0,0,1,0,0,0,0,0,0,0
05-12-2024,2024,12,December,Thursday,3,0,4,340,0,0,,0,0,0,0,0,0,0,11,0.52107143,8,1,2.1,1587,9941285,467911,10409196,4.925,0.482802361,1.036473513,1.519275874,0,0,0,1,0,0,0,1,0,0,0,0,0,0
06-12-2024,2024,12,December,Friday,4,0,4,341,0,0,,0,0,0,0,0,0,6.504683018,11,0.43982142,8,1,1.76,1587,9941285,467911,10409196,4.389,0,0.482802361,6.987485379,0,0,0,0,0,0,0,0,0,0,0,0,0,0
07-12-2024,2024,12,December,Saturday,5,1,4,342,0,0,,1,0,0,0,0,0,5.383779526,11,0.43910715,8,1,1.81,1587,9941285,467911,10409196,3.95,6.504683018,0,11.88846254,0,0,0,0,0,0,0,0,0,0,0,0,0,0
08-12-2024,2024,12,December,Sunday,6,1,4,343,0,0,,1,0,0,0,0,0,0.728663981,11,0.6567857,8,1,4.1,1587,9941285,467911,10409196,4.513,5.383779526,6.504683018,12.61712652,1,0,0,0,0,0,1,0,0,0,0,0,0,0
09-12-2024,2024,12,December,Monday,0,0,4,344,0,0,,0,0,0,0,0,0,0.296901107,11,0.7423214,8,1,3.84,1587,9941285,467911,10409196,3.58,0.728663981,5.383779526,6.409344614,1,1,0,0,0,0,1,1,0,0,0,0,0,0
10-12-2024,2024,12,December,Tuesday,1,0,4,345,0,0,,0,0,0,0,0,0,0,11,0.73,8,1,2.55,1587,9941285,467911,10409196,3.449,0.296901107,0.728663981,1.025565088,0,1,0,0,0,0,0,1,0,0,0,0,0,0
11-12-2024,2024,12,December,Wednesday,2,0,4,346,0,0,,0,0,0,0,0,0,0,11,0.60375,8,1,3.38,1587,9941285,467911,10409196,4.039,0,0.296901107,0.296901107,0,0,0,0,0,0,0,0,0,0,0,0,0,0
12-12-2024,2024,12,December,Thursday,3,0,4,347,0,0,,0,0,0,0,0,0,0,11,0.5825,8,1,3.98,1587,9941285,467911,10409196,5.186,0,0,0,0,0,0,0,0,0,0,0,0,0,0,0,0,0
13-12-2024,2024,12,December,Friday,4,0,4,348,0,0,,0,0,0,0,0,0,0,11,0.61714286,8,1,3.67,1587,9941285,467911,10409196,7.381,0,0,0,0,0,0,0,0,0,0,0,0,0,0,0,0,0
14-12-2024,2024,12,December,Saturday,5,1,4,349,0,0,,1,0,0,0,0,0,0,11,0.64089286,8,1,4.18,1587,9941285,467911,10409196,5.656,0,0,0,0,0,0,0,0,0,0,0,0,0,0,0,0,0
15-12-2024,2024,12,December,Sunday,6,1,4,350,0,0,,1,0,0,0,0,0,0,11,0.53589284,8,1,3.78,1587,9941285,467911,10409196,6.727,0,0,0,1,0,0,0,0,0,1,0,0,0,0,0,0,0
16-12-2024,2024,12,December,Monday,0,0,4,351,0,0,,0,0,0,0,0,0,0,11,0.51767856,8,1,3.66,1587,9941285,467911,10409196,5.661,0,0,0,1,1,0,0,0,0,1,1,0,0,0,0,0,0
17-12-2024,2024,12,December,Tuesday,1,0,4,352,0,0,,0,0,0,0,0,0,0,11,0.5285714,8,1,2.3,1587,9941285,467911,10409196,4.817,0,0,0,0,1,0,0,0,0,0,1,0,0,0,0,0,0
18-12-2024,2024,12,December,Wednesday,2,0,4,353,0,0,,0,0,0,0,0,0,0,11,0.5846429,8,1,2.47,1587,9941285,467911,10409196,4.963,0,0,0,0,0,0,0,0,0,0,0,0,0,0,0,0,0
19-12-2024,2024,12,December,Thursday,3,0,4,354,0,1,Goa Liberation Day,1,0,0,0,0,0,0,11,0.6725,8,1,2.79,1587,9941285,467911,10409196,8.525,0,0,0,0,0,0,0,0,0,0,0,0,0,0,0,0,0
20-12-2024,2024,12,December,Friday,4,0,4,355,0,0,,0,0,0,0,0,0,0,11,0.75785714,8,1,3.93,1587,9941285,467911,10409196,5.788,0,0,0,0,0,1,0,0,0,1,0,0,0,0,0,0,0
21-12-2024,2024,12,December,Saturday,5,1,4,356,0,0,,1,0,0,0,0,0,0,11,0.60232145,8,1,3.28,1587,9941285,467911,10409196,6.092,0,0,0,0,0,0,1,0,0,0,1,0,0,0,0,0,0
22-12-2024,2024,12,December,Sunday,6,1,4,357,0,0,,1,0,0,0,0,0,0,11,0.54303575,8,1,3.03,1587,9941285,467911,10409196,5.384,0,0,0,1,0,0,0,0,0,1,0,0,0,0,0,0,0
23-12-2024,2024,12,December,Monday,0,0,4,358,0,0,,0,0,0,0,0,0,0,11,0.50857145,8,1,3.41,1587,9941285,467911,10409196,4.495,0,0,0,1,1,0,0,0,0,1,1,0,0,0,0,0,0
24-12-2024,2024,12,December,Tuesday,1,0,4,359,0,0,,0,0,0,0,0,0,0,11,0.5253571,8,1,3.63,1587,9941285,467911,10409196,5.627,0,0,0,0,1,0,0,0,0,0,1,0,0,0,0,0,0
25-12-2024,2024,12,December,Wednesday,2,0,4,360,0,1,Christmas Day,1,0,0,0,0,0,0,11,0.67964286,8,1,3.33,1587,9941285,467911,10409196,5.977,0,0,0,0,0,0,0,0,0,0,0,0,0,0,0,0,0
26-12-2024,2024,12,December,Thursday,3,0,4,361,0,0,,0,0,0,0,0,0,0,11,0.7853571,8,1,3.38,1587,9941285,467911,10409196,5.661,0,0,0,0,0,1,0,0,0,1,0,0,0,0,0,0,0
27-12-2024,2024,12,December,Friday,4,0,4,362,0,0,,0,0,0,0,0,0,0,11,0.6414286,8,1,3.5,1587,9941285,467911,10409196,5.754,0,0,0,0,0,0,1,0,0,0,1,0,0,0,0,0,0
28-12-2024,2024,12,December,Saturday,5,1,4,363,0,0,,1,0,0,0,0,0,0,11,0.6826786,8,1,3.36,1587,9941285,467911,10409196,7.141,0,0,0,0,0,0,0,0,0,0,0,0,0,0,0,0,0
29-12-2024,2024,12,December,Sunday,6,1,4,364,0,0,,1,0,0,0,0,0,0,11,0.64089286,8,1,2.91,1587,9941285,467911,10409196,7.337,0,0,0,1,0,0,0,0,0,1,0,0,0,0,0,0,0
30-12-2024,2024,12,December,Monday,0,0,4,365,0,0,,0,0,0,0,0,0,0,11,0.59625,8,1,3.22,1587,9941285,467911,10409196,6.017,0,0,0,1,1,0,0,0,0,1,1,0,0,0,0,0,0
31-12-2024,2024,12,December,Tuesday,1,0,4,366,0,0,,0,0,0,0,0,0,0,11,0.56714284,8,1,3.86,1587,9941285,467911,10409196,7.093,0,0,0,0,1,0,0,0,0,0,1,0,0,0,0,0,0
01-01-2025,2025,1,January,Wednesday,2,0,1,1,0,0,,0,0,0,0,0,0,0,11,0.5417857,8,1,3.53,1596,10284608,517802,10802410,6.873,0,0,0,0,0,0,0,0,0,0,0,0,0,0,0,0,0
02-01-2025,2025,1,January,Thursday,3,0,1,2,0,0,,0,0,0,0,0,0,0,11,0.50714284,8,1,3.15,1596,10284608,517802,10802410,6.308,0,0,0,0,0,0,0,0,0,0,0,0,0,0,0,0,0
03-01-2025,2025,1,January,Friday,4,0,1,3,0,0,,0,0,0,0,0,0,0,11,0.43678573,8,1,3.53,1596,10284608,517802,10802410,5.559,0,0,0,0,0,0,0,0,0,0,0,0,0,0,0,0,0
04-01-2025,2025,1,January,Saturday,5,1,1,4,0,0,,1,0,0,0,0,0,0,11,0.4419643,8,1,3.95,1596,10284608,517802,10802410,5.571,0,0,0,0,0,0,0,0,0,0,0,0,0,0,0,0,0
05-01-2025,2025,1,January,Sunday,6,1,1,5,0,0,,1,0,0,0,0,0,0,11,0.5444643,8,1,2.7,1596,10284608,517802,10802410,5.794,0,0,0,1,0,0,0,0,0,1,0,0,0,0,0,0,0
06-01-2025,2025,1,January,Monday,0,0,1,6,0,0,,0,0,0,0,0,0,0,11,0.8792857,8,1,2.86,1596,10284608,517802,10802410,5.251,0,0,0,1,1,0,0,0,0,1,1,0,0,0,0,0,0
07-01-2025,2025,1,January,Tuesday,1,0,1,7,0,0,,0,0,0,0,0,0,0,11,0.92785716,8,1,2.94,1596,10284608,517802,10802410,4.84,0,0,0,0,1,0,0,0,0,0,1,0,0,0,0,0,0
08-01-2025,2025,1,January,Wednesday,2,0,1,8,0,0,,0,0,0,0,0,0,0,11,0.64910716,8,1,2.96,1596,10284608,517802,10802410,4.536,0,0,0,0,0,0,0,0,0,0,0,0,0,0,0,0,0
09-01-2025,2025,1,January,Thursday,3,0,1,9,0,0,,0,0,0,0,0,0,0,11,0.46875,8,1,3.96,1596,10284608,517802,10802410,3.442,0,0,0,0,0,0,0,0,0,0,0,0,0,0,0,0,0
10-01-2025,2025,1,January,Friday,4,0,1,10,0,0,,0,0,0,0,0,0,0,11,0.37982142,8,1,3.69,1596,10284608,517802,10802410,3.927,0,0,0,0,0,0,0,0,0,0,0,0,0,0,0,0,0
11-01-2025,2025,1,January,Saturday,5,1,1,11,0,0,,1,0,0,0,0,0,0,11,0.41285715,8,1,3.31,1596,10284608,517802,10802410,3.317,0,0,0,0,0,0,0,0,0,0,0,0,0,0,0,0,0
12-01-2025,2025,1,January,Sunday,6,1,1,12,0,0,,1,0,0,0,0,0,0,11,0.71375,8,1,3.54,1596,10284608,517802,10802410,3.463,0,0,0,1,0,0,0,0,0,1,0,0,0,0,0,0,0
13-01-2025,2025,1,January,Monday,0,0,1,13,0,0,,0,0,0,0,0,0,0,11,0.6105357,8,1,3.54,1596,10284608,517802,10802410,4.346,0,0,0,1,1,0,0,0,0,1,1,0,0,0,0,0,0
14-01-2025,2025,1,January,Tuesday,1,0,1,14,0,0,,0,0,0,0,0,0,0,11,0.4657143,8,1,3.24,1596,10284608,517802,10802410,4.419,0,0,0,0,1,0,0,0,0,0,1,0,0,0,0,0,0
15-01-2025,2025,1,January,Wednesday,2,0,1,15,0,0,,0,0,0,0,0,0,0,11,0.51375,8,1,3.23,1596,10284608,517802,10802410,5.06,0,0,0,0,0,0,0,0,0,0,0,0,0,0,0,0,0
16-01-2025,2025,1,January,Thursday,3,0,1,16,0,0,,0,0,0,0,0,0,0,11,0.7896429,8,1,3.51,1596,10284608,517802,10802410,4.278,0,0,0,0,0,0,0,0,0,0,0,0,0,0,0,0,0
17-01-2025,2025,1,January,Friday,4,0,1,17,0,0,,0,0,0,0,0,0,0,11,0.85517853,8,1,3.49,1596,10284608,517802,10802410,3.421,0,0,0,0,0,0,0,0,0,0,0,0,0,0,0,0,0
18-01-2025,2025,1,January,Saturday,5,1,1,18,0,0,,1,0,0,0,0,0,0,11,0.6076786,8,1,3.7,1596,10284608,517802,10802410,3.644,0,0,0,0,0,0,0,0,0,0,0,0,0,0,0,0,0
19-01-2025,2025,1,January,Sunday,6,1,1,19,0,0,,1,0,0,0,0,0,0,11,0.5064286,8,1,3.67,1596,10284608,517802,10802410,4.028,0,0,0,1,0,0,0,0,0,1,0,0,0,0,0,0,0
20-01-2025,2025,1,January,Monday,0,0,1,20,0,0,,0,0,0,0,0,0,0,11,0.55482143,8,1,3.44,1596,10284608,517802,10802410,3.919,0,0,0,1,1,0,0,0,0,1,1,0,0,0,0,0,0
21-01-2025,2025,1,January,Tuesday,1,0,1,21,0,0,,0,0,0,0,0,0,0,11,0.61321425,8,1,4.08,1596,10284608,517802,10802410,4.463,0,0,0,0,1,0,0,0,0,0,1,0,0,0,0,0,0
22-01-2025,2025,1,January,Wednesday,2,0,1,22,0,0,,0,0,0,0,0,0,0,11,0.60642856,8,1,3.49,1596,10284608,517802,10802410,3.861,0,0,0,0,0,0,0,0,0,0,0,0,0,0,0,0,0
23-01-2025,2025,1,January,Thursday,3,0,1,23,0,0,,0,0,0,0,0,0,0,11,0.8080357,8,1,3.09,1596,10284608,517802,10802410,4.091,0,0,0,0,0,0,0,0,0,0,0,0,0,0,0,0,0
24-01-2025,2025,1,January,Friday,4,0,1,24,0,0,,0,0,0,0,0,0,0,11,0.8298214,8,1,3.32,1596,10284608,517802,10802410,3.418,0,0,0,0,0,0,0,0,0,0,0,0,0,0,0,0,0
25-01-2025,2025,1,January,Saturday,5,1,1,25,0,0,,1,0,0,0,0,0,0,11,0.6783928,8,1,3.46,1596,10284608,517802,10802410,4.074,0,0,0,0,0,0,0,0,0,0,0,0,0,0,0,0,0
26-01-2025,2025,1,January,Sunday,6,1,1,26,0,1,Republic Day,1,0,0,0,0,0,0,11,0.54732144,8,1,2.87,1596,10284608,517802,10802410,4.436,0,0,0,1,0,0,0,0,0,1,0,0,0,0,0,0,0
27-01-2025,2025,1,January,Monday,0,0,1,27,0,0,,0,0,0,0,0,0,0,11,0.48821428,8,1,3.55,1596,10284608,517802,10802410,3.646,0,0,0,1,1,1,0,0,0,1,1,0,0,0,0,0,0
28-01-2025,2025,1,January,Tuesday,1,0,1,28,0,0,,0,0,0,0,0,0,0,11,0.5123214,8,1,2.98,1596,10284608,517802,10802410,3.429,0,0,0,0,1,0,1,0,0,0,1,0,0,0,0,0,0
29-01-2025,2025,1,January,Wednesday,2,0,1,29,0,0,,0,0,0,0,0,0,0,11,0.5285714,8,1,2.54,1596,10284608,517802,10802410,3.457,0,0,0,0,0,0,0,0,0,0,0,0,0,0,0,0,0
30-01-2025,2025,1,January,Thursday,3,0,1,30,0,0,,0,0,0,0,0,0,0,11,0.51928574,8,1,3.69,1596,10284608,517802,10802410,3.44,0,0,0,0,0,0,0,0,0,0,0,0,0,0,0,0,0
31-01-2025,2025,1,January,Friday,4,0,1,31,0,0,,0,0,0,0,0,0,0,11,0.47428572,8,1,2.77,1596,10284608,517802,10802410,4.642,0,0,0,0,0,0,0,0,0,0,0,0,0,0,0,0,0
01-02-2025,2025,2,February,Saturday,5,1,1,32,0,0,,1,0,0,0,0,0,0,11,0.61125004,8,1,3.48,1596,10284608,517802,10802410,3.911,0,0,0,0,0,0,0,0,0,0,0,0,0,0,0,0,0
02-02-2025,2025,2,February,Sunday,6,1,1,33,0,0,,1,0,0,0,0,0,0,11,0.7378571,8,1,3.6,1596,10284608,517802,10802410,3.813,0,0,0,1,0,0,0,0,0,1,0,0,0,0,0,0,0
03-02-2025,2025,2,February,Monday,0,0,1,34,0,0,,0,0,0,0,0,0,0,11,0.7451785,8,1,3.89,1596,10284608,517802,10802410,2.607,0,0,0,1,1,0,0,0,0,1,1,0,0,0,0,0,0
04-02-2025,2025,2,February,Tuesday,1,0,1,35,0,0,,0,0,0,0,0,0,0,11,0.74714285,8,1,4.05,1596,10284608,517802,10802410,2.535,0,0,0,0,1,0,0,0,0,0,1,0,0,0,0,0,0
05-02-2025,2025,2,February,Wednesday,2,0,1,36,0,0,,0,0,0,0,0,0,0,11,0.86892855,8,1,3.83,1596,10284608,517802,10802410,2.832,0,0,0,0,0,0,0,0,0,0,0,0,0,0,0,0,0
06-02-2025,2025,2,February,Thursday,3,0,1,37,0,0,,0,0,0,0,0,0,0,11,0.7798214,8,1,3.69,1596,10284608,517802,10802410,2.776,0,0,0,0,0,0,0,0,0,0,0,0,0,0,0,0,0
07-02-2025,2025,2,February,Friday,4,0,1,38,0,0,,0,0,0,0,0,0,0,11,0.58196425,8,1,3.51,1596,10284608,517802,10802410,3.691,0,0,0,0,0,0,0,0,0,0,0,0,0,0,0,0,0
08-02-2025,2025,2,February,Saturday,5,1,1,39,0,0,,1,0,0,0,0,0,0,11,0.52660716,8,1,3.64,1596,10284608,517802,10802410,3.621,0,0,0,0,0,0,0,0,0,0,0,0,0,0,0,0,0
09-02-2025,2025,2,February,Sunday,6,1,1,40,0,0,,1,0,0,0,0,0,0,11,0.44357145,8,1,3.56,1596,10284608,517802,10802410,4.502,0,0,0,1,0,0,0,0,0,1,0,0,0,0,0,0,0
10-02-2025,2025,2,February,Monday,0,0,1,41,0,0,,0,0,0,0,0,0,0,11,0.41125,8,1,3.47,1596,10284608,517802,10802410,3.843,0,0,0,1,1,0,0,0,0,1,1,0,0,0,0,0,0
11-02-2025,2025,2,February,Tuesday,1,0,1,42,0,0,,0,0,0,0,0,0,0,11,0.52660716,8,1,3.65,1596,10284608,517802,10802410,3.521,0,0,0,0,1,0,0,0,0,0,1,0,0,0,0,0,0
12-02-2025,2025,2,February,Wednesday,2,0,1,43,0,0,,0,0,0,0,0,0,0,11,0.75625,8,1,3.77,1596,10284608,517802,10802410,3.425,0,0,0,0,0,0,0,0,0,0,0,0,0,0,0,0,0
13-02-2025,2025,2,February,Thursday,3,0,1,44,0,0,,0,0,0,0,0,0,0,11,0.68875,8,1,3.68,1596,10284608,517802,10802410,3.374,0,0,0,0,0,0,0,0,0,0,0,0,0,0,0,0,0
14-02-2025,2025,2,February,Friday,4,0,1,45,0,0,,0,0,0,0,0,0,0,11,0.57928574,8,1,3.14,1596,10284608,517802,10802410,4.298,0,0,0,0,0,0,0,0,0,0,0,0,0,0,0,0,0
15-02-2025,2025,2,February,Saturday,5,1,1,46,0,0,,1,0,0,0,0,0,0,11,0.5244643,8,1,3.16,1596,10284608,517802,10802410,2.828,0,0,0,0,0,0,0,0,0,0,0,0,0,0,0,0,0
16-02-2025,2025,2,February,Sunday,6,1,1,47,0,0,,1,0,0,0,0,0,0,11,0.56928575,8,1,4.01,1596,10284608,517802,10802410,2.46,0,0,0,1,0,0,0,0,0,1,0,0,0,0,0,0,0
17-02-2025,2025,2,February,Monday,0,0,1,48,0,0,,0,0,0,0,0,0,0,11,0.5830357,8,1,3.81,1596,10284608,517802,10802410,2.623,0,0,0,1,1,0,0,0,0,1,1,0,0,0,0,0,0
18-02-2025,2025,2,February,Tuesday,1,0,1,49,0,0,,0,0,0,0,0,0,0,11,0.56964284,8,1,2.83,1596,10284608,517802,10802410,2.886,0,0,0,0,1,0,0,0,0,0,1,0,0,0,0,0,0
19-02-2025,2025,2,February,Wednesday,2,0,1,50,0,0,,0,0,0,0,0,0,0,11,0.5057143,8,1,2.81,1596,10284608,517802,10802410,3.392,0,0,0,0,0,0,0,0,0,0,0,0,0,0,0,0,0
20-02-2025,2025,2,February,Thursday,3,0,1,51,0,0,,0,0,0,0,0,0,0,11,0.64339286,8,1,3.17,1596,10284608,517802,10802410,3.632,0,0,0,0,0,0,0,0,0,0,0,0,0,0,0,0,0
21-02-2025,2025,2,February,Friday,4,0,1,52,0,0,,0,0,0,0,0,0,0,11,0.7180357,8,1,3.35,1596,10284608,517802,10802410,3.306,0,0,0,0,0,0,0,0,0,0,0,0,0,0,0,0,0
22-02-2025,2025,2,February,Saturday,5,1,1,53,0,0,,1,0,0,0,0,0,0,11,0.6194643,8,1,3.35,1596,10284608,517802,10802410,4.103,0,0,0,0,0,0,0,0,0,0,0,0,0,0,0,0,0
23-02-2025,2025,2,February,Sunday,6,1,1,54,0,0,,1,0,0,0,0,0,0,11,0.6085714,8,1,3.5,1596,10284608,517802,10802410,4.665,0,0,0,1,0,0,0,0,0,1,0,0,0,0,0,0,0
24-02-2025,2025,2,February,Monday,0,0,1,55,0,0,,0,0,0,0,0,0,0,11,0.53875,8,1,3.66,1596,10284608,517802,10802410,4.003,0,0,0,1,1,0,0,0,0,1,1,0,0,0,0,0,0
25-02-2025,2025,2,February,Tuesday,1,0,1,56,0,0,,0,0,0,0,0,0,0,11,0.48642856,8,1,3.77,1596,10284608,517802,10802410,4.086,0,0,0,0,1,0,0,0,0,0,1,0,0,0,0,0,0
26-02-2025,2025,2,February,Wednesday,2,0,1,57,0,0,,0,0,0,0,0,0,0,11,0.5294643,8,1,3.71,1596,10284608,517802,10802410,3.816,0,0,0,0,0,0,0,0,0,0,0,0,0,0,0,0,0
27-02-2025,2025,2,February,Thursday,3,0,1,58,0,0,,0,0,0,0,0,0,0,11,0.53375,8,1,3.84,1596,10284608,517802,10802410,3.258,0,0,0,0,0,0,0,0,0,0,0,0,0,0,0,0,0
28-02-2025,2025,2,February,Friday,4,0,1,59,0,0,,0,1,0,0,0,1,0,11,0.5055357,8,1,3.51,1596,10284608,517802,10802410,3.908,0,0,0,0,0,0,0,0,0,0,0,0,0,0,0,0,0
01-03-2025,2025,3,March,Saturday,5,1,1,60,0,0,,1,1,0,0,0,1,0,11,0.49196428,8,1,4.07,1596,10284608,517802,10802410,4.023,0,0,0,0,0,0,0,1,0,0,0,1,0,0,0,0,0
02-03-2025,2025,3,March,Sunday,6,1,1,61,0,0,,1,1,0,0,0,1,0,11,0.64517856,8,1,3.5,1596,10284608,517802,10802410,4.306,0,0,0,1,0,0,0,1,1,1,0,1,1,0,0,0,0
03-03-2025,2025,3,March,Monday,0,0,1,62,0,0,,0,1,0,0,0,1,0,11,0.7032143,8,1,3.67,1596,10284608,517802,10802410,5.003,0,0,0,1,1,0,0,1,1,1,1,1,1,0,0,0,0
04-03-2025,2025,3,March,Tuesday,1,0,1,63,0,0,,0,1,0,0,0,1,0,11,0.80392855,8,1,4.03,1596,10284608,517802,10802410,2.961,0,0,0,0,1,0,0,1,1,0,1,1,1,0,0,0,0
05-03-2025,2025,3,March,Wednesday,2,0,1,64,0,0,,0,0,0,0,0,0,0,11,0.8380357,8,1,4.02,1596,10284608,517802,10802410,2.509,0,0,0,0,0,0,0,1,1,0,0,1,1,0,0,0,0
06-03-2025,2025,3,March,Thursday,3,0,1,65,0,0,,0,0,0,0,0,0,0,11,0.6833929,8,1,3.53,1596,10284608,517802,10802410,1.061,0,0,0,0,0,0,0,0,1,0,0,0,1,0,0,0,0
07-03-2025,2025,3,March,Friday,4,0,1,66,0,0,,0,0,0,0,0,0,0,11,0.60821426,8,1,3.68,1596,10284608,517802,10802410,2.296,0,0,0,0,0,0,0,0,0,0,0,0,0,0,0,0,0
08-03-2025,2025,3,March,Saturday,5,1,1,67,0,0,,1,0,0,0,0,0,0,11,0.5005357,8,1,3.18,1596,10284608,517802,10802410,2.617,0,0,0,0,0,0,0,0,0,0,0,0,0,0,0,0,0
09-03-2025,2025,3,March,Sunday,6,1,1,68,0,0,,1,0,0,0,0,0,0,11,0.50696427,8,1,3.68,1596,10284608,517802,10802410,2.364,0,0,0,1,0,0,0,0,0,1,0,0,0,0,0,0,0
10-03-2025,2025,3,March,Monday,0,0,1,69,0,0,,0,0,0,0,0,0,0,11,0.5225,8,1,3.84,1596,10284608,517802,10802410,2.238,0,0,0,1,1,0,0,0,0,1,1,0,0,0,0,0,0
11-03-2025,2025,3,March,Tuesday,1,0,1,70,0,0,,0,0,0,0,0,0,0,11,0.48607144,8,1,3.25,1596,10284608,517802,10802410,2.169,0,0,0,0,1,0,0,0,0,0,1,0,0,0,0,0,0
12-03-2025,2025,3,March,Wednesday,2,0,1,71,0,0,,0,0,0,0,0,0,0,11,0.59160715,8,1,3.2,1596,10284608,517802,10802410,3.62,0,0,0,0,0,0,0,0,0,0,0,0,0,0,0,0,0
13-03-2025,2025,3,March,Thursday,3,0,1,72,0,0,,0,0,0,0,0,0,0,11,0.61303574,8,1,2.77,1596,10284608,517802,10802410,4.239,0,0,0,0,0,0,0,0,0,0,0,0,0,0,0,0,0
14-03-2025,2025,3,March,Friday,4,0,1,73,0,1,Holi,1,0,0,0,0,0,0,11,0.5955357,8,1,3,1596,10284608,517802,10802410,3.467,0,0,0,0,0,0,0,0,0,0,0,0,0,0,0,0,0
15-03-2025,2025,3,March,Saturday,5,1,1,74,0,0,,1,0,1,0,0,1,0,11,0.5228571,8,1,2.92,1596,10284608,517802,10802410,3.437,0,0,0,0,0,1,0,0,0,1,0,0,0,0,0,0,0
16-03-2025,2025,3,March,Sunday,6,1,1,75,0,0,,1,0,1,0,0,1,0,11,0.63267857,8,1,3.62,1596,10284608,517802,10802410,3.153,0,0,0,1,0,0,1,1,0,1,1,0,0,1,0,0,0
17-03-2025,2025,3,March,Monday,0,0,1,76,0,0,,0,0,1,0,0,1,0,11,0.69714284,8,1,3.66,1596,10284608,517802,10802410,2.465,0,0,0,1,1,0,0,1,1,1,1,0,0,1,1,0,0
18-03-2025,2025,3,March,Tuesday,1,0,1,77,0,0,,0,0,1,0,0,1,0,11,0.74,8,1,3.57,1596,10284608,517802,10802410,2.789,0,0,0,0,1,0,0,1,1,0,1,0,0,1,1,0,0
19-03-2025,2025,3,March,Wednesday,2,0,1,78,0,0,,0,0,1,0,0,1,0,11,0.6621429,8,1,3.82,1596,10284608,517802,10802410,2.62,0,0,0,0,0,0,0,1,1,0,0,0,0,1,1,0,0
20-03-2025,2025,3,March,Thursday,3,0,1,79,0,0,,0,0,1,0,0,1,0,11,0.61321425,8,1,3.74,1596,10284608,517802,10802410,2.919,0,0,0,0,0,0,0,1,1,0,0,0,0,1,1,0,0
21-03-2025,2025,3,March,Friday,4,0,1,80,0,0,,0,0,1,0,0,1,0,11,0.78892857,8,1,5.03,1596,10284608,517802,10802410,2.504,0,0,0,0,0,0,0,1,1,0,0,0,0,1,1,0,0
22-03-2025,2025,3,March,Saturday,5,1,1,81,0,0,,1,0,1,0,0,1,0,11,0.76160717,8,1,4.62,1596,10284608,517802,10802410,2.777,0,0,0,0,0,0,0,1,1,0,0,0,0,1,1,0,0
23-03-2025,2025,3,March,Sunday,6,1,1,82,0,0,,1,0,1,0,0,1,0,11,0.58339286,8,1,3.26,1596,10284608,517802,10802410,3.347,0,0,0,1,0,0,0,1,1,1,0,0,0,1,1,0,0
24-03-2025,2025,3,March,Monday,0,0,1,83,0,0,,0,0,1,0,0,1,0,11,0.61321425,8,1,4.33,1596,10284608,517802,10802410,3.533,0,0,0,1,1,0,0,1,1,1,1,0,0,1,1,0,0
25-03-2025,2025,3,March,Tuesday,1,0,1,84,0,0,,0,0,1,0,0,1,0,11,0.6767857,8,1,4.54,1596,10284608,517802,10802410,3.61,0,0,0,0,1,0,0,1,1,0,1,0,0,1,1,0,0
26-03-2025,2025,3,March,Wednesday,2,0,1,85,0,0,,0,0,1,0,0,1,8.941100121,11,0.66125,8,1,4.71,1596,10284608,517802,10802410,2.749,0,0,8.941100121,0,0,0,0,1,1,0,0,0,0,1,1,0,0
27-03-2025,2025,3,March,Thursday,3,0,1,86,0,0,,0,0,1,0,0,1,1.014091253,11,0.88071424,8,1,5.58,1596,10284608,517802,10802410,3.585,8.941100121,0,9.955191374,0,0,0,0,1,1,0,0,0,0,1,1,0,0
28-03-2025,2025,3,March,Friday,4,0,1,87,0,0,,0,0,1,0,0,1,0,11,1.0074999,8,1,5.54,1596,10284608,517802,10802410,3.162,1.014091253,8.941100121,9.955191374,0,0,0,0,1,1,0,0,0,0,1,1,0,0
29-03-2025,2025,3,March,Saturday,5,1,1,88,0,0,,1,0,1,0,0,1,0,11,0.8066072,8,1,4.13,1596,10284608,517802,10802410,3.822,0,1.014091253,1.014091253,0,0,0,0,1,1,0,0,0,0,1,1,0,0
30-03-2025,2025,3,March,Sunday,6,1,1,89,0,1,Gudi Padava,1,0,0,0,0,0,0.282132059,11,0.6719643,8,1,3.18,1596,10284608,517802,10802410,3.808,0,0,0.282132059,1,0,0,0,1,1,1,0,0,0,1,1,0,0
31-03-2025,2025,3,March,Monday,0,0,1,90,0,1,Id-Ul-Fitr,1,0,0,0,0,0,0,11,0.5296428,8,1,3.2,1596,10284608,517802,10802410,2.771,0.282132059,0,0.282132059,1,1,1,0,0,1,1,1,0,0,0,1,0,0
01-04-2025,2025,4,April,Tuesday,1,0,2,91,0,0,,0,0,0,0,0,0,1.354709744,11,0.50874996,8,1,2.51,1596,10284608,517802,10802410,2.325,0,0.282132059,1.636841804,0,1,1,1,0,0,1,1,0,0,0,0,0,0
02-04-2025,2025,4,April,Wednesday,2,0,2,92,0,0,,0,0,0,0,0,0,0.07695654,11,0.60464287,8,1,3.03,1596,10284608,517802,10802410,2.56,1.354709744,0,1.431666285,0,0,0,1,0,0,0,1,0,0,0,0,0,0
03-04-2025,2025,4,April,Thursday,3,0,2,93,0,0,,0,0,0,0,0,0,0.791984022,11,0.5642857,8,1,2.5,1596,10284608,517802,10802410,2.798,0.07695654,1.354709744,2.223650306,0,0,0,0,0,0,0,0,0,0,0,0,0,0
04-04-2025,2025,4,April,Friday,4,0,2,94,0,0,,0,0,0,0,0,0,0.028372156,11,0.51875,8,1,3.77,1596,10284608,517802,10802410,2.624,0.791984022,0.07695654,0.897312718,0,0,0,0,0,0,0,0,0,0,0,0,0,0
05-04-2025,2025,4,April,Saturday,5,1,2,95,0,0,,1,0,0,0,0,0,0,11,0.57660717,8,1,3.29,1596,10284608,517802,10802410,3.512,0.028372156,0.791984022,0.820356177,0,0,0,0,0,0,0,0,0,0,0,0,0,0
06-04-2025,2025,4,April,Sunday,6,1,2,96,0,1,Ram Navami,1,0,0,0,0,0,0.08115954,11,0.55982137,8,1,3.28,1596,10284608,517802,10802410,4.008,0,0.028372156,0.109531695,1,0,0,0,0,0,1,0,0,0,0,0,0,0
07-04-2025,2025,4,April,Monday,0,0,2,97,0,0,,0,0,0,0,0,0,0,11,0.54732144,8,1,2.72,1596,10284608,517802,10802410,3.122,0.08115954,0,0.08115954,1,1,1,0,0,0,1,1,0,0,0,0,0,0
08-04-2025,2025,4,April,Tuesday,1,0,2,98,0,0,,0,0,0,0,0,0,3.284260035,11,0.57446426,8,1,2.62,1596,10284608,517802,10802410,3.031,0,0.08115954,3.365419574,0,1,0,1,0,0,0,1,0,0,0,0,0,0
09-04-2025,2025,4,April,Wednesday,2,0,2,99,0,0,,0,0,0,0,0,0,1.955971479,11,0.58160716,8,1,2.97,1596,10284608,517802,10802410,3.719,3.284260035,0,5.240231514,0,0,0,0,0,0,0,0,0,0,0,0,0,0
10-04-2025,2025,4,April,Thursday,3,0,2,100,0,0,,0,0,0,0,0,0,2.5593853,11,0.5942857,8,1,2.22,1596,10284608,517802,10802410,4.142,1.955971479,3.284260035,7.799616814,0,0,0,0,0,0,0,0,0,0,0,0,0,0
11-04-2025,2025,4,April,Friday,4,0,2,101,0,0,,0,0,0,0,0,0,0.106014103,11,0.6582143,8,1,2.42,1596,10284608,517802,10802410,2.755,2.5593853,1.955971479,4.621370882,0,0,0,0,0,0,0,0,0,0,0,0,0,0
12-04-2025,2025,4,April,Saturday,5,1,2,102,0,0,,1,0,0,0,0,0,1.084571958,11,0.7251786,8,1,2.85,1596,10284608,517802,10802410,2.498,0.106014103,2.5593853,3.74997136,0,0,0,0,0,0,0,0,0,0,0,0,0,0
13-04-2025,2025,4,April,Sunday,6,1,2,103,0,0,,1,0,0,0,0,0,0,11,0.83000004,8,1,3.98,1596,10284608,517802,10802410,3.514,1.084571958,0.106014103,1.19058606,1,0,0,0,0,0,1,0,0,0,0,0,0,0
14-04-2025,2025,4,April,Monday,0,0,2,104,0,1,Birth Anniversary of Dr. Babasaheb Ambedkar,1,0,0,0,0,0,0,11,0.9325,8,1,4.55,1596,10284608,517802,10802410,2.772,0,1.084571958,1.084571958,1,1,0,0,0,0,1,1,0,0,0,0,0,0
15-04-2025,2025,4,April,Tuesday,1,0,2,105,0,0,,0,0,0,0,0,0,0,11,0.97089285,8,1,4.78,1596,10284608,517802,10802410,2.225,0,0,0,0,1,1,0,0,0,1,1,0,0,0,0,0,0
16-04-2025,2025,4,April,Wednesday,2,0,2,106,0,0,,0,0,0,0,0,0,0,11,0.79125,8,1,3.83,1596,10284608,517802,10802410,2.194,0,0,0,0,0,0,1,0,0,0,1,0,0,0,0,0,0
17-04-2025,2025,4,April,Thursday,3,0,2,107,0,0,,0,0,0,0,0,0,0,11,0.6941071,8,1,3.83,1596,10284608,517802,10802410,2.534,0,0,0,0,0,0,0,0,0,0,0,0,0,0,0,0,0
18-04-2025,2025,4,April,Friday,4,0,2,108,0,1,Good Friday,1,0,0,0,0,0,0,11,0.64357144,8,1,3.47,1596,10284608,517802,10802410,2.666,0,0,0,0,0,0,0,0,0,0,0,0,0,0,0,0,0
19-04-2025,2025,4,April,Saturday,5,1,2,109,0,0,,1,0,0,0,0,0,0,11,0.66589284,8,1,3.36,1596,10284608,517802,10802410,2.591,0,0,0,0,0,1,0,0,0,1,0,0,0,0,0,0,0
20-04-2025,2025,4,April,Sunday,6,1,2,110,0,0,,1,0,0,0,0,0,0,11,0.62249994,8,1,3.66,1596,10284608,517802,10802410,2.499,0,0,0,1,0,0,1,0,0,1,1,0,0,0,0,0,0
21-04-2025,2025,4,April,Monday,0,0,2,111,0,0,,0,0,0,0,0,0,0,11,0.6048214,8,1,4.39,1596,10284608,517802,10802410,2.274,0,0,0,1,1,0,0,0,0,1,1,0,0,0,0,0,0
22-04-2025,2025,4,April,Tuesday,1,0,2,112,0,0,,0,0,0,0,0,0,0,11,0.65160716,8,1,4.04,1596,10284608,517802,10802410,2.094,0,0,0,0,1,0,0,0,0,0,1,0,0,0,0,0,0
23-04-2025,2025,4,April,Wednesday,2,0,2,113,0,0,,0,0,0,0,0,0,1.715659976,11,0.6646429,8,1,3.49,1596,10284608,517802,10802410,3.261,0,0,1.715659976,0,0,0,0,0,0,0,0,0,0,0,0,0,0
24-04-2025,2025,4,April,Thursday,3,0,2,114,0,0,,0,0,0,0,0,0,0.43654111,11,0.64982146,8,1,2.57,1596,10284608,517802,10802410,3.051,1.715659976,0,2.152201086,0,0,0,0,0,0,0,0,0,0,0,0,0,0
25-04-2025,2025,4,April,Friday,4,0,2,115,0,0,,0,0,0,0,0,0,0.159201831,11,0.59160715,8,1,3.39,1596,10284608,517802,10802410,3.203,0.43654111,1.715659976,2.311402917,0,0,0,0,0,0,0,0,0,0,0,0,0,0
26-04-2025,2025,4,April,Saturday,5,1,2,116,0,0,,1,0,0,0,0,0,0.356804907,11,0.5026786,8,1,3.92,1596,10284608,517802,10802410,2.831,0.159201831,0.43654111,0.952547848,0,0,0,0,0,0,0,0,0,0,0,0,0,0
27-04-2025,2025,4,April,Sunday,6,1,2,117,0,0,,1,0,0,0,0,0,0.316508114,11,0.48874998,8,1,4.05,1596,10284608,517802,10802410,2.837,0.356804907,0.159201831,0.832514852,1,0,0,0,0,0,1,0,0,0,0,0,0,0
28-04-2025,2025,4,April,Monday,0,0,2,118,0,0,,0,0,0,0,0,0,0.205250785,11,0.47732145,8,1,3.81,1596,10284608,517802,10802410,2.413,0.316508114,0.356804907,0.878563806,1,1,0,0,0,0,1,1,0,0,0,0,0,0
29-04-2025,2025,4,April,Tuesday,1,0,2,119,0,0,,0,0,0,0,0,0,0,11,0.54571426,8,1,3.65,1596,10284608,517802,10802410,1.647,0.205250785,0.316508114,0.521758899,0,1,0,0,0,0,0,1,0,0,0,0,0,0
30-04-2025,2025,4,April,Wednesday,2,0,2,120,0,0,,0,0,0,0,0,0,0,11,0.56946427,8,1,4.15,1596,10284608,517802,10802410,1.675,0,0.205250785,0.205250785,0,0,0,0,0,0,0,0,0,0,0,0,0,0
01-05-2025,2025,5,May,Thursday,3,0,2,121,0,1,May Day,1,0,0,0,0,0,0,11,0.60160714,8,1,3.92,1596,10284608,517802,10802410,1.588,0,0,0,0,0,0,0,0,0,0,0,0,0,0,0,0,0
02-05-2025,2025,5,May,Friday,4,0,2,122,0,0,,0,0,0,0,0,0,0,11,0.5885714,8,1,4.07,1596,10284608,517802,10802410,2.134,0,0,0,0,0,1,0,0,0,1,0,0,0,0,0,0,0
03-05-2025,2025,5,May,Saturday,5,1,2,123,0,0,,1,0,0,0,0,0,0,11,0.6475,8,1,3.65,1596,10284608,517802,10802410,1.651,0,0,0,0,0,0,1,0,0,0,1,0,0,0,0,0,0
04-05-2025,2025,5,May,Sunday,6,1,2,124,0,0,,1,0,0,0,0,0,0,11,0.65732145,8,1,4.03,1596,10284608,517802,10802410,2.661,0,0,0,1,0,0,0,0,0,1,0,0,0,0,0,0,0
05-05-2025,2025,5,May,Monday,0,0,2,125,0,0,,0,0,0,0,0,0,0,11,0.67,8,1,3.91,1596,10284608,517802,10802410,2.539,0,0,0,1,1,0,0,0,0,1,1,0,0,0,0,0,0
06-05-2025,2025,5,May,Tuesday,1,0,2,126,0,0,,0,0,0,0,0,0,0,11,0.8371428,8,1,4.31,1596,10284608,517802,10802410,3.023,0,0,0,0,1,0,0,0,0,0,1,0,0,0,0,0,0
07-05-2025,2025,5,May,Wednesday,2,0,2,127,0,0,,0,0,0,0,0,0,0,11,0.9455357,8,1,5.13,1596,10284608,517802,10802410,2.951,0,0,0,0,0,0,0,0,0,0,0,0,0,0,0,0,0
08-05-2025,2025,5,May,Thursday,3,0,2,128,0,0,,0,0,0,0,0,0,0,11,0.9142858,8,1,3.84,1596,10284608,517802,10802410,3.066,0,0,0,0,0,0,0,0,0,0,0,0,0,0,0,0,0
09-05-2025,2025,5,May,Friday,4,0,2,129,0,0,,0,0,0,0,0,0,0,11,1.02625,8,1,3.18,1596,10284608,517802,10802410,2.459,0,0,0,0,0,0,0,0,0,0,0,0,0,0,0,0,0
10-05-2025,2025,5,May,Saturday,5,1,2,130,0,0,,1,0,0,0,0,0,0,11,0.8955357,8,1,2.57,1596,10284608,517802,10802410,2.859,0,0,0,0,0,0,0,0,0,0,0,0,0,0,0,0,0
11-05-2025,2025,5,May,Sunday,6,1,2,131,0,0,,1,0,0,0,0,0,0,11,0.7403571,8,1,2.59,1596,10284608,517802,10802410,3.198,0,0,0,1,0,0,0,0,0,1,0,0,0,0,0,0,0
12-05-2025,2025,5,May,Monday,0,0,2,132,0,0,,0,0,0,0,0,0,0.013436699,11,0.6555357,8,1,2.7,1596,10284608,517802,10802410,2.555,0,0,0.013436699,1,1,0,0,0,0,1,1,0,0,0,0,0,0
13-05-2025,2025,5,May,Tuesday,1,0,2,133,0,0,,0,0,0,0,0,0,3.672695398,11,0.65500003,8,1,2.85,1596,10284608,517802,10802410,2.632,0.013436699,0,3.686132098,0,1,0,0,0,0,0,1,0,0,0,0,0,0
14-05-2025,2025,5,May,Wednesday,2,0,2,134,0,0,,0,0,0,0,0,0,0.608987033,11,0.6926786,8,1,2.66,1596,10284608,517802,10802410,5.591,3.672695398,0.013436699,4.295119131,0,0,0,0,0,0,0,0,0,0,0,0,0,0
15-05-2025,2025,5,May,Thursday,3,0,2,135,0,0,,0,0,0,0,0,0,0.814797342,11,0.71428573,8,1,2.81,1596,10284608,517802,10802410,2.417,0.608987033,3.672695398,5.096479774,0,0,0,0,0,0,0,0,0,0,0,0,0,0
16-05-2025,2025,5,May,Friday,4,0,2,136,0,0,,0,0,0,0,0,0,1.736948371,11,0.75625,8,1,3.24,1596,10284608,517802,10802410,2.065,0.814797342,0.608987033,3.160732746,0,0,0,0,0,0,0,0,0,0,0,0,0,0
17-05-2025,2025,5,May,Saturday,5,1,2,137,0,0,,1,0,0,0,0,0,6.484370232,11,0.71339285,8,1,3.03,1596,10284608,517802,10802410,1.973,1.736948371,0.814797342,9.036115944,0,0,0,0,0,0,0,0,0,0,0,0,0,0
18-05-2025,2025,5,May,Sunday,6,1,2,138,0,0,,1,0,0,0,0,0,2.861339808,11,0.7230357,8,1,3.49,1596,10284608,517802,10802410,2.435,6.484370232,1.736948371,11.08265841,1,0,0,0,0,0,1,0,0,0,0,0,0,0
19-05-2025,2025,5,May,Monday,0,0,2,139,0,0,,0,0,0,0,0,0,7.772755623,11,0.84821427,8,1,4.76,1596,10284608,517802,10802410,2.54,2.861339808,6.484370232,17.11846566,1,1,0,0,0,0,1,1,0,0,0,0,0,0
20-05-2025,2025,5,May,Tuesday,1,0,2,140,0,0,,0,0,0,0,0,0,11.4460516,11,1.3810713,8,1,6,1596,10284608,517802,10802410,2.246,7.772755623,2.861339808,22.08014703,0,1,0,0,0,0,0,1,0,0,0,0,0,0
21-05-2025,2025,5,May,Wednesday,2,0,2,141,0,0,,0,0,0,0,0,0,103.407692,11,1.8885714,8,1,4.52,1596,10284608,517802,10802410,2.592,11.4460516,7.772755623,122.6264992,0,0,0,0,0,0,0,0,0,0,0,0,0,0
22-05-2025,2025,5,May,Thursday,3,0,2,142,0,0,,0,0,0,0,0,0,69.24271393,11,2.0951786,8,1,6.38,1596,10284608,517802,10802410,3.973,103.407692,11.4460516,184.0964575,0,0,0,0,0,0,0,0,0,0,0,0,0,0
23-05-2025,2025,5,May,Friday,4,0,2,143,0,0,,0,0,0,0,0,0,76.99872589,11,2.1501784,8,1,6.74,1596,10284608,517802,10802410,4.387,69.24271393,103.407692,249.6491318,0,0,0,0,0,0,0,0,0,0,0,0,0,0
24-05-2025,2025,5,May,Saturday,5,1,2,144,0,0,,1,0,0,0,0,0,58.49305725,11,2.077143,8,1,7.37,1596,10284608,517802,10802410,5.164,76.99872589,69.24271393,204.7344971,0,0,0,0,0,0,0,0,0,0,0,0,0,0
25-05-2025,2025,5,May,Sunday,6,1,2,145,0,0,,1,0,0,0,0,0,26.02977943,11,2.2666073,8,1,6.75,1596,10284608,517802,10802410,5.311,58.49305725,76.99872589,161.5215626,1,0,0,0,0,0,1,0,0,0,0,0,0,0
26-05-2025,2025,5,May,Monday,0,0,2,146,0,0,,0,0,0,0,0,0,47.72016525,11,2.2914286,8,1,7.82,1596,10284608,517802,10802410,3.095,26.02977943,58.49305725,132.2430019,1,1,0,0,0,0,1,1,0,0,0,0,0,0
27-05-2025,2025,5,May,Tuesday,1,0,2,147,0,0,,0,0,0,0,0,0,31.58671951,11,2.4744642,8,1,8.12,1596,10284608,517802,10802410,3.947,47.72016525,26.02977943,105.3366642,0,1,0,0,0,0,0,1,0,0,0,0,0,0
28-05-2025,2025,5,May,Wednesday,2,0,2,148,0,0,,0,0,0,0,0,0,13.4782505,11,2.4214284,8,1,6.41,1596,10284608,517802,10802410,3.159,31.58671951,47.72016525,92.78513527,0,0,0,0,0,0,0,0,0,0,0,0,0,0
29-05-2025,2025,5,May,Thursday,3,0,2,149,0,0,,0,0,0,0,0,0,57.01422119,11,2.26125,8,1,7.11,1596,10284608,517802,10802410,3.207,13.4782505,31.58671951,102.0791912,0,0,0,0,0,0,0,0,0,0,0,0,0,0
30-05-2025,2025,5,May,Friday,4,0,2,150,0,0,,0,0,0,0,0,0,39.82145691,11,2.5098214,8,1,6.67,1596,10284608,517802,10802410,3.366,57.01422119,13.4782505,110.3139286,0,0,0,0,0,0,0,0,0,0,0,0,0,0
31-05-2025,2025,5,May,Saturday,5,1,2,151,0,0,,1,0,0,0,0,0,1.696290612,11,2.388393,8,1,4.24,1596,10284608,517802,10802410,3.377,39.82145691,57.01422119,98.53196871,0,0,0,0,0,0,0,0,0,0,0,0,0,0
01-06-2025,2025,6,June,Sunday,6,1,2,152,1,0,,1,0,0,0,0,0,8.432972908,11,2.1339285,8,1,4.96,1596,10284608,517802,10802410,1.656,1.696290612,39.82145691,49.95072043,1,0,0,0,0,0,1,0,0,0,0,0,0,0
02-06-2025,2025,6,June,Monday,0,0,2,153,1,0,,0,0,0,0,0,0,19.11279297,11,1.9967856,8,1,4.67,1596,10284608,517802,10802410,1.649,8.432972908,1.696290612,29.24205649,1,1,0,0,0,0,1,1,0,0,0,0,0,0
03-06-2025,2025,6,June,Tuesday,1,0,2,154,1,0,,0,0,0,0,0,0,15.80688381,11,1.9142858,8,1,4.14,1596,10284608,517802,10802410,1.357,19.11279297,8.432972908,43.35264969,0,1,0,0,0,0,0,1,0,0,0,0,0,0
04-06-2025,2025,6,June,Wednesday,2,0,2,155,1,0,,0,0,0,0,0,0,8.187120438,11,1.9678571,8,1,4.21,1596,10284608,517802,10802410,1.893,15.80688381,19.11279297,43.10679722,0,0,0,0,0,0,0,0,0,0,0,0,0,0
05-06-2025,2025,6,June,Thursday,3,0,2,156,1,0,,0,0,0,0,0,0,16.1021328,11,1.8008928,8,1,3.22,1596,10284608,517802,10802410,2.279,8.187120438,15.80688381,40.09613705,0,0,0,0,0,0,0,0,0,0,0,0,0,0
06-06-2025,2025,6,June,Friday,4,0,2,157,1,0,,0,0,0,0,0,0,3.789488792,11,1.4767858,8,1,3.45,1596,10284608,517802,10802410,1.842,16.1021328,8.187120438,28.07874203,0,0,0,0,0,0,0,0,0,0,0,0,0,0
07-06-2025,2025,6,June,Saturday,5,1,2,158,1,1,Id-Ul-Zuha (Bakri Id),1,0,0,0,0,0,2.236209631,11,1.2696428,8,1,3.86,1596,10284608,517802,10802410,2.153,3.789488792,16.1021328,22.12783122,0,0,0,0,0,0,0,0,0,0,0,0,0,0
08-06-2025,2025,6,June,Sunday,6,1,2,159,1,0,,1,0,0,0,0,0,4.374716759,11,1.1360714,8,1,4.46,1596,10284608,517802,10802410,1.913,2.236209631,3.789488792,10.40041518,1,0,1,0,0,0,1,0,0,0,0,0,0,0
09-06-2025,2025,6,June,Monday,0,0,2,160,1,0,,0,0,0,0,0,0,13.19816208,11,1.0964285,8,1,4.89,1596,10284608,517802,10802410,1.591,4.374716759,2.236209631,19.80908847,1,1,0,1,0,0,1,1,0,0,0,0,0,0
10-06-2025,2025,6,June,Tuesday,1,0,2,161,1,0,,0,0,0,0,0,0,3.331684351,11,1.2294643,8,1,5.55,1596,10284608,517802,10802410,1.915,13.19816208,4.374716759,20.90456319,0,1,0,0,0,0,0,1,0,0,0,0,0,0
11-06-2025,2025,6,June,Wednesday,2,0,2,162,1,0,,0,0,0,0,0,0,0.284989864,11,1.3921429,8,1,6.21,1596,10284608,517802,10802410,1.902,3.331684351,13.19816208,16.81483629,0,0,0,0,0,0,0,0,0,0,0,0,0,0
12-06-2025,2025,6,June,Thursday,3,0,2,163,1,0,,0,0,0,0,0,0,37.13468933,11,1.7430357,8,1,7.89,1596,10284608,517802,10802410,2.187,0.284989864,3.331684351,40.75136355,0,0,0,0,0,0,0,0,0,0,0,0,0,0
13-06-2025,2025,6,June,Friday,4,0,2,164,1,0,,0,0,0,0,0,0,72.85394287,11,2.07625,8,1,8.28,1596,10284608,517802,10802410,2.141,37.13468933,0.284989864,110.2736221,0,0,0,0,0,0,0,0,0,0,0,0,0,0
14-06-2025,2025,6,June,Saturday,5,1,2,165,1,0,,1,0,0,0,0,0,35.94391251,11,2.3469644,8,1,6.84,1596,10284608,517802,10802410,3.011,72.85394287,37.13468933,145.9325447,0,0,0,0,0,0,0,0,0,0,0,0,0,0
15-06-2025,2025,6,June,Sunday,6,1,2,166,1,0,,1,0,0,0,0,0,83.86308289,11,3.2669644,8,1,8.57,1596,10284608,517802,10802410,4.747,35.94391251,72.85394287,192.6609383,1,0,0,0,0,0,1,0,0,0,0,0,0,0
16-06-2025,2025,6,June,Monday,0,0,2,167,1,0,,0,0,0,0,0,0,101.9431686,11,3.8973215,8,1,8.52,1596,10284608,517802,10802410,4.139,83.86308289,35.94391251,221.750164,1,1,0,0,0,0,1,1,0,0,0,0,0,0
17-06-2025,2025,6,June,Tuesday,1,0,2,168,1,0,,0,0,0,0,0,0,30.14893723,11,3.4692857,8,1,7.09,1596,10284608,517802,10802410,5.41,101.9431686,83.86308289,215.9551888,0,1,0,0,0,0,0,1,0,0,0,0,0,0
18-06-2025,2025,6,June,Wednesday,2,0,2,169,1,0,,0,0,0,0,0,0,31.5255928,11,3.0682144,8,1,6.66,1596,10284608,517802,10802410,2.385,30.14893723,101.9431686,163.6176987,0,0,0,0,0,0,0,0,0,0,0,0,0,0
19-06-2025,2025,6,June,Thursday,3,0,2,170,1,0,,0,0,0,0,0,0,20.95169449,11,2.7089286,8,1,6.68,1596,10284608,517802,10802410,2.06,31.5255928,30.14893723,82.62622452,0,0,0,0,0,0,0,0,0,0,0,0,0,0
20-06-2025,2025,6,June,Friday,4,0,2,171,1,0,,0,0,0,0,0,0,18.48389816,11,2.497857,8,1,6.24,1596,10284608,517802,10802410,1.73,20.95169449,31.5255928,70.96118546,0,0,0,0,0,0,0,0,0,0,0,0,0,0
21-06-2025,2025,6,June,Saturday,5,1,2,172,1,0,,1,0,0,0,0,0,28.44723701,11,2.4539285,8,1,6.38,1596,10284608,517802,10802410,2.081,18.48389816,20.95169449,67.88282967,0,0,0,0,0,0,0,0,0,0,0,0,0,0
22-06-2025,2025,6,June,Sunday,6,1,2,173,1,0,,1,0,0,0,0,0,28.98810959,11,2.3930357,8,1,6.25,1596,10284608,517802,10802410,2.438,28.44723701,18.48389816,75.91924477,1,0,0,0,0,0,1,0,0,0,0,0,0,0
23-06-2025,2025,6,June,Monday,0,0,2,174,1,0,,0,0,0,0,0,0,52.90251541,11,2.744643,8,1,7.16,1596,10284608,517802,10802410,2.535,28.98810959,28.44723701,110.337862,1,1,0,0,0,0,1,1,0,0,0,0,0,0
24-06-2025,2025,6,June,Tuesday,1,0,2,175,1,0,,0,0,0,0,0,0,51.59387589,11,3.1001785,8,1,7.69,1596,10284608,517802,10802410,3.217,52.90251541,28.98810959,133.4845009,0,1,0,0,0,0,0,1,0,0,0,0,0,0
25-06-2025,2025,6,June,Wednesday,2,0,2,176,1,0,,0,0,0,0,0,0,55.74065781,11,3.129643,8,1,7.37,1596,10284608,517802,10802410,3.575,51.59387589,52.90251541,160.2370491,0,0,0,0,0,0,0,0,0,0,0,0,0,0
26-06-2025,2025,6,June,Thursday,3,0,2,177,1,0,,0,0,0,0,0,0,40.91264343,11,3.2046428,8,1,6.8,1596,10284608,517802,10802410,4.05,55.74065781,51.59387589,148.2471771,0,0,0,0,0,0,0,0,0,0,0,0,0,0
27-06-2025,2025,6,June,Friday,4,0,2,178,1,0,,0,0,0,0,0,0,32.20666504,11,3.0591073,8,1,7.11,1596,10284608,517802,10802410,2.597,40.91264343,55.74065781,128.8599663,0,0,0,0,0,0,0,0,0,0,0,0,0,0
28-06-2025,2025,6,June,Saturday,5,1,2,179,1,0,,1,0,0,0,0,0,38.33560181,11,2.8282142,8,1,6.46,1596,10284608,517802,10802410,2.172,32.20666504,40.91264343,111.4549103,0,0,0,0,0,0,0,0,0,0,0,0,0,0
29-06-2025,2025,6,June,Sunday,6,1,2,180,1,0,,1,0,0,0,0,0,26.91496658,11,2.5598214,8,1,6.88,1596,10284608,517802,10802410,2.33,38.33560181,32.20666504,97.45723343,1,0,0,0,0,0,1,0,0,0,0,0,0,0
30-06-2025,2025,6,June,Monday,0,0,2,181,1,0,,0,0,0,0,0,0,23.16747093,11,2.5828571,8,1,6.86,1596,10284608,517802,10802410,1.964,26.91496658,38.33560181,88.41803932,1,1,0,0,0,0,1,1,0,0,0,0,0,0
01-07-2025,2025,7,July,Tuesday,1,0,3,182,1,0,,0,0,0,0,0,0,20.56947899,11,2.5557144,8,1,5.69,1596,10284608,517802,10802410,2.022,23.16747093,26.91496658,70.6519165,0,1,0,0,0,0,0,1,0,0,0,0,0,0
02-07-2025,2025,7,July,Wednesday,2,0,3,183,1,0,,0,0,0,0,0,0,59.25419617,11,2.7725,8,1,6.03,1596,10284608,517802,10802410,1.965,20.56947899,23.16747093,102.9911461,0,0,0,0,0,0,0,0,0,0,0,0,0,0
03-07-2025,2025,7,July,Thursday,3,0,3,184,1,0,,0,0,0,0,0,0,138.786911,11,2.8325,8,1,6.16,1596,10284608,517802,10802410,4.863,59.25419617,20.56947899,218.6105862,0,0,0,0,0,0,0,0,0,0,0,0,0,0
04-07-2025,2025,7,July,Friday,4,0,3,185,1,0,,0,0,0,0,0,0,56.72423935,11,2.8080359,8,1,6.96,1596,10284608,517802,10802410,4.717,138.786911,59.25419617,254.7653465,0,0,0,0,0,0,0,0,0,0,0,0,0,0
05-07-2025,2025,7,July,Saturday,5,1,3,186,1,0,,1,0,0,0,0,0,52.3719101,11,3.1030357,8,1,7.12,1596,10284608,517802,10802410,2.035,56.72423935,138.786911,247.8830605,0,0,0,0,0,0,0,0,0,0,0,0,0,0
06-07-2025,2025,7,July,Sunday,6,1,3,187,1,0,,1,0,0,0,0,0,49.29891586,11,3.0101786,8,1,7.83,1596,10284608,517802,10802410,1.497,52.3719101,56.72423935,158.3950653,1,0,0,0,0,0,1,0,0,0,0,0,0,0
07-07-2025,2025,7,July,Monday,0,0,3,188,1,0,,0,0,0,0,0,0,41.50208664,11,2.901607,8,1,6.92,1596,10284608,517802,10802410,1.862,49.29891586,52.3719101,143.1729126,1,1,0,0,0,0,1,1,0,0,0,0,0,0
08-07-2025,2025,7,July,Tuesday,1,0,3,189,1,0,,0,0,0,0,0,0,26.81314278,11,2.6532142,8,1,6.74,1596,10284608,517802,10802410,1.792,41.50208664,49.29891586,117.6141453,0,1,0,0,0,0,0,1,0,0,0,0,0,0
09-07-2025,2025,7,July,Wednesday,2,0,3,190,1,0,,0,0,0,0,0,0,31.24749947,11,2.5382144,8,1,6.58,1596,10284608,517802,10802410,1.028,26.81314278,41.50208664,99.56272888,0,0,0,0,0,0,0,0,0,0,0,0,0,0
10-07-2025,2025,7,July,Thursday,3,0,3,191,1,0,,0,0,0,0,0,0,25.09305,11,2.3680358,8,1,5.93,1596,10284608,517802,10802410,1.378,31.24749947,26.81314278,83.15369225,0,0,0,0,0,0,0,0,0,0,0,0,0,0
11-07-2025,2025,7,July,Friday,4,0,3,192,1,0,,0,0,0,0,0,0,18.87719917,11,2.2285714,8,1,5.55,1596,10284608,517802,10802410,1.477,25.09305,31.24749947,75.21774864,0,0,0,0,0,0,0,0,0,0,0,0,0,0
12-07-2025,2025,7,July,Saturday,5,1,3,193,1,0,,1,0,0,0,0,0,29.80163383,11,2.1039286,8,1,5.62,1596,10284608,517802,10802410,2.098,18.87719917,25.09305,73.77188301,0,0,0,0,0,0,0,0,0,0,0,0,0,0
13-07-2025,2025,7,July,Sunday,6,1,3,194,1,0,,1,0,0,0,0,0,26.37796021,11,2.0494642,8,1,6.3,1596,10284608,517802,10802410,2.271,29.80163383,18.87719917,75.05679321,1,0,0,0,0,0,1,0,0,0,0,0,0,0
14-07-2025,2025,7,July,Monday,0,0,3,195,1,0,,0,0,0,0,0,0,20.63347054,11,2.1510713,8,1,6.69,1596,10284608,517802,10802410,1.982,26.37796021,29.80163383,76.81306458,1,1,0,0,0,0,1,1,0,0,0,0,0,0
15-07-2025,2025,7,July,Tuesday,1,0,3,196,1,0,,0,0,0,0,0,0,82.92961884,11,2.5441072,8,1,6.81,1596,10284608,517802,10802410,1.783,20.63347054,26.37796021,129.9410496,0,1,0,0,0,0,0,1,0,0,0,0,0,0
16-07-2025,2025,7,July,Wednesday,2,0,3,197,1,0,,0,0,0,0,0,0,44.09898758,11,2.3907144,8,1,6.87,1596,10284608,517802,10802410,1.896,82.92961884,20.63347054,147.662077,0,0,0,0,0,0,0,0,0,0,0,0,0,0
17-07-2025,2025,7,July,Thursday,3,0,3,198,1,0,,0,0,0,0,0,0,32.50230408,11,2.3835714,8,1,6.59,1596,10284608,517802,10802410,1.341,44.09898758,82.92961884,159.5309105,0,0,0,0,0,0,0,0,0,0,0,0,0,0
18-07-2025,2025,7,July,Friday,4,0,3,199,1,0,,0,0,0,0,0,0,38.40369415,11,2.2825,8,1,6.4,1596,10284608,517802,10802410,1.459,32.50230408,44.09898758,115.0049858,0,0,0,0,0,0,0,0,0,0,0,0,0,0
19-07-2025,2025,7,July,Saturday,5,1,3,200,1,0,,1,0,0,0,0,0,29.68113518,11,2.545,8,1,6.03,1596,10284608,517802,10802410,1.98,38.40369415,32.50230408,100.5871334,0,0,0,0,0,0,0,0,0,0,0,0,0,0
20-07-2025,2025,7,July,Sunday,6,1,3,201,1,0,,1,0,0,0,0,0,42.53050613,11,2.6826785,8,1,6.45,1596,10284608,517802,10802410,1.557,29.68113518,38.40369415,110.6153355,1,0,0,0,0,0,1,0,0,0,0,0,0,0
21-07-2025,2025,7,July,Monday,0,0,3,202,1,0,,0,0,0,0,0,0,37.02071762,11,2.6639285,8,1,5.89,1596,10284608,517802,10802410,1.524,42.53050613,29.68113518,109.2323589,1,1,0,0,0,0,1,1,0,0,0,0,0,0
22-07-2025,2025,7,July,Tuesday,1,0,3,203,1,0,,0,0,0,0,0,0,42.39595032,11,2.618393,8,1,6.12,1596,10284608,517802,10802410,1.344,37.02071762,42.53050613,121.9471741,0,1,0,0,0,0,0,1,0,0,0,0,0,0
23-07-2025,2025,7,July,Wednesday,2,0,3,204,1,0,,0,0,0,0,0,0,61.05401611,11,2.66875,8,1,7.22,1596,10284608,517802,10802410,1.412,42.39595032,37.02071762,140.4706841,0,0,0,0,0,0,0,0,0,0,0,0,0,0
24-07-2025,2025,7,July,Thursday,3,0,3,205,1,0,,0,0,0,0,0,0,62.50885391,11,2.97625,8,1,7.13,1596,10284608,517802,10802410,1.843,61.05401611,42.39595032,165.9588203,0,0,0,0,0,0,0,0,0,0,0,0,0,0
25-07-2025,2025,7,July,Friday,4,0,3,206,1,0,,0,0,0,0,0,0,52.92114639,11,3.3301787,8,1,8.08,1596,10284608,517802,10802410,3.04,62.50885391,61.05401611,176.4840164,0,0,0,0,0,0,0,0,0,0,0,0,0,0
26-07-2025,2025,7,July,Saturday,5,1,3,207,1,0,,1,0,0,0,0,0,77.87939453,11,3.5717857,8,1,8.27,1596,10284608,517802,10802410,2.246,52.92114639,62.50885391,193.3093948,0,0,0,0,0,0,0,0,0,0,0,0,0,0
27-07-2025,2025,7,July,Sunday,6,1,3,208,1,0,,1,0,0,0,0,0,41.90127563,11,3.1492858,8,1,8.03,1596,10284608,517802,10802410,5.808,77.87939453,52.92114639,172.7018166,1,0,0,0,0,0,1,0,0,0,0,0,0,0
28-07-2025,2025,7,July,Monday,0,0,3,209,1,0,,0,0,0,0,0,0,14.22980118,11,2.789107,8,1,7.38,1596,10284608,517802,10802410,2.1,41.90127563,77.87939453,134.0104713,1,1,0,0,0,0,1,1,0,0,0,0,0,0
29-07-2025,2025,7,July,Tuesday,1,0,3,210,1,0,,0,0,0,0,0,0,14.72027302,11,2.6667857,8,1,8.04,1596,10284608,517802,10802410,1.155,14.22980118,41.90127563,70.85134983,0,1,0,0,0,0,0,1,0,0,0,0,0,0
30-07-2025,2025,7,July,Wednesday,2,0,3,211,1,0,,0,0,0,0,0,0,14.98558331,11,2.5508928,8,1,7.31,1596,10284608,517802,10802410,1.177,14.72027302,14.22980118,43.9356575,0,0,0,0,0,0,0,0,0,0,0,0,0,0
31-07-2025,2025,7,July,Thursday,3,0,3,212,1,0,,0,0,0,0,0,0,5.962862015,11,2.5776787,8,1,6.09,1596,10284608,517802,10802410,1.742,14.98558331,14.72027302,35.66871834,0,0,0,0,0,0,0,0,0,0,0,0,0,0
01-08-2025,2025,8,August,Friday,4,0,3,213,1,0,,0,0,0,0,0,0,8.654663086,11,2.3885715,8,1,5.43,1596,10284608,517802,10802410,1.216,5.962862015,14.98558331,29.60310841,0,0,0,0,0,0,0,0,0,0,0,0,0,0
02-08-2025,2025,8,August,Saturday,5,1,3,214,1,0,,1,0,0,0,0,0,8.028419495,11,2.2867858,8,1,5.33,1596,10284608,517802,10802410,1.501,8.654663086,5.962862015,22.6459446,0,0,0,0,0,0,0,0,0,0,0,0,0,0
03-08-2025,2025,8,August,Sunday,6,1,3,215,1,0,,1,0,0,0,0,0,6.744333267,11,2.0151787,8,1,4.83,1596,10284608,517802,10802410,1.467,8.028419495,8.654663086,23.42741585,1,0,0,0,0,0,1,0,0,0,0,0,0,0
04-08-2025,2025,8,August,Monday,0,0,3,216,1,0,,0,0,0,0,0,0,2.266555786,11,1.8885714,8,1,5.29,1596,10284608,517802,10802410,1.826,6.744333267,8.028419495,17.03930855,1,1,0,0,0,0,1,1,0,0,0,0,0,0
05-08-2025,2025,8,August,Tuesday,1,0,3,217,1,0,,0,0,0,0,0,0,3.420284986,11,1.9103571,8,1,5.74,1596,10284608,517802,10802410,1.594,2.266555786,6.744333267,12.43117404,0,1,0,0,0,0,0,1,0,0,0,0,0,0
06-08-2025,2025,8,August,Wednesday,2,0,3,218,1,0,,0,0,0,0,0,0,24.55880737,11,1.8446429,8,1,6.17,1596,10284608,517802,10802410,1.63,3.420284986,2.266555786,30.24564815,0,0,0,0,0,0,0,0,0,0,0,0,0,0
07-08-2025,2025,8,August,Thursday,3,0,3,219,1,0,,0,0,0,0,0,0,3.858597517,11,1.6171429,8,1,4.99,1596,10284608,517802,10802410,1.882,24.55880737,3.420284986,31.83768988,0,0,0,0,0,0,0,0,0,0,0,0,0,0
08-08-2025,2025,8,August,Friday,4,0,3,220,1,0,,0,0,0,0,0,0,2.636538029,11,1.4066072,8,1,4.38,1596,10284608,517802,10802410,2.336,3.858597517,24.55880737,31.05394292,0,0,0,0,0,0,0,0,0,0,0,0,0,0
09-08-2025,2025,8,August,Saturday,5,1,3,221,1,0,,1,0,0,0,0,0,8.049451828,11,1.29125,8,1,3.08,1596,10284608,517802,10802410,1.997,2.636538029,3.858597517,14.54458737,0,0,0,0,0,0,0,0,0,0,0,0,0,0
10-08-2025,2025,8,August,Sunday,6,1,3,222,1,0,,1,0,0,0,0,0,2.986598015,11,1.1410714,8,1,2.31,1596,10284608,517802,10802410,2.09,8.049451828,2.636538029,13.67258787,1,0,0,0,0,0,1,0,0,0,0,0,0,0
11-08-2025,2025,8,August,Monday,0,0,3,223,1,0,,0,0,0,0,0,0,7.014296055,11,1.1105357,8,1,3.65,1596,10284608,517802,10802410,1.455,2.986598015,8.049451828,18.0503459,1,1,0,0,0,0,1,1,0,0,0,0,0,0
12-08-2025,2025,8,August,Tuesday,1,0,3,224,1,0,,0,0,0,0,0,0,10.22476578,11,1.1126785,8,1,3.04,1596,10284608,517802,10802410,0.658,7.014296055,2.986598015,20.22565985,0,1,0,0,0,0,0,1,0,0,0,0,0,0
13-08-2025,2025,8,August,Wednesday,2,0,3,225,1,0,,0,0,0,0,0,0,12.74265099,11,1.4971428,8,1,5.27,1596,10284608,517802,10802410,1.543,10.22476578,7.014296055,29.98171282,0,0,0,0,0,0,0,0,0,0,0,0,0,0
14-08-2025,2025,8,August,Thursday,3,0,3,226,1,0,,0,0,0,0,0,0,48.59665298,11,1.7971427,8,1,5.89,1596,10284608,517802,10802410,1.387,12.74265099,10.22476578,71.56406975,0,0,0,0,0,0,0,0,0,0,0,0,0,0
15-08-2025,2025,8,August,Friday,4,0,3,227,1,1,Independence Day,1,0,0,0,0,0,46.93135071,11,2.2603571,8,1,6.96,1596,10284608,517802,10802410,1.872,48.59665298,12.74265099,108.2706547,0,0,0,0,0,0,0,0,0,0,0,0,0,0
16-08-2025,2025,8,August,Saturday,5,1,3,228,1,0,,1,0,0,0,0,0,37.30248642,11,2.206607,8,1,6.74,1596,10284608,517802,10802410,1.661,46.93135071,48.59665298,132.8304901,0,0,1,0,0,0,1,0,0,0,0,0,0,0
17-08-2025,2025,8,August,Sunday,6,1,3,229,1,0,,1,0,0,0,0,0,39.94471741,11,2.3975,8,1,7.79,1596,10284608,517802,10802410,1.937,37.30248642,46.93135071,124.1785545,1,0,0,1,0,0,1,1,0,0,0,0,0,0
18-08-2025,2025,8,August,Monday,0,0,3,230,1,0,,0,0,0,0,0,0,102.3647461,11,2.6475,8,1,8.05,1596,10284608,517802,10802410,2.612,39.94471741,37.30248642,179.6119499,1,1,0,0,0,0,1,1,0,0,0,0,0,0
19-08-2025,2025,8,August,Tuesday,1,0,3,231,1,0,,0,0,0,0,0,0,93.59934235,11,2.8732142,8,1,8.26,1596,10284608,517802,10802410,3.02,102.3647461,39.94471741,235.9088058,0,1,0,0,0,0,0,1,0,0,0,0,0,0
20-08-2025,2025,8,August,Wednesday,2,0,3,232,1,0,,0,0,0,0,0,0,65.76840973,11,2.55375,8,1,6.58,1596,10284608,517802,10802410,2.188,93.59934235,102.3647461,261.7324982,0,0,0,0,0,0,0,0,0,0,0,0,0,0
21-08-2025,2025,8,August,Thursday,3,0,3,233,1,0,,0,0,0,0,0,0,31.55789375,11,2.1014285,8,1,4.85,1596,10284608,517802,10802410,2.01,65.76840973,93.59934235,190.9256458,0,0,0,0,0,0,0,0,0,0,0,0,0,0
22-08-2025,2025,8,August,Friday,4,0,3,234,1,0,,0,0,0,0,0,0,8.006210327,11,1.7439287,8,1,4.5,1596,10284608,517802,10802410,1.988,31.55789375,65.76840973,105.3325138,0,0,0,0,0,0,0,0,0,0,0,0,0,0
23-08-2025,2025,8,August,Saturday,5,1,3,235,1,0,,1,0,0,0,0,0,6.620224476,11,1.6142857,8,1,4.79,1596,10284608,517802,10802410,1.414,8.006210327,31.55789375,46.18432856,0,0,0,0,0,0,0,0,0,0,0,0,0,0
24-08-2025,2025,8,August,Sunday,6,1,3,236,1,0,,1,0,0,0,0,0,10.53906059,11,1.5810714,8,1,4.95,1596,10284608,517802,10802410,1.407,6.620224476,8.006210327,25.1654954,1,0,0,0,0,0,1,0,0,0,0,0,0,0
25-08-2025,2025,8,August,Monday,0,0,3,237,1,0,,0,0,0,0,0,0,7.46090126,11,1.5671428,8,1,4.73,1596,10284608,517802,10802410,1.765,10.53906059,6.620224476,24.62018633,1,1,0,0,0,0,1,1,0,0,0,0,0,0
26-08-2025,2025,8,August,Tuesday,1,0,3,238,1,0,,0,0,0,0,0,0,10.04986858,11,1.53875,8,1,5.54,1596,10284608,517802,10802410,1.74,7.46090126,10.53906059,28.04983044,0,1,0,0,0,0,0,1,0,0,0,0,0,0
27-08-2025,2025,8,August,Wednesday,2,0,3,239,1,1,Ganesh Chaturthi (1st Day),1,0,0,0,0,0,75.81802368,11,1.8860714,8,1,6.21,1596,10284608,517802,10802410,1.89,10.04986858,7.46090126,93.32879353,0,0,0,0,0,0,0,0,0,0,0,0,0,0
28-08-2025,2025,8,August,Thursday,3,0,3,240,1,1,Ganesh Chaturthi (2nd Day),1,0,0,0,0,0,133.6356201,11,1.8714285,8,1,5.32,1596,10284608,517802,10802410,3.746,75.81802368,10.04986858,219.5035124,0,0,1,0,0,0,1,0,0,0,0,0,0,0
29-08-2025,2025,8,August,Friday,4,0,3,241,1,0,,0,0,0,0,0,0,34.53313828,11,2.1046429,8,1,6.6,1596,10284608,517802,10802410,3.411,133.6356201,75.81802368,243.9867821,0,0,1,1,0,0,1,1,0,0,0,0,0,0
30-08-2025,2025,8,August,Saturday,5,1,3,242,1,0,,1,0,0,0,0,0,45.24071884,11,2.19625,8,1,5.94,1596,10284608,517802,10802410,2.843,34.53313828,133.6356201,213.4094772,0,0,0,1,0,0,0,1,0,0,0,0,0,0
31-08-2025,2025,8,August,Sunday,6,1,3,243,1,0,,1,0,0,0,0,0,12.19009304,11,2.075893,8,1,5.92,1596,10284608,517802,10802410,3.639,45.24071884,34.53313828,91.96395016,1,0,0,0,0,0,1,0,0,0,0,0,0,0
01-09-2025,2025,9,September,Monday,0,0,3,244,1,0,,0,0,0,0,0,0,14.42769146,11,1.9967858,8,1,6.65,1596,10284608,517802,10802410,2.685,12.19009304,45.24071884,71.85850334,1,1,0,0,0,0,1,1,0,0,0,0,0,0
02-09-2025,2025,9,September,Tuesday,1,0,3,245,1,0,,0,0,0,0,0,0,14.88392544,11,2.0019643,8,1,6.35,1596,10284608,517802,10802410,2.027,14.42769146,12.19009304,41.50170994,0,1,0,0,0,0,0,1,0,0,0,0,0,0
03-09-2025,2025,9,September,Wednesday,2,0,3,246,1,0,,0,0,0,0,0,0,17.50503159,11,1.86,8,1,6.28,1596,10284608,517802,10802410,2.104,14.88392544,14.42769146,46.81664848,0,0,0,0,0,0,0,0,0,0,0,0,0,0
04-09-2025,2025,9,September,Thursday,3,0,3,247,1,0,,0,0,0,0,0,0,17.01506996,11,1.7680357,8,1,6.26,1596,10284608,517802,10802410,2.164,17.50503159,14.88392544,49.40402699,0,0,0,0,0,0,0,0,0,0,0,0,0,0
05-09-2025,2025,9,September,Friday,4,0,3,248,1,0,,0,0,0,0,0,0,10.00015831,11,1.64375,8,1,4.17,1596,10284608,517802,10802410,1.936,17.01506996,17.50503159,44.52025986,0,0,0,0,0,0,0,0,0,0,0,0,0,0
06-09-2025,2025,9,September,Saturday,5,1,3,249,1,0,,1,0,0,0,0,0,1.819795489,11,1.4460714,8,1,3.18,1596,10284608,517802,10802410,1.823,10.00015831,17.01506996,28.83502376,0,0,0,0,0,0,0,0,0,0,0,0,0,0
07-09-2025,2025,9,September,Sunday,6,1,3,250,1,0,,1,0,0,0,0,0,5.084297657,11,1.2867857,8,1,3.15,1596,10284608,517802,10802410,2.86,1.819795489,10.00015831,16.90425146,1,0,0,0,0,0,1,0,0,0,0,0,0,0
08-09-2025,2025,9,September,Monday,0,0,3,251,1,0,,0,0,0,0,0,0,5.618007183,11,1.2444643,8,1,2.97,1596,10284608,517802,10802410,2.467,5.084297657,1.819795489,12.52210033,1,1,0,0,0,0,1,1,0,0,0,0,0,0
09-09-2025,2025,9,September,Tuesday,1,0,3,252,1,0,,0,0,0,0,0,0,3.591747284,11,1.1767857,8,1,3.11,1596,10284608,517802,10802410,1.928,5.618007183,5.084297657,14.29405212,0,1,0,0,0,0,0,1,0,0,0,0,0,0
10-09-2025,2025,9,September,Wednesday,2,0,3,253,1,0,,0,0,0,0,0,0,0.10608311,11,1.18625,8,1,3.39,1596,10284608,517802,10802410,2.254,3.591747284,5.618007183,9.315837577,0,0,0,0,0,0,0,0,0,0,0,0,0,0
11-09-2025,2025,9,September,Thursday,3,0,3,254,1,0,,0,0,0,0,0,0,0.567782462,11,1.1944643,8,1,3.68,1596,10284608,517802,10802410,2.079,0.10608311,3.591747284,4.265612856,0,0,0,0,0,0,0,0,0,0,0,0,0,0
12-09-2025,2025,9,September,Friday,4,0,3,255,1,0,,0,0,0,0,0,0,0.53681165,11,1.1457143,8,1,3.94,1596,10284608,517802,10802410,1.945,0.567782462,0.10608311,1.210677221,0,0,0,0,0,0,0,0,0,0,0,0,0,0
13-09-2025,2025,9,September,Saturday,5,1,3,256,1,0,,1,0,0,0,0,0,2.123007774,11,1.1555357,8,1,4.19,1596,10284608,517802,10802410,2.265,0.53681165,0.567782462,3.227601886,0,0,0,0,0,0,0,0,0,0,0,0,0,0
14-09-2025,2025,9,September,Sunday,6,1,3,257,1,0,,1,0,0,0,0,0,4.570640087,11,1.0294642,8,1,3.68,1596,10284608,517802,10802410,1.842,2.123007774,0.53681165,7.230459511,1,0,0,0,0,0,1,0,0,0,0,0,0,0
15-09-2025,2025,9,September,Monday,0,0,3,258,1,0,,0,0,0,0,0,0,6.784762383,11,1.1435714,8,1,4.4,1596,10284608,517802,10802410,1.981,4.570640087,2.123007774,13.47841024,1,1,0,0,0,0,1,1,0,0,0,0,0,0
16-09-2025,2025,9,September,Tuesday,1,0,3,259,1,0,,0,0,0,0,0,0,16.65853119,11,1.1019642,8,1,3.71,1596,10284608,517802,10802410,2.438,6.784762383,4.570640087,28.01393366,0,1,0,0,0,0,0,1,0,0,0,0,0,0
17-09-2025,2025,9,September,Wednesday,2,0,3,260,1,0,,0,0,0,0,0,0,4.706953526,11,1.1719643,8,1,4.35,1596,10284608,517802,10802410,2.394,16.65853119,6.784762383,28.1502471,0,0,0,0,0,0,0,0,0,0,0,0,0,0
18-09-2025,2025,9,September,Thursday,3,0,3,261,1,0,,0,0,0,0,0,0,7.000122547,11,1.32375,8,1,4.9,1596,10284608,517802,10802410,2.052,4.706953526,16.65853119,28.36560726,0,0,0,0,0,0,0,0,0,0,0,0,0,0
19-09-2025,2025,9,September,Friday,4,0,3,262,1,0,,0,0,0,0,0,0,4.278438091,11,1.1175,8,1,3.68,1596,10284608,517802,10802410,1.839,7.000122547,4.706953526,15.98551416,0,0,0,0,0,0,0,0,0,0,0,0,0,0
20-09-2025,2025,9,September,Saturday,5,1,3,263,1,0,,1,0,0,0,0,0,4.088702679,11,0.9539286,8,1,3.99,1596,10284608,517802,10802410,1.867,4.278438091,7.000122547,15.36726332,0,0,0,0,0,0,0,0,0,0,0,0,0,0
21-09-2025,2025,9,September,Sunday,6,1,3,264,1,0,,1,0,0,0,0,0,3.071159124,11,0.8848214,8,1,4.02,1596,10284608,517802,10802410,1.965,4.088702679,4.278438091,11.43829989,1,0,0,0,0,0,1,0,0,0,0,0,0,0
22-09-2025,2025,9,September,Monday,0,0,3,265,1,0,,0,0,0,0,0,0,2.950992346,11,0.84982145,8,1,3.78,1596,10284608,517802,10802410,1.816,3.071159124,4.088702679,10.11085415,1,1,0,0,0,0,1,1,0,0,0,0,0,0
23-09-2025,2025,9,September,Tuesday,1,0,3,266,1,0,,0,0,0,0,0,0,1.453931928,11,0.87392855,8,1,3.43,1596,10284608,517802,10802410,2.103,2.950992346,3.071159124,7.476083398,0,1,0,0,0,0,0,1,0,0,0,0,0,0
24-09-2025,2025,9,September,Wednesday,2,0,3,267,1,0,,0,0,0,0,0,0,8.163795471,11,0.9771429,8,1,3.28,1596,10284608,517802,10802410,1.517,1.453931928,2.950992346,12.56871974,0,0,0,0,0,0,0,0,0,0,0,0,0,0
25-09-2025,2025,9,September,Thursday,3,0,3,268,1,0,,0,0,0,0,0,0,5.01046133,11,1.0235714,8,1,3.06,1596,10284608,517802,10802410,1.956,8.163795471,1.453931928,14.62818873,0,0,0,0,0,0,0,0,0,0,0,0,0,0
26-09-2025,2025,9,September,Friday,4,0,3,269,1,0,,0,0,0,0,0,0,7.139826775,11,1.1333928,8,1,4.02,1596,10284608,517802,10802410,1.833,5.01046133,8.163795471,20.31408358,0,0,0,0,0,0,0,0,0,0,0,0,0,0
27-09-2025,2025,9,September,Saturday,5,1,3,270,1,0,,1,0,0,0,0,0,22.11101341,11,1.2796428,8,1,4.6,1596,10284608,517802,10802410,2.026,7.139826775,5.01046133,34.26130152,0,0,0,0,0,0,0,0,0,0,0,0,0,0
28-09-2025,2025,9,September,Sunday,6,1,3,271,1,0,,1,0,0,0,0,0,18.40742302,11,1.5360714,8,1,5.62,1596,10284608,517802,10802410,1.838,22.11101341,7.139826775,47.65826321,1,0,0,0,0,0,1,0,0,0,0,0,0,0
29-09-2025,2025,9,September,Monday,0,0,3,272,1,0,,0,0,0,0,0,0,37.88918686,11,1.7778572,8,1,5.44,1596,10284608,517802,10802410,2.249,18.40742302,22.11101341,78.40762329,1,1,0,0,0,0,1,1,0,0,0,0,0,0
30-09-2025,2025,9,September,Tuesday,1,0,3,273,1,0,,0,0,0,0,0,0,13.90845299,11,1.5523214,8,1,4.43,1596,10284608,517802,10802410,2.653,37.88918686,18.40742302,70.20506287,0,1,0,0,0,0,0,1,0,0,0,0,0,0
01-10-2025,2025,10,October,Wednesday,2,0,4,274,0,0,,0,0,0,0,0,0,13.25526333,11,1.5357143,8,1,4.42,1596,10284608,517802,10802410,3.53,13.90845299,37.88918686,65.05290318,0,0,0,0,0,0,0,0,0,0,0,0,0,0
02-10-2025,2025,10,October,Thursday,3,0,4,275,0,1,Gandhi Jayanti / Dussehra,1,0,0,0,0,0,6.9408741,11,1.4155357,8,1,3.8,1596,10284608,517802,10802410,2.633,13.25526333,13.90845299,34.10459042,0,0,0,0,0,0,0,0,0,0,0,0,0,0
03-10-2025,2025,10,October,Friday,4,0,4,276,0,0,,0,0,0,0,0,0,5.874311447,11,1.3519644,8,1,2.93,1596,10284608,517802,10802410,3.071,6.9408741,13.25526333,26.07044888,0,0,1,0,0,0,1,0,0,0,0,0,0,0
04-10-2025,2025,10,October,Saturday,5,1,4,277,0,0,,1,0,0,0,0,0,1.874170423,11,1.2617857,8,1,2.5,1596,10284608,517802,10802410,3.261,5.874311447,6.9408741,14.68935597,0,0,0,1,0,0,0,1,0,0,0,0,0,0
05-10-2025,2025,10,October,Sunday,6,1,4,278,0,0,,1,0,0,0,0,0,2.227607489,11,1.0683929,8,1,2.89,1596,10284608,517802,10802410,2.493,1.874170423,5.874311447,9.976089358,1,0,0,0,0,0,1,0,0,0,0,0,0,0
06-10-2025,2025,10,October,Monday,0,0,4,279,0,0,,0,0,0,0,0,0,2.253645182,11,0.9892857,8,1,3.29,1596,10284608,517802,10802410,2.553,2.227607489,1.874170423,6.355423093,1,1,0,0,0,0,1,1,0,0,0,0,0,0
07-10-2025,2025,10,October,Tuesday,1,0,4,280,0,0,,0,0,0,0,0,0,0.508565307,11,0.97339284,8,1,3.59,1596,10284608,517802,10802410,2.716,2.253645182,2.227607489,4.989817977,0,1,0,0,0,0,0,1,0,0,0,0,0,0
08-10-2025,2025,10,October,Wednesday,2,0,4,281,0,0,,0,0,0,0,0,0,0.751829147,11,0.9933929,8,1,3.57,1596,10284608,517802,10802410,2.93,0.508565307,2.253645182,3.514039636,0,0,0,0,0,0,0,0,0,0,0,0,0,0
09-10-2025,2025,10,October,Thursday,3,0,4,282,0,0,,0,0,0,0,0,0,0.689866483,11,0.86696434,8,1,3.35,1596,10284608,517802,10802410,2.847,0.751829147,0.508565307,1.950260937,0,0,0,0,0,0,0,0,0,0,0,0,0,0
10-10-2025,2025,10,October,Friday,4,0,4,283,0,0,,0,0,0,0,0,0,3.052959204,11,0.7466072,8,1,2.81,1596,10284608,517802,10802410,6.246,0.689866483,0.751829147,4.494654834,0,0,0,0,0,0,0,0,0,0,0,0,0,0
11-10-2025,2025,10,October,Saturday,5,1,4,284,0,0,,1,0,0,0,0,0,9.732241631,11,0.6244643,8,1,2.95,1596,10284608,517802,10802410,3.464,3.052959204,0.689866483,13.47506732,0,0,0,0,0,0,0,0,0,0,0,0,0,0
12-10-2025,2025,10,October,Sunday,6,1,4,285,0,0,,1,0,0,0,0,0,0,11,0.60714287,8,1,2.78,1596,10284608,517802,10802410,3.98,9.732241631,3.052959204,12.78520083,1,0,0,0,0,0,1,0,0,0,0,0,0,0
13-10-2025,2025,10,October,Monday,0,0,4,286,0,0,,0,0,0,0,0,0,0,11,0.56875,8,1,3.29,1596,10284608,517802,10802410,2.076,0,9.732241631,9.732241631,1,1,0,0,0,0,1,1,0,0,0,0,0,0
14-10-2025,2025,10,October,Tuesday,1,0,4,287,0,0,,0,0,0,0,0,0,0,11,0.5644643,8,1,3.24,1596,10284608,517802,10802410,2.162,0,0,0,0,1,0,0,0,0,0,1,0,0,0,0,0,0
15-10-2025,2025,10,October,Wednesday,2,0,4,288,0,0,,0,0,0,0,0,0,0.165261686,11,0.5794643,8,1,2.82,1596,10284608,517802,10802410,2.301,0,0,0.165261686,0,0,0,0,0,0,0,0,0,0,0,0,0,0
16-10-2025,2025,10,October,Thursday,3,0,4,289,0,0,,0,0,0,0,0,0,7.722024918,11,0.5939286,8,1,2.79,1596,10284608,517802,10802410,1.822,0.165261686,0,7.887286603,0,0,0,0,0,0,0,0,0,0,0,0,0,0
17-10-2025,2025,10,October,Friday,4,0,4,290,0,0,,0,0,0,0,0,0,3.937225103,11,0.5271429,8,1,3.22,1596,10284608,517802,10802410,2.188,7.722024918,0.165261686,11.82451171,0,0,0,0,0,0,0,0,0,0,0,0,0,0
18-10-2025,2025,10,October,Saturday,5,1,4,291,0,0,,1,0,0,0,0,0,0.108894236,11,0.50785714,8,1,2.57,1596,10284608,517802,10802410,3.074,3.937225103,7.722024918,11.76814426,0,0,0,0,0,0,0,0,0,0,0,0,0,0
19-10-2025,2025,10,October,Sunday,6,1,4,292,0,0,,1,0,0,0,0,0,0.520422578,11,0.46857142,8,1,2.66,1596,10284608,517802,10802410,2.574,0.108894236,3.937225103,4.566541918,1,0,0,0,0,0,1,0,0,0,0,0,0,0
20-10-2025,2025,10,October,Monday,0,0,4,293,0,1,Diwali (Deepavali),1,0,0,0,0,0,4.544126987,11,0.49767858,8,1,2.72,1596,10284608,517802,10802410,2.803,0.520422578,0.108894236,5.173443802,1,1,0,0,0,0,1,1,0,0,0,0,0,0
21-10-2025,2025,10,October,Tuesday,1,0,4,294,0,0,,0,0,0,0,0,0,10.07847786,11,0.56,8,1,3.07,1596,10284608,517802,10802410,2.261,4.544126987,0.520422578,15.14302742,0,1,1,0,0,0,1,1,0,0,0,0,0,0
22-10-2025,2025,10,October,Wednesday,2,0,4,295,0,0,,0,0,0,0,0,0,8.070281029,11,0.73,8,1,3.31,1596,10284608,517802,10802410,2.156,10.07847786,4.544126987,22.69288588,0,0,0,1,0,0,0,1,0,0,0,0,0,0
23-10-2025,2025,10,October,Thursday,3,0,4,296,0,0,,0,0,0,0,0,0,4.681906223,11,1.0923214,8,1,6.7,1596,10284608,517802,10802410,3.064,8.070281029,10.07847786,22.83066511,0,0,0,0,0,0,0,0,0,0,0,0,0,0
24-10-2025,2025,10,October,Friday,4,0,4,297,0,0,,0,0,0,0,0,0,9.499706268,11,1.6451786,8,1,5.7,1596,10284608,517802,10802410,2.735,4.681906223,8.070281029,22.25189352,0,0,0,0,0,0,0,0,0,0,0,0,0,0
25-10-2025,2025,10,October,Saturday,5,1,4,298,0,0,,1,0,0,0,0,0,51.89448166,11,1.7085714,8,1,5.97,1596,10284608,517802,10802410,2.836,9.499706268,4.681906223,66.07609415,0,0,0,0,0,0,0,0,0,0,0,0,0,0
26-10-2025,2025,10,October,Sunday,6,1,4,299,0,0,,1,0,0,0,0,0,12.82711697,11,1.9089286,8,1,6.34,1596,10284608,517802,10802410,2.693,51.89448166,9.499706268,74.22130489,1,0,0,0,0,0,1,0,0,0,0,0,0,0
27-10-2025,2025,10,October,Monday,0,0,4,300,0,0,,0,0,0,0,0,0,51.13764572,11,2.0292857,8,1,5.72,1596,10284608,517802,10802410,3.46,12.82711697,51.89448166,115.8592443,1,1,0,0,0,0,1,1,0,0,0,0,0,0
28-10-2025,2025,10,October,Tuesday,1,0,4,301,0,0,,0,0,0,0,0,0,7.006349087,11,2.1385715,8,1,5.05,1596,10284608,517802,10802410,3.797,51.13764572,12.82711697,70.97111177,0,1,0,0,0,0,0,1,0,0,0,0,0,0
29-10-2025,2025,10,October,Wednesday,2,0,4,302,0,0,,0,0,0,0,0,0,2.893730402,11,2.0978572,8,1,5.63,1596,10284608,517802,10802410,3.15,7.006349087,51.13764572,61.03772521,0,0,0,0,0,0,0,0,0,0,0,0,0,0
30-10-2025,2025,10,October,Thursday,3,0,4,303,0,0,,0,0,0,0,0,0,39.98119736,11,2.060357,8,1,5.93,1596,10284608,517802,10802410,2.867,2.893730402,7.006349087,49.88127685,0,0,0,0,0,0,0,0,0,0,0,0,0,0
31-10-2025,2025,10,October,Friday,4,0,4,304,0,0,,0,0,0,0,0,0,7.267361641,11,1.7821429,8,1,5.18,1596,10284608,517802,10802410,2.483,39.98119736,2.893730402,50.1422894,0,0,0,0,0,0,0,0,0,0,0,0,0,0
01-11-2025,2025,11,November,Saturday,5,1,4,305,0,0,,1,0,0,0,0,0,27.03461456,11,1.2653571,8,1,4.4,1596,10284608,517802,10802410,3.589,7.267361641,39.98119736,74.28317356,0,0,0,0,0,0,0,0,0,0,0,0,0,0
02-11-2025,2025,11,November,Sunday,6,1,4,306,0,0,,1,0,0,0,0,0,5.766307354,11,0.92303574,8,1,3.16,1596,10284608,517802,10802410,3.59,27.03461456,7.267361641,40.06828356,1,0,0,0,0,0,1,0,0,0,0,0,0,0
03-11-2025,2025,11,November,Monday,0,0,4,307,0,0,,0,0,0,0,0,0,0,11,0.66499996,8,1,2.68,1596,10284608,517802,10802410,3.267,5.766307354,27.03461456,32.80092192,1,1,0,0,0,0,1,1,0,0,0,0,0,0
04-11-2025,2025,11,November,Tuesday,1,0,4,308,0,0,,0,0,0,0,0,0,5.913203239,11,0.6628572,8,1,3.05,1596,10284608,517802,10802410,2.867,0,5.766307354,11.67951059,0,1,0,0,0,0,0,1,0,0,0,0,0,0
05-11-2025,2025,11,November,Wednesday,2,0,4,309,0,0,,0,0,0,0,0,0,0.269993693,11,0.6532143,8,1,3.42,1596,10284608,517802,10802410,2.79,5.913203239,0,6.183196932,0,0,0,0,0,0,0,0,0,0,0,0,0,0
06-11-2025,2025,11,November,Thursday,3,0,4,310,0,0,,0,0,0,0,0,0,0.117942639,11,0.65,8,1,2.84,1596,10284608,517802,10802410,3.308,0.269993693,5.913203239,6.301139571,0,0,0,0,0,0,0,0,0,0,0,0,0,0
07-11-2025,2025,11,November,Friday,4,0,4,311,0,0,,0,0,0,0,0,0,0,11,0.60964286,8,1,2.31,1596,10284608,517802,10802410,3.36,0.117942639,0.269993693,0.387936331,0,0,0,0,0,0,0,0,0,0,0,0,0,0
08-11-2025,2025,11,November,Saturday,5,1,4,312,0,0,,1,0,0,0,0,0,0.060598709,11,0.59232146,8,1,2.64,1596,10284608,517802,10802410,3.838,0,0.117942639,0.178541347,0,0,0,0,0,0,0,0,0,0,0,0,0,0
09-11-2025,2025,11,November,Sunday,6,1,4,313,0,0,,1,0,0,0,0,0,0,11,0.5494643,8,1,3.1,1596,10284608,517802,10802410,3.759,0.060598709,0,0.060598709,1,0,0,0,0,0,1,0,0,0,0,0,0,0
10-11-2025,2025,11,November,Monday,0,0,4,314,0,0,,0,0,0,0,0,0,0,11,0.55214286,8,1,2.85,1596,10284608,517802,10802410,3.708,0,0.060598709,0.060598709,1,1,0,0,0,0,1,1,0,0,0,0,0,0
11-11-2025,2025,11,November,Tuesday,1,0,4,315,0,0,,0,0,0,0,0,0,0,11,0.44928572,8,1,3.47,1596,10284608,517802,10802410,3.112,0,0,0,0,1,0,0,0,0,0,1,0,0,0,0,0,0
12-11-2025,2025,11,November,Wednesday,2,0,4,316,0,0,,0,0,0,0,0,0,0,11,0.38125,8,1,3.46,1596,10284608,517802,10802410,4.312,0,0,0,0,0,0,0,0,0,0,0,0,0,0,0,0,0
13-11-2025,2025,11,November,Thursday,3,0,4,317,0,0,,0,0,0,0,0,0,0,11,0.3605357,8,1,3.91,1596,10284608,517802,10802410,2.884,0,0,0,0,0,0,0,0,0,0,0,0,0,0,0,0,0
14-11-2025,2025,11,November,Friday,4,0,4,318,0,0,,0,0,0,0,0,0,0,11,0.3948214,8,1,4.54,1596,10284608,517802,10802410,3.621,0,0,0,0,0,0,0,0,0,0,0,0,0,0,0,0,0
15-11-2025,2025,11,November,Saturday,5,1,4,319,0,0,,1,0,0,0,0,0,0,11,0.44982144,8,1,3.99,1596,10284608,517802,10802410,4.422,0,0,0,0,0,0,0,0,0,0,0,0,0,0,0,0,0
16-11-2025,2025,11,November,Sunday,6,1,4,320,0,0,,1,0,0,0,0,0,0,11,0.57928574,8,1,4.39,1596,10284608,517802,10802410,3.591,0,0,0,1,0,0,0,0,0,1,0,0,0,0,0,0,0
17-11-2025,2025,11,November,Monday,0,0,4,321,0,0,,0,0,0,0,0,0,0,11,0.70214283,8,1,4.56,1596,10284608,517802,10802410,4.752,0,0,0,1,1,0,0,0,0,1,1,0,0,0,0,0,0
18-11-2025,2025,11,November,Tuesday,1,0,4,322,0,0,,0,0,0,0,0,0,0,11,0.60821426,8,1,4.33,1596,10284608,517802,10802410,4.393,0,0,0,0,1,0,0,0,0,0,1,0,0,0,0,0,0
19-11-2025,2025,11,November,Wednesday,2,0,4,323,0,0,,0,0,0,0,0,0,0,11,0.52089286,8,1,3.61,1596,10284608,517802,10802410,4.267,0,0,0,0,0,0,0,0,0,0,0,0,0,0,0,0,0
20-11-2025,2025,11,November,Thursday,3,0,4,324,0,0,,0,0,0,0,0,0,0,11,0.48035717,8,1,4.1,1596,10284608,517802,10802410,3.663,0,0,0,0,0,0,0,0,0,0,0,0,0,0,0,0,0
21-11-2025,2025,11,November,Friday,4,0,4,325,0,0,,0,0,0,0,0,0,0,11,0.4905357,8,1,3.3,1596,10284608,517802,10802410,5.61,0,0,0,0,0,0,0,0,0,0,0,0,0,0,0,0,0
22-11-2025,2025,11,November,Saturday,5,1,4,326,0,0,,1,0,0,0,0,0,0,11,0.44267857,8,1,3.23,1596,10284608,517802,10802410,3.304,0,0,0,0,0,0,0,0,0,0,0,0,0,0,0,0,0
23-11-2025,2025,11,November,Sunday,6,1,4,327,0,0,,1,0,0,0,0,0,0,11,0.42464286,8,1,2.91,1596,10284608,517802,10802410,3.684,0,0,0,1,0,0,0,0,0,1,0,0,0,0,0,0,0
24-11-2025,2025,11,November,Monday,0,0,4,328,0,0,,0,0,0,0,0,0,0,11,0.41339284,8,1,3.2,1596,10284608,517802,10802410,2.379,0,0,0,1,1,0,0,0,0,1,1,0,0,0,0,0,0
25-11-2025,2025,11,November,Tuesday,1,0,4,329,0,0,,0,0,0,0,0,0,0.830636978,11,0.41482142,8,1,3.37,1596,10284608,517802,10802410,3.609,0,0,0.830636978,0,1,0,0,0,0,0,1,0,0,0,0,0,0
26-11-2025,2025,11,November,Wednesday,2,0,4,330,0,0,,0,0,0,0,0,0,0,11,0.45767856,8,1,3.93,1596,10284608,517802,10802410,2.931,0.830636978,0,0.830636978,0,0,0,0,0,0,0,0,0,0,0,0,0,0
27-11-2025,2025,11,November,Thursday,3,0,4,331,0,0,,0,0,0,0,0,0,0,11,0.5296428,8,1,3.84,1596,10284608,517802,10802410,3.449,0,0.830636978,0.830636978,0,0,0,0,0,0,0,0,0,0,0,0,0,0
28-11-2025,2025,11,November,Friday,4,0,4,332,0,0,,0,0,0,0,0,0,0,11,0.58107144,8,1,3.84,1596,10284608,517802,10802410,3.802,0,0,0,0,0,0,0,0,0,0,0,0,0,0,0,0,0
29-11-2025,2025,11,November,Saturday,5,1,4,333,0,0,,1,0,0,0,0,0,0,11,0.60482144,8,1,3.27,1596,10284608,517802,10802410,4.096,0,0,0,0,0,0,0,0,0,0,0,0,0,0,0,0,0
30-11-2025,2025,11,November,Sunday,6,1,4,334,0,0,,1,0,0,0,0,0,0,11,0.5871428,8,1,3.33,1596,10284608,517802,10802410,4.362,0,0,0,1,0,0,0,0,0,1,0,0,0,0,0,0,0
01-12-2025,2025,12,December,Monday,0,0,4,335,0,0,,0,0,0,0,0,0,0,11,0.53571427,8,1,3.18,1596,10284608,517802,10802410,4.664,0,0,0,1,1,0,0,0,0,1,1,0,0,0,0,0,0
02-12-2025,2025,12,December,Tuesday,1,0,4,336,0,0,,0,0,0,0,0,0,0,11,0.5973214,8,1,3,1596,10284608,517802,10802410,3.771,0,0,0,0,1,0,0,0,0,0,1,0,0,0,0,0,0
03-12-2025,2025,12,December,Wednesday,2,0,4,337,0,1,Feast of St. Francis Xavier,1,0,0,0,0,0,0,11,0.65999997,8,1,3.23,1596,10284608,517802,10802410,3.693,0,0,0,0,0,0,0,0,0,0,0,0,0,0,0,0,0
04-12-2025,2025,12,December,Thursday,3,0,4,338,0,0,,0,0,0,0,0,0,0,11,0.57589287,8,1,3.11,1596,10284608,517802,10802410,3.095,0,0,0,0,0,1,0,0,0,1,0,0,0,0,0,0,0
05-12-2025,2025,12,December,Friday,4,0,4,339,0,0,,0,0,0,0,0,0,0,11,0.5132143,8,1,4.07,1596,10284608,517802,10802410,3.643,0,0,0,0,0,0,1,0,0,0,1,0,0,0,0,0,0
06-12-2025,2025,12,December,Saturday,5,1,4,340,0,0,,1,0,0,0,0,0,0,11,0.46892858,8,1,3.72,1596,10284608,517802,10802410,4.069,0,0,0,0,0,0,0,0,0,0,0,0,0,0,0,0,0
07-12-2025,2025,12,December,Sunday,6,1,4,341,0,0,,1,0,0,0,0,0,0,11,0.4607143,8,1,3.23,1596,10284608,517802,10802410,4.154,0,0,0,1,0,0,0,0,0,1,0,0,0,0,0,0,0
08-12-2025,2025,12,December,Monday,0,0,4,342,0,0,,0,0,0,0,0,0,0,11,0.49196428,8,1,4.07,1596,10284608,517802,10802410,2.656,0,0,0,1,1,0,0,0,0,1,1,0,0,0,0,0,0
09-12-2025,2025,12,December,Tuesday,1,0,4,343,0,0,,0,0,0,0,0,0,0,11,0.47178572,8,1,3.95,1596,10284608,517802,10802410,5.232,0,0,0,0,1,0,0,0,0,0,1,0,0,0,0,0,0
10-12-2025,2025,12,December,Wednesday,2,0,4,344,0,0,,0,0,0,0,0,0,0,11,0.4851786,8,1,4.35,1596,10284608,517802,10802410,3.93,0,0,0,0,0,0,0,0,0,0,0,0,0,0,0,0,0
11-12-2025,2025,12,December,Thursday,3,0,4,345,0,0,,0,0,0,0,0,0,0,11,0.47214288,8,1,4.14,1596,10284608,517802,10802410,3.641,0,0,0,0,0,0,0,0,0,0,0,0,0,0,0,0,0
12-12-2025,2025,12,December,Friday,4,0,4,346,0,0,,0,0,0,0,0,0,0,11,0.4244643,8,1,3.95,1596,10284608,517802,10802410,4.071,0,0,0,0,0,0,0,0,0,0,0,0,0,0,0,0,0
13-12-2025,2025,12,December,Saturday,5,1,4,347,0,0,,1,0,0,0,0,0,0,11,0.3730357,8,1,3.24,1596,10284608,517802,10802410,3.526,0,0,0,0,0,0,0,0,0,0,0,0,0,0,0,0,0
14-12-2025,2025,12,December,Sunday,6,1,4,348,0,0,,1,0,0,0,0,0,0,11,0.3569643,8,1,3.5,1596,10284608,517802,10802410,5.097,0,0,0,1,0,0,0,0,0,1,0,0,0,0,0,0,0
15-12-2025,2025,12,December,Monday,0,0,4,349,0,0,,0,0,0,0,0,0,0,11,0.3575,8,1,3.47,1596,10284608,517802,10802410,4.448,0,0,0,1,1,0,0,0,0,1,1,0,0,0,0,0,0
16-12-2025,2025,12,December,Tuesday,1,0,4,350,0,0,,0,0,0,0,0,0,0,11,0.4126786,8,1,3.73,1596,10284608,517802,10802410,4.379,0,0,0,0,1,0,0,0,0,0,1,0,0,0,0,0,0
17-12-2025,2025,12,December,Wednesday,2,0,4,351,0,0,,0,0,0,0,0,0,0,11,0.4517857,8,1,3.16,1596,10284608,517802,10802410,6.011,0,0,0,0,0,0,0,0,0,0,0,0,0,0,0,0,0
18-12-2025,2025,12,December,Thursday,3,0,4,352,0,0,,0,0,0,0,0,0,0,11,0.5330357,8,1,3.71,1596,10284608,517802,10802410,6.295,0,0,0,0,0,0,0,0,0,0,0,0,0,0,0,0,0
19-12-2025,2025,12,December,Friday,4,0,4,353,0,1,Goa Liberation Day,1,0,0,0,0,0,0,11,0.44410715,8,1,3.68,1596,10284608,517802,10802410,5.111,0,0,0,0,0,0,0,0,0,0,0,0,0,0,0,0,0
20-12-2025,2025,12,December,Saturday,5,1,4,354,0,0,,1,0,0,0,0,0,0,11,0.4151786,8,1,3.44,1596,10284608,517802,10802410,5.256,0,0,0,0,0,1,0,0,0,1,0,0,0,0,0,0,0
21-12-2025,2025,12,December,Sunday,6,1,4,355,0,0,,1,0,0,0,0,0,0,11,0.4567857,8,1,3.9,1596,10284608,517802,10802410,5.763,0,0,0,1,0,0,1,0,0,1,1,0,0,0,0,0,0
22-12-2025,2025,12,December,Monday,0,0,4,356,0,0,,0,0,0,0,0,0,0,11,0.47303572,8,1,3.31,1596,10284608,517802,10802410,6.178,0,0,0,1,1,0,0,0,0,1,1,0,0,0,0,0,0
23-12-2025,2025,12,December,Tuesday,1,0,4,357,0,0,,0,0,0,0,0,0,0,11,0.50107145,8,1,3.18,1596,10284608,517802,10802410,5.669,0,0,0,0,1,0,0,0,0,0,1,0,0,0,0,0,0
24-12-2025,2025,12,December,Wednesday,2,0,4,358,0,0,,0,0,0,0,0,0,0,11,0.50624996,8,1,3.45,1596,10284608,517802,10802410,5.289,0,0,0,0,0,0,0,0,0,0,0,0,0,0,0,0,0
25-12-2025,2025,12,December,Thursday,3,0,4,359,0,1,Christmas Day,1,0,0,0,0,0,0,11,0.47625,8,1,3.28,1596,10284608,517802,10802410,7.135,0,0,0,0,0,0,0,0,0,0,0,0,0,0,0,0,0
26-12-2025,2025,12,December,Friday,4,0,4,360,0,0,,0,0,0,0,0,0,0,11,0.45160714,8,1,2.7,1596,10284608,517802,10802410,6.259,0,0,0,0,0,1,0,0,0,1,0,0,0,0,0,0,0
27-12-2025,2025,12,December,Saturday,5,1,4,361,0,0,,1,0,0,0,0,0,0,11,0.4860714,8,1,2.96,1596,10284608,517802,10802410,11.164,0,0,0,0,0,0,1,0,0,0,1,0,0,0,0,0,0
28-12-2025,2025,12,December,Sunday,6,1,4,362,0,0,,1,0,0,0,0,0,0,11,0.4757143,8,1,3.33,1596,10284608,517802,10802410,7.668,0,0,0,1,0,0,0,0,0,1,0,0,0,0,0,0,0
29-12-2025,2025,12,December,Monday,0,0,4,363,0,0,,0,0,0,0,0,0,0,11,0.45160717,8,1,3.76,1596,10284608,517802,10802410,8.495,0,0,0,1,1,0,0,0,0,1,1,0,0,0,0,0,0
30-12-2025,2025,12,December,Tuesday,1,0,4,364,0,0,,0,0,0,0,0,0,0,11,0.445,8,1,3.42,1596,10284608,517802,10802410,7.093,0,0,0,0,1,0,0,0,0,0,1,0,0,0,0,0,0
31-12-2025,2025,12,December,Wednesday,2,0,4,365,0,0,,0,0,0,0,0,0,0,11,,1,0,4.16,1596,10284608,517802,10802410,7.228,0,0,0,0,0,0,0,0,0,0,0,0,0,0,0,0,0
